#
# There is insufficient memory for the Java Runtime Environment to continue.
# Native memory allocation (mmap) failed to map 629145600 bytes. Error detail: G1 virtual space
# Possible reasons:
#   The system is out of physical RAM or swap space
#   This process is running with CompressedOops enabled, and the Java Heap may be blocking the growth of the native heap
# Possible solutions:
#   Reduce memory load on the system
#   Increase physical memory or swap space
#   Check if swap backing store is full
#   Decrease Java heap size (-Xmx/-Xms)
#   Decrease number of Java threads
#   Decrease Java thread stack sizes (-Xss)
#   Set larger code cache with -XX:ReservedCodeCacheSize=
#   JVM is running with Zero Based Compressed Oops mode in which the Java heap is
#     placed in the first 32GB address space. The Java Heap base address is the
#     maximum limit for the native heap growth. Please use -XX:HeapBaseMinAddress
#     to set the Java Heap base and to place the Java Heap above 32GB virtual address.
# This output file may be truncated or incomplete.
#
#  Out of Memory Error (os_windows.cpp:3618), pid=2948, tid=11324
#
# JRE version: OpenJDK Runtime Environment Temurin-17.0.18+8 (17.0.18+8) (build 17.0.18+8)
# Java VM: OpenJDK 64-Bit Server VM Temurin-17.0.18+8 (17.0.18+8, mixed mode, sharing, tiered, compressed oops, compressed class ptrs, g1 gc, windows-amd64)
# No core dump will be written. Minidumps are not enabled by default on client versions of Windows
#

---------------  S U M M A R Y ------------

Command Line: --add-opens=java.base/java.lang=ALL-UNNAMED --add-opens=java.base/java.lang.invoke=ALL-UNNAMED --add-opens=java.base/java.util=ALL-UNNAMED --add-opens=java.prefs/java.util.prefs=ALL-UNNAMED --add-exports=jdk.compiler/com.sun.tools.javac.api=ALL-UNNAMED --add-exports=jdk.compiler/com.sun.tools.javac.util=ALL-UNNAMED --add-opens=java.base/java.util=ALL-UNNAMED --add-opens=java.prefs/java.util.prefs=ALL-UNNAMED --add-opens=java.base/java.nio.charset=ALL-UNNAMED --add-opens=java.base/java.net=ALL-UNNAMED --add-opens=java.base/java.util.concurrent=ALL-UNNAMED --add-opens=java.base/java.util.concurrent.atomic=ALL-UNNAMED --add-opens=java.xml/javax.xml.namespace=ALL-UNNAMED -XX:MaxMetaspaceSize=512m --enable-native-access=ALL-UNNAMED -Xmx4096m -Dfile.encoding=UTF-8 -Duser.country=IN -Duser.language=en -Duser.variant -javaagent:C:\Users\hp\.gradle\wrapper\dists\gradle-9.0.0-bin\d6wjpkvcgsg3oed0qlfss3wgl\gradle-9.0.0\lib\agents\gradle-instrumentation-agent-9.0.0.jar org.gradle.launcher.daemon.bootstrap.GradleDaemon 9.0.0

Host: 11th Gen Intel(R) Core(TM) i7-11370H @ 3.30GHz, 8 cores, 15G,  Windows 11 , 64 bit Build 26100 (10.0.26100.8328)
Time: Fri May  8 20:12:05 2026 India Standard Time elapsed time: 45.766652 seconds (0d 0h 0m 45s)

---------------  T H R E A D  ---------------

Current thread (0x0000022f40567a70):  VMThread "VM Thread" [stack: 0x0000006396000000,0x0000006396100000] [id=11324]

Stack: [0x0000006396000000,0x0000006396100000]
Native frames: (J=compiled Java code, j=interpreted, Vv=VM code, C=native code)
V  [jvm.dll+0x6846f9]
V  [jvm.dll+0x839ea5]
V  [jvm.dll+0x83b91e]
V  [jvm.dll+0x83bfa3]
V  [jvm.dll+0x248eff]
V  [jvm.dll+0x6814b9]
V  [jvm.dll+0x6762ba]
V  [jvm.dll+0x309257]
V  [jvm.dll+0x310826]
V  [jvm.dll+0x360d9e]
V  [jvm.dll+0x360fdd]
V  [jvm.dll+0x2e02dc]
V  [jvm.dll+0x2de6b2]
V  [jvm.dll+0x2dde4c]
V  [jvm.dll+0x320aeb]
V  [jvm.dll+0x8407bd]
V  [jvm.dll+0x8414f3]
V  [jvm.dll+0x841a1f]
V  [jvm.dll+0x841e05]
V  [jvm.dll+0x841ece]
V  [jvm.dll+0x7eaaec]
V  [jvm.dll+0x6835c7]
C  [ucrtbase.dll+0x37b0]
C  [KERNEL32.DLL+0x2e957]
C  [ntdll.dll+0x427c]

VM_Operation (0x00000063a14fdee0): G1CollectForAllocation, mode: safepoint, requested by thread 0x0000022f680a6970


---------------  P R O C E S S  ---------------

Threads class SMR info:
_java_thread_list=0x0000022f6f45b000, length=167, elements={
0x0000022f1b7efa60, 0x0000022f4056ba50, 0x0000022f4056ef50, 0x0000022f40581000,
0x0000022f405814e0, 0x0000022f405819c0, 0x0000022f40587ec0, 0x0000022f4058cd00,
0x0000022f4059a740, 0x0000022f4059cc80, 0x0000022f40558b20, 0x0000022f408f5e30,
0x0000022f61c06050, 0x0000022f60ad3060, 0x0000022f61535970, 0x0000022f60c4a400,
0x0000022f61d06310, 0x0000022f61d04ed0, 0x0000022f61d03580, 0x0000022f61d06820,
0x0000022f61d03070, 0x0000022f61d058f0, 0x0000022f61d03a90, 0x0000022f61d05e00,
0x0000022f61d03fa0, 0x0000022f61d044b0, 0x0000022f61d049c0, 0x0000022f61d053e0,
0x0000022f64014bf0, 0x0000022f64016f60, 0x0000022f64016a50, 0x0000022f64017470,
0x0000022f64016030, 0x0000022f64016540, 0x0000022f640141d0, 0x0000022f640192d0,
0x0000022f64018dc0, 0x0000022f640197e0, 0x0000022f64019cf0, 0x0000022f6401a200,
0x0000022f6401a710, 0x0000022f640183a0, 0x0000022f6401ac20, 0x0000022f6401b130,
0x0000022f6401b640, 0x0000022f640188b0, 0x0000022f654e58b0, 0x0000022f654e8130,
0x0000022f654e7710, 0x0000022f654e67e0, 0x0000022f654e7200, 0x0000022f654e7c20,
0x0000022f654e9060, 0x0000022f654e62d0, 0x0000022f654e6cf0, 0x0000022f654e8640,
0x0000022f654e8b50, 0x0000022f654e9570, 0x0000022f654e5dc0, 0x0000022f654e9a80,
0x0000022f654ea9b0, 0x0000022f654ed230, 0x0000022f654eb8e0, 0x0000022f654ecd20,
0x0000022f654ebdf0, 0x0000022f654ec300, 0x0000022f654ec810, 0x0000022f66840880,
0x0000022f6683ef30, 0x0000022f6683fe60, 0x0000022f66840d90, 0x0000022f668412a0,
0x0000022f66842bf0, 0x0000022f6683f440, 0x0000022f6683f950, 0x0000022f668417b0,
0x0000022f66841cc0, 0x0000022f668421d0, 0x0000022f668426e0, 0x0000022f66840370,
0x0000022f66845e90, 0x0000022f668463a0, 0x0000022f66844030, 0x0000022f668468b0,
0x0000022f66843610, 0x0000022f66843100, 0x0000022f66844540, 0x0000022f66844a50,
0x0000022f66843b20, 0x0000022f66844f60, 0x0000022f66845470, 0x0000022f66845980,
0x0000022f603dfa80, 0x0000022f603df570, 0x0000022f603e18e0, 0x0000022f603df060,
0x0000022f603dff90, 0x0000022f603e04a0, 0x0000022f603e09b0, 0x0000022f603e1df0,
0x0000022f603e13d0, 0x0000022f603e0ec0, 0x0000022f603e2300, 0x0000022f603e2810,
0x0000022f64cc3bc0, 0x0000022f64cc45e0, 0x0000022f64cc1d60, 0x0000022f64cc2c90,
0x0000022f64cc31a0, 0x0000022f64cc2270, 0x0000022f64cc4af0, 0x0000022f64cc1340,
0x0000022f64cc5000, 0x0000022f64cc1850, 0x0000022f64cc5a20, 0x0000022f64cc40d0,
0x0000022f64cc5f30, 0x0000022f64cc2780, 0x0000022f64cc6950, 0x0000022f64cc5510,
0x0000022f64cc6440, 0x0000022f64cc6e60, 0x0000022f64cc36b0, 0x0000022f64cc7d90,
0x0000022f64cc7370, 0x0000022f64cc82a0, 0x0000022f64cc7880, 0x0000022f64cc87b0,
0x0000022f64cc8cc0, 0x0000022f60330f40, 0x0000022f60330a30, 0x0000022f60332380,
0x0000022f60333cd0, 0x0000022f603341e0, 0x0000022f60331e70, 0x0000022f603346f0,
0x0000022f60334c00, 0x0000022f60332890, 0x0000022f60331450, 0x0000022f60332da0,
0x0000022f60335110, 0x0000022f60336550, 0x0000022f60336f70, 0x0000022f603337c0,
0x0000022f60337990, 0x0000022f600b3300, 0x0000022f600b3810, 0x0000022f600b3d20,
0x0000022f600b6fc0, 0x0000022f60337480, 0x0000022f60337ea0, 0x0000022f64017980,
0x0000022f640146e0, 0x0000022f680a78a0, 0x0000022f680a5f50, 0x0000022f680a91f0,
0x0000022f680a87d0, 0x0000022f680a5a40, 0x0000022f680a9c10, 0x0000022f680a8ce0,
0x0000022f680a6460, 0x0000022f680a9700, 0x0000022f680aa120, 0x0000022f680a7390,
0x0000022f680a6970, 0x0000022f60c68b20, 0x0000022f60c685d0
}

Java Threads: ( => current thread )
  0x0000022f1b7efa60 JavaThread "main" [_thread_blocked, id=11564, stack(0x0000006395a00000,0x0000006395b00000)]
  0x0000022f4056ba50 JavaThread "Reference Handler" daemon [_thread_blocked, id=33692, stack(0x0000006396100000,0x0000006396200000)]
  0x0000022f4056ef50 JavaThread "Finalizer" daemon [_thread_blocked, id=32196, stack(0x0000006396200000,0x0000006396300000)]
  0x0000022f40581000 JavaThread "Signal Dispatcher" daemon [_thread_blocked, id=27936, stack(0x0000006396300000,0x0000006396400000)]
  0x0000022f405814e0 JavaThread "Attach Listener" daemon [_thread_blocked, id=10112, stack(0x0000006396400000,0x0000006396500000)]
  0x0000022f405819c0 JavaThread "Service Thread" daemon [_thread_blocked, id=1840, stack(0x0000006396500000,0x0000006396600000)]
  0x0000022f40587ec0 JavaThread "Monitor Deflation Thread" daemon [_thread_blocked, id=34580, stack(0x0000006396600000,0x0000006396700000)]
  0x0000022f4058cd00 JavaThread "C2 CompilerThread0" daemon [_thread_blocked, id=17544, stack(0x0000006396700000,0x0000006396800000)]
  0x0000022f4059a740 JavaThread "C1 CompilerThread0" daemon [_thread_blocked, id=15644, stack(0x0000006396800000,0x0000006396900000)]
  0x0000022f4059cc80 JavaThread "Sweeper thread" daemon [_thread_blocked, id=18700, stack(0x0000006396900000,0x0000006396a00000)]
  0x0000022f40558b20 JavaThread "Common-Cleaner" daemon [_thread_blocked, id=2636, stack(0x0000006396a00000,0x0000006396b00000)]
  0x0000022f408f5e30 JavaThread "Notification Thread" daemon [_thread_blocked, id=21704, stack(0x0000006396b00000,0x0000006396c00000)]
  0x0000022f61c06050 JavaThread "Daemon health stats" [_thread_blocked, id=7920, stack(0x0000006397400000,0x0000006397500000)]
  0x0000022f60ad3060 JavaThread "Incoming local TCP Connector on port 49682" [_thread_in_native, id=13436, stack(0x0000006397500000,0x0000006397600000)]
  0x0000022f61535970 JavaThread "Daemon periodic checks" [_thread_blocked, id=2324, stack(0x0000006397600000,0x0000006397700000)]
  0x0000022f60c4a400 JavaThread "Daemon" [_thread_blocked, id=32536, stack(0x0000006397700000,0x0000006397800000)]
  0x0000022f61d06310 JavaThread "Handler for socket connection from /127.0.0.1:49682 to /127.0.0.1:49683" [_thread_in_native, id=18832, stack(0x0000006397800000,0x0000006397900000)]
  0x0000022f61d04ed0 JavaThread "Cancel handler" [_thread_blocked, id=33456, stack(0x0000006397900000,0x0000006397a00000)]
  0x0000022f61d03580 JavaThread "Daemon worker" [_thread_blocked, id=13408, stack(0x0000006397a00000,0x0000006397b00000)]
  0x0000022f61d06820 JavaThread "Asynchronous log dispatcher for DefaultDaemonConnection: socket connection from /127.0.0.1:49682 to /127.0.0.1:49683" [_thread_blocked, id=16864, stack(0x0000006397b00000,0x0000006397c00000)]
  0x0000022f61d03070 JavaThread "Stdin handler" [_thread_blocked, id=19772, stack(0x0000006397c00000,0x0000006397d00000)]
  0x0000022f61d058f0 JavaThread "Daemon client event forwarder" [_thread_blocked, id=9828, stack(0x0000006397d00000,0x0000006397e00000)]
  0x0000022f61d03a90 JavaThread "Cache worker for journal cache (C:\Users\hp\.gradle\caches\journal-1)" [_thread_blocked, id=27476, stack(0x0000006397e00000,0x0000006397f00000)]
  0x0000022f61d05e00 JavaThread "File lock request listener" [_thread_in_native, id=15888, stack(0x0000006397f00000,0x0000006398000000)]
  0x0000022f61d03fa0 JavaThread "Cache worker for file hash cache (C:\Users\hp\.gradle\caches\9.0.0\fileHashes)" [_thread_blocked, id=27860, stack(0x0000006398000000,0x0000006398100000)]
  0x0000022f61d044b0 JavaThread "Cache worker for file hash cache (D:\RNProjs\UISApp\GroceryApp\android\.gradle\9.0.0\fileHashes)" [_thread_blocked, id=20156, stack(0x0000006398300000,0x0000006398400000)]
  0x0000022f61d049c0 JavaThread "Cache worker for Build Output Cleanup Cache (D:\RNProjs\UISApp\GroceryApp\android\.gradle\buildOutputCleanup)" [_thread_blocked, id=25852, stack(0x0000006398400000,0x0000006398500000)]
  0x0000022f61d053e0 JavaThread "File watcher server" daemon [_thread_blocked, id=31384, stack(0x0000006398500000,0x0000006398600000)]
  0x0000022f64014bf0 JavaThread "File watcher consumer" daemon [_thread_blocked, id=27220, stack(0x0000006398600000,0x0000006398700000)]
  0x0000022f64016f60 JavaThread "Cache worker for checksums cache (D:\RNProjs\UISApp\GroceryApp\android\.gradle\9.0.0\checksums)" [_thread_blocked, id=30820, stack(0x0000006398700000,0x0000006398800000)]
  0x0000022f64016a50 JavaThread "Cache worker for file content cache (C:\Users\hp\.gradle\caches\9.0.0\fileContent)" [_thread_blocked, id=34828, stack(0x0000006398800000,0x0000006398900000)]
  0x0000022f64017470 JavaThread "Cache worker for cache directory md-supplier (C:\Users\hp\.gradle\caches\9.0.0\md-supplier)" [_thread_blocked, id=21664, stack(0x0000006398b00000,0x0000006398c00000)]
  0x0000022f64016030 JavaThread "Cache worker for cache directory md-rule (C:\Users\hp\.gradle\caches\9.0.0\md-rule)" [_thread_blocked, id=31172, stack(0x0000006398c00000,0x0000006398d00000)]
  0x0000022f64016540 JavaThread "jar transforms" [_thread_blocked, id=4380, stack(0x0000006398d00000,0x0000006398e00000)]
  0x0000022f640141d0 JavaThread "Cache worker for Build Output Cleanup Cache (D:\RNProjs\UISApp\GroceryApp\node_modules\@react-native\gradle-plugin\.gradle\buildOutputCleanup)" [_thread_blocked, id=35416, stack(0x0000006398e00000,0x0000006398f00000)]
  0x0000022f640192d0 JavaThread "Unconstrained build operations" [_thread_blocked, id=16028, stack(0x0000006398a00000,0x0000006398b00000)]
  0x0000022f64018dc0 JavaThread "Unconstrained build operations Thread 2" [_thread_blocked, id=15680, stack(0x0000006398f00000,0x0000006399000000)]
  0x0000022f640197e0 JavaThread "Unconstrained build operations Thread 3" [_thread_blocked, id=14772, stack(0x0000006399000000,0x0000006399100000)]
  0x0000022f64019cf0 JavaThread "Unconstrained build operations Thread 4" [_thread_blocked, id=16364, stack(0x0000006399100000,0x0000006399200000)]
  0x0000022f6401a200 JavaThread "Unconstrained build operations Thread 5" [_thread_blocked, id=28500, stack(0x0000006399200000,0x0000006399300000)]
  0x0000022f6401a710 JavaThread "Unconstrained build operations Thread 6" [_thread_blocked, id=28732, stack(0x0000006399300000,0x0000006399400000)]
  0x0000022f640183a0 JavaThread "Unconstrained build operations Thread 7" [_thread_blocked, id=8800, stack(0x0000006399500000,0x0000006399600000)]
  0x0000022f6401ac20 JavaThread "Unconstrained build operations Thread 8" [_thread_blocked, id=17068, stack(0x0000006399600000,0x0000006399700000)]
  0x0000022f6401b130 JavaThread "Unconstrained build operations Thread 9" [_thread_blocked, id=25868, stack(0x0000006399700000,0x0000006399800000)]
  0x0000022f6401b640 JavaThread "Unconstrained build operations Thread 10" [_thread_blocked, id=28212, stack(0x0000006399800000,0x0000006399900000)]
  0x0000022f640188b0 JavaThread "Unconstrained build operations Thread 11" [_thread_blocked, id=7708, stack(0x0000006399900000,0x0000006399a00000)]
  0x0000022f654e58b0 JavaThread "Unconstrained build operations Thread 12" [_thread_blocked, id=34224, stack(0x0000006399a00000,0x0000006399b00000)]
  0x0000022f654e8130 JavaThread "Unconstrained build operations Thread 13" [_thread_blocked, id=7952, stack(0x0000006399b00000,0x0000006399c00000)]
  0x0000022f654e7710 JavaThread "Unconstrained build operations Thread 14" [_thread_blocked, id=34088, stack(0x0000006399c00000,0x0000006399d00000)]
  0x0000022f654e67e0 JavaThread "Unconstrained build operations Thread 15" [_thread_blocked, id=1336, stack(0x0000006399d00000,0x0000006399e00000)]
  0x0000022f654e7200 JavaThread "Unconstrained build operations Thread 16" [_thread_blocked, id=17192, stack(0x0000006399e00000,0x0000006399f00000)]
  0x0000022f654e7c20 JavaThread "Unconstrained build operations Thread 17" [_thread_blocked, id=34428, stack(0x0000006399f00000,0x000000639a000000)]
  0x0000022f654e9060 JavaThread "Unconstrained build operations Thread 18" [_thread_blocked, id=15596, stack(0x000000639a000000,0x000000639a100000)]
  0x0000022f654e62d0 JavaThread "Unconstrained build operations Thread 19" [_thread_blocked, id=30836, stack(0x000000639a100000,0x000000639a200000)]
  0x0000022f654e6cf0 JavaThread "Unconstrained build operations Thread 20" [_thread_blocked, id=15196, stack(0x000000639a200000,0x000000639a300000)]
  0x0000022f654e8640 JavaThread "Unconstrained build operations Thread 21" [_thread_blocked, id=9616, stack(0x000000639a300000,0x000000639a400000)]
  0x0000022f654e8b50 JavaThread "Unconstrained build operations Thread 22" [_thread_blocked, id=33212, stack(0x000000639a400000,0x000000639a500000)]
  0x0000022f654e9570 JavaThread "Unconstrained build operations Thread 23" [_thread_blocked, id=12992, stack(0x000000639a500000,0x000000639a600000)]
  0x0000022f654e5dc0 JavaThread "Unconstrained build operations Thread 24" [_thread_blocked, id=14796, stack(0x000000639a600000,0x000000639a700000)]
  0x0000022f654e9a80 JavaThread "Unconstrained build operations Thread 25" [_thread_blocked, id=12460, stack(0x000000639a700000,0x000000639a800000)]
  0x0000022f654ea9b0 JavaThread "Unconstrained build operations Thread 26" [_thread_blocked, id=19504, stack(0x000000639a800000,0x000000639a900000)]
  0x0000022f654ed230 JavaThread "Unconstrained build operations Thread 27" [_thread_blocked, id=17476, stack(0x000000639a900000,0x000000639aa00000)]
  0x0000022f654eb8e0 JavaThread "build event listener" [_thread_blocked, id=17128, stack(0x0000006396d00000,0x0000006396e00000)]
  0x0000022f654ecd20 JavaThread "Memory manager" [_thread_blocked, id=9172, stack(0x0000006399400000,0x0000006399500000)]
  0x0000022f654ebdf0 JavaThread "ForkJoinPool.commonPool-worker-1" daemon [_thread_blocked, id=9124, stack(0x000000639ac00000,0x000000639ad00000)]
  0x0000022f654ec300 JavaThread "ForkJoinPool.commonPool-worker-2" daemon [_thread_blocked, id=7904, stack(0x000000639ad00000,0x000000639ae00000)]
  0x0000022f654ec810 JavaThread "ForkJoinPool.commonPool-worker-3" daemon [_thread_blocked, id=17840, stack(0x000000639ae00000,0x000000639af00000)]
  0x0000022f66840880 JavaThread "ForkJoinPool.commonPool-worker-4" daemon [_thread_blocked, id=31072, stack(0x000000639af00000,0x000000639b000000)]
  0x0000022f6683ef30 JavaThread "ForkJoinPool.commonPool-worker-5" daemon [_thread_blocked, id=29716, stack(0x000000639b000000,0x000000639b100000)]
  0x0000022f6683fe60 JavaThread "ForkJoinPool.commonPool-worker-6" daemon [_thread_blocked, id=14656, stack(0x000000639b100000,0x000000639b200000)]
  0x0000022f66840d90 JavaThread "ForkJoinPool.commonPool-worker-7" daemon [_thread_blocked, id=30080, stack(0x000000639b200000,0x000000639b300000)]
  0x0000022f668412a0 JavaThread "Exec process" daemon [_thread_blocked, id=35492, stack(0x000000639b300000,0x000000639b400000)]
  0x0000022f66842bf0 JavaThread "Exec process Thread 2" daemon [_thread_blocked, id=30468, stack(0x000000639b400000,0x000000639b500000)]
  0x0000022f6683f440 JavaThread "Exec process Thread 3" daemon [_thread_blocked, id=23024, stack(0x000000639b500000,0x000000639b600000)]
  0x0000022f6683f950 JavaThread "included builds" [_thread_blocked, id=21824, stack(0x000000639b600000,0x000000639b700000)]
  0x0000022f668417b0 JavaThread "Execution worker" [_thread_blocked, id=21280, stack(0x000000639b700000,0x000000639b800000)]
  0x0000022f66841cc0 JavaThread "Execution worker Thread 2" [_thread_blocked, id=9704, stack(0x000000639b800000,0x000000639b900000)]
  0x0000022f668421d0 JavaThread "Execution worker Thread 3" [_thread_blocked, id=4036, stack(0x000000639b900000,0x000000639ba00000)]
  0x0000022f668426e0 JavaThread "Execution worker Thread 4" [_thread_blocked, id=34940, stack(0x000000639ba00000,0x000000639bb00000)]
  0x0000022f66840370 JavaThread "Execution worker Thread 5" [_thread_blocked, id=16284, stack(0x000000639bb00000,0x000000639bc00000)]
  0x0000022f66845e90 JavaThread "Execution worker Thread 6" [_thread_blocked, id=27792, stack(0x000000639bc00000,0x000000639bd00000)]
  0x0000022f668463a0 JavaThread "Execution worker Thread 7" [_thread_blocked, id=24184, stack(0x000000639bd00000,0x000000639be00000)]
  0x0000022f66844030 JavaThread "Cache worker for execution history cache (D:\RNProjs\UISApp\GroceryApp\node_modules\@react-native\gradle-plugin\.gradle\9.0.0\executionHistory)" [_thread_blocked, id=20796, stack(0x000000639be00000,0x000000639bf00000)]
  0x0000022f668468b0 JavaThread "Unconstrained build operations Thread 28" [_thread_blocked, id=18340, stack(0x000000639bf00000,0x000000639c000000)]
  0x0000022f66843610 JavaThread "Unconstrained build operations Thread 29" [_thread_blocked, id=28596, stack(0x000000639c000000,0x000000639c100000)]
  0x0000022f66843100 JavaThread "Unconstrained build operations Thread 30" [_thread_blocked, id=6888, stack(0x000000639c100000,0x000000639c200000)]
  0x0000022f66844540 JavaThread "Unconstrained build operations Thread 31" [_thread_blocked, id=30324, stack(0x000000639c200000,0x000000639c300000)]
  0x0000022f66844a50 JavaThread "Unconstrained build operations Thread 32" [_thread_blocked, id=11760, stack(0x000000639c300000,0x000000639c400000)]
  0x0000022f66843b20 JavaThread "Unconstrained build operations Thread 33" [_thread_blocked, id=8368, stack(0x000000639c400000,0x000000639c500000)]
  0x0000022f66844f60 JavaThread "Unconstrained build operations Thread 34" [_thread_blocked, id=11652, stack(0x000000639c500000,0x000000639c600000)]
  0x0000022f66845470 JavaThread "Unconstrained build operations Thread 35" [_thread_blocked, id=808, stack(0x000000639c600000,0x000000639c700000)]
  0x0000022f66845980 JavaThread "Unconstrained build operations Thread 36" [_thread_blocked, id=20036, stack(0x000000639c700000,0x000000639c800000)]
  0x0000022f603dfa80 JavaThread "Unconstrained build operations Thread 37" [_thread_blocked, id=35712, stack(0x000000639c800000,0x000000639c900000)]
  0x0000022f603df570 JavaThread "Unconstrained build operations Thread 38" [_thread_blocked, id=19940, stack(0x000000639c900000,0x000000639ca00000)]
  0x0000022f603e18e0 JavaThread "Unconstrained build operations Thread 39" [_thread_blocked, id=14276, stack(0x000000639ca00000,0x000000639cb00000)]
  0x0000022f603df060 JavaThread "Unconstrained build operations Thread 40" [_thread_blocked, id=2488, stack(0x000000639cb00000,0x000000639cc00000)]
  0x0000022f603dff90 JavaThread "Unconstrained build operations Thread 41" [_thread_blocked, id=21072, stack(0x000000639cc00000,0x000000639cd00000)]
  0x0000022f603e04a0 JavaThread "Unconstrained build operations Thread 42" [_thread_blocked, id=35240, stack(0x000000639cd00000,0x000000639ce00000)]
  0x0000022f603e09b0 JavaThread "Unconstrained build operations Thread 43" [_thread_blocked, id=19856, stack(0x000000639ce00000,0x000000639cf00000)]
  0x0000022f603e1df0 JavaThread "Unconstrained build operations Thread 44" [_thread_blocked, id=2200, stack(0x000000639cf00000,0x000000639d000000)]
  0x0000022f603e13d0 JavaThread "Unconstrained build operations Thread 45" [_thread_blocked, id=34404, stack(0x000000639d000000,0x000000639d100000)]
  0x0000022f603e0ec0 JavaThread "Unconstrained build operations Thread 46" [_thread_blocked, id=20168, stack(0x000000639d100000,0x000000639d200000)]
  0x0000022f603e2300 JavaThread "Unconstrained build operations Thread 47" [_thread_blocked, id=10940, stack(0x000000639d200000,0x000000639d300000)]
  0x0000022f603e2810 JavaThread "Unconstrained build operations Thread 48" [_thread_blocked, id=11824, stack(0x000000639d300000,0x000000639d400000)]
  0x0000022f64cc3bc0 JavaThread "Unconstrained build operations Thread 49" [_thread_blocked, id=34116, stack(0x000000639d400000,0x000000639d500000)]
  0x0000022f64cc45e0 JavaThread "Unconstrained build operations Thread 50" [_thread_blocked, id=20792, stack(0x000000639d500000,0x000000639d600000)]
  0x0000022f64cc1d60 JavaThread "Unconstrained build operations Thread 51" [_thread_blocked, id=16972, stack(0x000000639d600000,0x000000639d700000)]
  0x0000022f64cc2c90 JavaThread "Unconstrained build operations Thread 52" [_thread_blocked, id=23680, stack(0x000000639d700000,0x000000639d800000)]
  0x0000022f64cc31a0 JavaThread "Unconstrained build operations Thread 53" [_thread_blocked, id=3128, stack(0x000000639d800000,0x000000639d900000)]
  0x0000022f64cc2270 JavaThread "Unconstrained build operations Thread 54" [_thread_blocked, id=35104, stack(0x000000639d900000,0x000000639da00000)]
  0x0000022f64cc4af0 JavaThread "Unconstrained build operations Thread 55" [_thread_blocked, id=5712, stack(0x000000639da00000,0x000000639db00000)]
  0x0000022f64cc1340 JavaThread "Unconstrained build operations Thread 56" [_thread_blocked, id=35124, stack(0x000000639db00000,0x000000639dc00000)]
  0x0000022f64cc5000 JavaThread "Unconstrained build operations Thread 57" [_thread_blocked, id=728, stack(0x000000639dc00000,0x000000639dd00000)]
  0x0000022f64cc1850 JavaThread "Unconstrained build operations Thread 58" [_thread_blocked, id=7040, stack(0x000000639dd00000,0x000000639de00000)]
  0x0000022f64cc5a20 JavaThread "Unconstrained build operations Thread 59" [_thread_blocked, id=22212, stack(0x000000639de00000,0x000000639df00000)]
  0x0000022f64cc40d0 JavaThread "Unconstrained build operations Thread 60" [_thread_blocked, id=18724, stack(0x000000639df00000,0x000000639e000000)]
  0x0000022f64cc5f30 JavaThread "Unconstrained build operations Thread 61" [_thread_blocked, id=29784, stack(0x000000639e000000,0x000000639e100000)]
  0x0000022f64cc2780 JavaThread "Unconstrained build operations Thread 62" [_thread_blocked, id=27548, stack(0x000000639e100000,0x000000639e200000)]
  0x0000022f64cc6950 JavaThread "Unconstrained build operations Thread 63" [_thread_blocked, id=29276, stack(0x000000639e200000,0x000000639e300000)]
  0x0000022f64cc5510 JavaThread "Unconstrained build operations Thread 64" [_thread_blocked, id=34016, stack(0x000000639e300000,0x000000639e400000)]
  0x0000022f64cc6440 JavaThread "Unconstrained build operations Thread 65" [_thread_blocked, id=27908, stack(0x000000639e400000,0x000000639e500000)]
  0x0000022f64cc6e60 JavaThread "Unconstrained build operations Thread 66" [_thread_blocked, id=22116, stack(0x000000639e500000,0x000000639e600000)]
  0x0000022f64cc36b0 JavaThread "Unconstrained build operations Thread 67" [_thread_blocked, id=17464, stack(0x000000639e600000,0x000000639e700000)]
  0x0000022f64cc7d90 JavaThread "Unconstrained build operations Thread 68" [_thread_blocked, id=35444, stack(0x000000639e700000,0x000000639e800000)]
  0x0000022f64cc7370 JavaThread "Unconstrained build operations Thread 69" [_thread_blocked, id=11960, stack(0x000000639e800000,0x000000639e900000)]
  0x0000022f64cc82a0 JavaThread "Unconstrained build operations Thread 70" [_thread_blocked, id=29456, stack(0x000000639e900000,0x000000639ea00000)]
  0x0000022f64cc7880 JavaThread "Unconstrained build operations Thread 71" [_thread_blocked, id=25332, stack(0x000000639ea00000,0x000000639eb00000)]
  0x0000022f64cc87b0 JavaThread "Unconstrained build operations Thread 72" [_thread_blocked, id=31648, stack(0x000000639eb00000,0x000000639ec00000)]
  0x0000022f64cc8cc0 JavaThread "Unconstrained build operations Thread 73" [_thread_blocked, id=7240, stack(0x000000639ec00000,0x000000639ed00000)]
  0x0000022f60330f40 JavaThread "Unconstrained build operations Thread 74" [_thread_blocked, id=17524, stack(0x000000639ed00000,0x000000639ee00000)]
  0x0000022f60330a30 JavaThread "Unconstrained build operations Thread 75" [_thread_blocked, id=8736, stack(0x000000639ee00000,0x000000639ef00000)]
  0x0000022f60332380 JavaThread "Unconstrained build operations Thread 76" [_thread_blocked, id=28920, stack(0x000000639ef00000,0x000000639f000000)]
  0x0000022f60333cd0 JavaThread "Unconstrained build operations Thread 77" [_thread_blocked, id=14368, stack(0x000000639f000000,0x000000639f100000)]
  0x0000022f603341e0 JavaThread "jar transforms Thread 2" [_thread_blocked, id=15156, stack(0x000000639f100000,0x000000639f200000)]
  0x0000022f60331e70 JavaThread "jar transforms Thread 3" [_thread_blocked, id=22948, stack(0x000000639f200000,0x000000639f300000)]
  0x0000022f603346f0 JavaThread "Unconstrained build operations Thread 78" [_thread_blocked, id=13576, stack(0x000000639f300000,0x000000639f400000)]
  0x0000022f60334c00 JavaThread "Unconstrained build operations Thread 79" [_thread_blocked, id=35828, stack(0x000000639f400000,0x000000639f500000)]
  0x0000022f60332890 JavaThread "Unconstrained build operations Thread 80" [_thread_blocked, id=29996, stack(0x000000639f500000,0x000000639f600000)]
  0x0000022f60331450 JavaThread "jar transforms Thread 4" [_thread_blocked, id=30528, stack(0x000000639f600000,0x000000639f700000)]
  0x0000022f60332da0 JavaThread "jar transforms Thread 5" [_thread_blocked, id=19992, stack(0x000000639f700000,0x000000639f800000)]
  0x0000022f60335110 JavaThread "jar transforms Thread 6" [_thread_blocked, id=18208, stack(0x000000639f800000,0x000000639f900000)]
  0x0000022f60336550 JavaThread "build event listener" [_thread_blocked, id=18804, stack(0x000000639f900000,0x000000639fa00000)]
  0x0000022f60336f70 JavaThread "jar transforms Thread 7" [_thread_blocked, id=18692, stack(0x000000639fa00000,0x000000639fb00000)]
  0x0000022f603337c0 JavaThread "jar transforms Thread 8" [_thread_blocked, id=5188, stack(0x000000639fb00000,0x000000639fc00000)]
  0x0000022f60337990 JavaThread "Problems report writer" [_thread_blocked, id=11716, stack(0x000000639fc00000,0x000000639fd00000)]
  0x0000022f600b3300 JavaThread "Exec process" [_thread_blocked, id=32344, stack(0x000000639ab00000,0x000000639ac00000)]
  0x0000022f600b3810 JavaThread "Exec process Thread 2" [_thread_blocked, id=8040, stack(0x00000063a0000000,0x00000063a0100000)]
  0x0000022f600b3d20 JavaThread "Exec process Thread 3" [_thread_blocked, id=13240, stack(0x00000063a0100000,0x00000063a0200000)]
  0x0000022f600b6fc0 JavaThread "Cache worker for execution history cache (D:\RNProjs\UISApp\GroceryApp\android\.gradle\9.0.0\executionHistory)" [_thread_blocked, id=5560, stack(0x00000063a0300000,0x00000063a0400000)]
  0x0000022f60337480 JavaThread "Exec process Thread 4" [_thread_blocked, id=20448, stack(0x00000063a0400000,0x00000063a0500000)]
  0x0000022f60337ea0 JavaThread "Exec process Thread 5" [_thread_blocked, id=29288, stack(0x00000063a0500000,0x00000063a0600000)]
  0x0000022f64017980 JavaThread "Exec process Thread 6" [_thread_blocked, id=14732, stack(0x00000063a0600000,0x00000063a0700000)]
  0x0000022f640146e0 JavaThread "WorkerExecutor Queue" [_thread_blocked, id=20552, stack(0x00000063a0800000,0x00000063a0900000)]
  0x0000022f680a78a0 JavaThread "WorkerExecutor Queue Thread 2" [_thread_blocked, id=26984, stack(0x00000063a0a00000,0x00000063a0b00000)]
  0x0000022f680a5f50 JavaThread "WorkerExecutor Queue Thread 3" [_thread_blocked, id=21920, stack(0x00000063a0b00000,0x00000063a0c00000)]
  0x0000022f680a91f0 JavaThread "WorkerExecutor Queue Thread 4" [_thread_blocked, id=32808, stack(0x00000063a0c00000,0x00000063a0d00000)]
  0x0000022f680a87d0 JavaThread "Thread-135" [_thread_blocked, id=20548, stack(0x000000639aa00000,0x000000639ab00000)]
  0x0000022f680a5a40 JavaThread "ForkJoinPool-1-worker-1" daemon [_thread_blocked, id=33928, stack(0x00000063a0700000,0x00000063a0800000)]
  0x0000022f680a9c10 JavaThread "ForkJoinPool-1-worker-2" daemon [_thread_blocked, id=27376, stack(0x00000063a0900000,0x00000063a0a00000)]
  0x0000022f680a8ce0 JavaThread "ForkJoinPool-1-worker-3" daemon [_thread_blocked, id=31392, stack(0x00000063a0f00000,0x00000063a1000000)]
  0x0000022f680a6460 JavaThread "ForkJoinPool-1-worker-4" daemon [_thread_blocked, id=14468, stack(0x00000063a1000000,0x00000063a1100000)]
  0x0000022f680a9700 JavaThread "ForkJoinPool-1-worker-5" daemon [_thread_blocked, id=14992, stack(0x00000063a1100000,0x00000063a1200000)]
  0x0000022f680aa120 JavaThread "ForkJoinPool-1-worker-6" daemon [_thread_blocked, id=9796, stack(0x00000063a1200000,0x00000063a1300000)]
  0x0000022f680a7390 JavaThread "ForkJoinPool-1-worker-7" daemon [_thread_blocked, id=16612, stack(0x00000063a1300000,0x00000063a1400000)]
  0x0000022f680a6970 JavaThread "ForkJoinPool-1-worker-8" daemon [_thread_blocked, id=31564, stack(0x00000063a1400000,0x00000063a1500000)]
  0x0000022f60c68b20 JavaThread "C2 CompilerThread1" daemon [_thread_blocked, id=33624, stack(0x00000063a1500000,0x00000063a1600000)]
  0x0000022f60c685d0 JavaThread "C2 CompilerThread2" daemon [_thread_in_native, id=17268, stack(0x00000063a1600000,0x00000063a1700000)]

Other Threads:
=>0x0000022f40567a70 VMThread "VM Thread" [stack: 0x0000006396000000,0x0000006396100000] [id=11324]
  0x0000022f408ca340 WatcherThread [stack: 0x0000006396c00000,0x0000006396d00000] [id=14472]
  0x0000022f1b861a00 GCTaskThread "GC Thread#0" [stack: 0x0000006395b00000,0x0000006395c00000] [id=23296]
  0x0000022f409ea5f0 GCTaskThread "GC Thread#1" [stack: 0x0000006396f00000,0x0000006397000000] [id=1584]
  0x0000022f40aa8af0 GCTaskThread "GC Thread#2" [stack: 0x0000006397000000,0x0000006397100000] [id=31036]
  0x0000022f40aa8db0 GCTaskThread "GC Thread#3" [stack: 0x0000006397100000,0x0000006397200000] [id=30872]
  0x0000022f40aaa3b0 GCTaskThread "GC Thread#4" [stack: 0x0000006397200000,0x0000006397300000] [id=28244]
  0x0000022f40aaa0f0 GCTaskThread "GC Thread#5" [stack: 0x0000006397300000,0x0000006397400000] [id=14248]
  0x0000022f40aa95f0 GCTaskThread "GC Thread#6" [stack: 0x0000006396e00000,0x0000006396f00000] [id=1088]
  0x0000022f40aa8830 GCTaskThread "GC Thread#7" [stack: 0x0000006398100000,0x0000006398200000] [id=556]
  0x0000022f1b8729c0 ConcurrentGCThread "G1 Main Marker" [stack: 0x0000006395c00000,0x0000006395d00000] [id=12192]
  0x0000022f1b874d10 ConcurrentGCThread "G1 Conc#0" [stack: 0x0000006395d00000,0x0000006395e00000] [id=21864]
  0x0000022f62135ae0 ConcurrentGCThread "G1 Conc#1" [stack: 0x0000006398200000,0x0000006398300000] [id=17216]
  0x0000022f1b89e820 ConcurrentGCThread "G1 Refine#0" [stack: 0x0000006395e00000,0x0000006395f00000] [id=10508]
  0x0000022f62dc2070 ConcurrentGCThread "G1 Refine#1" [stack: 0x0000006398900000,0x0000006398a00000] [id=23492]
  0x0000022f60d676b0 ConcurrentGCThread "G1 Refine#2" [stack: 0x000000639fd00000,0x000000639fe00000] [id=18420]
  0x0000022f60d679a0 ConcurrentGCThread "G1 Refine#3" [stack: 0x000000639fe00000,0x000000639ff00000] [id=15620]
  0x0000022f60d644c0 ConcurrentGCThread "G1 Refine#4" [stack: 0x000000639ff00000,0x00000063a0000000] [id=15804]
  0x0000022f676c1a80 ConcurrentGCThread "G1 Refine#5" [stack: 0x00000063a0d00000,0x00000063a0e00000] [id=28120]
  0x0000022f6e586aa0 ConcurrentGCThread "G1 Refine#6" [stack: 0x00000063a0e00000,0x00000063a0f00000] [id=34020]
  0x0000022f1b89ec10 ConcurrentGCThread "G1 Service" [stack: 0x0000006395f00000,0x0000006396000000] [id=35456]

Threads with active compile tasks:
C2 CompilerThread0  45782 21962       4       com.android.tools.r8.graph.z2::a (10 bytes)
C1 CompilerThread0  45782 22038       2       com.android.tools.r8.graph.O4::b (36 bytes)
C2 CompilerThread1  45782 21961       4       com.android.tools.r8.internal.Kf::a (64 bytes)
C2 CompilerThread2  45782 21760       4       com.android.tools.r8.internal.Nn::a (3327 bytes)

VM state: at safepoint (normal execution)

VM Mutex/Monitor currently owned by a thread:  ([mutex/lock_event])
[0x0000022f1b7ebaf0] Threads_lock - owner thread: 0x0000022f40567a70
[0x0000022f1b7ed0e0] Heap_lock - owner thread: 0x0000022f680a6970

Heap address: 0x0000000700000000, size: 4096 MB, Compressed Oops mode: Zero based, Oop shift amount: 3

CDS archive(s) mapped at: [0x0000022f41000000-0x0000022f41bb0000-0x0000022f41bb0000), size 12255232, SharedBaseAddress: 0x0000022f41000000, ArchiveRelocationMode: 1.
Compressed class space mapped at: 0x0000022f42000000-0x0000022f5c000000, reserved size: 436207616
Narrow klass base: 0x0000022f41000000, Narrow klass shift: 0, Narrow klass range: 0x100000000

GC Precious Log:
 CPUs: 8 total, 8 available
 Memory: 16129M
 Large Page Support: Disabled
 NUMA Support: Disabled
 Compressed Oops: Enabled (Zero based)
 Heap Region Size: 2M
 Heap Min Capacity: 8M
 Heap Initial Capacity: 254M
 Heap Max Capacity: 4G
 Pre-touch: Disabled
 Parallel Workers: 8
 Concurrent Workers: 2
 Concurrent Refinement Workers: 8
 Periodic GC: Disabled

Heap:
 garbage-first heap   total 614400K, used 424907K [0x0000000700000000, 0x0000000800000000)
  region size 2048K, 5 young (10240K), 5 survivors (10240K)
 Metaspace       used 131577K, committed 133760K, reserved 557056K
  class space    used 18543K, committed 19584K, reserved 425984K

Heap Regions: E=young(eden), S=young(survivor), O=old, HS=humongous(starts), HC=humongous(continues), CS=collection set, F=free, OA=open archive, CA=closed archive, TAMS=top-at-mark-start (previous, next)
|   0|0x0000000700000000, 0x0000000700200000, 0x0000000700200000|100%|HS|  |TAMS 0x0000000700200000, 0x0000000700000000| Complete 
|   1|0x0000000700200000, 0x0000000700400000, 0x0000000700400000|100%|HC|  |TAMS 0x0000000700400000, 0x0000000700200000| Complete 
|   2|0x0000000700400000, 0x0000000700600000, 0x0000000700600000|100%| O|  |TAMS 0x0000000700600000, 0x0000000700400000| Untracked 
|   3|0x0000000700600000, 0x0000000700800000, 0x0000000700800000|100%| O|  |TAMS 0x0000000700800000, 0x0000000700600000| Untracked 
|   4|0x0000000700800000, 0x0000000700a00000, 0x0000000700a00000|100%| O|  |TAMS 0x0000000700a00000, 0x0000000700800000| Untracked 
|   5|0x0000000700a00000, 0x0000000700c00000, 0x0000000700c00000|100%| O|  |TAMS 0x0000000700c00000, 0x0000000700a00000| Untracked 
|   6|0x0000000700c00000, 0x0000000700e00000, 0x0000000700e00000|100%| O|  |TAMS 0x0000000700e00000, 0x0000000700c00000| Untracked 
|   7|0x0000000700e00000, 0x0000000701000000, 0x0000000701000000|100%| O|  |TAMS 0x0000000701000000, 0x0000000700e00000| Untracked 
|   8|0x0000000701000000, 0x0000000701200000, 0x0000000701200000|100%| O|  |TAMS 0x0000000701200000, 0x0000000701000000| Untracked 
|   9|0x0000000701200000, 0x0000000701400000, 0x0000000701400000|100%| O|  |TAMS 0x0000000701400000, 0x0000000701200000| Untracked 
|  10|0x0000000701400000, 0x0000000701600000, 0x0000000701600000|100%| O|  |TAMS 0x0000000701600000, 0x0000000701400000| Untracked 
|  11|0x0000000701600000, 0x0000000701800000, 0x0000000701800000|100%| O|  |TAMS 0x0000000701800000, 0x0000000701600000| Untracked 
|  12|0x0000000701800000, 0x0000000701a00000, 0x0000000701a00000|100%| O|  |TAMS 0x0000000701a00000, 0x0000000701800000| Untracked 
|  13|0x0000000701a00000, 0x0000000701c00000, 0x0000000701c00000|100%| O|  |TAMS 0x0000000701c00000, 0x0000000701a00000| Untracked 
|  14|0x0000000701c00000, 0x0000000701e00000, 0x0000000701e00000|100%| O|  |TAMS 0x0000000701e00000, 0x0000000701c00000| Untracked 
|  15|0x0000000701e00000, 0x0000000702000000, 0x0000000702000000|100%| O|  |TAMS 0x0000000702000000, 0x0000000701e00000| Untracked 
|  16|0x0000000702000000, 0x0000000702200000, 0x0000000702200000|100%| O|  |TAMS 0x0000000702200000, 0x0000000702000000| Untracked 
|  17|0x0000000702200000, 0x0000000702400000, 0x0000000702400000|100%|HS|  |TAMS 0x0000000702400000, 0x0000000702200000| Complete 
|  18|0x0000000702400000, 0x0000000702600000, 0x0000000702600000|100%|HC|  |TAMS 0x0000000702600000, 0x0000000702400000| Complete 
|  19|0x0000000702600000, 0x0000000702800000, 0x0000000702800000|100%|HS|  |TAMS 0x0000000702800000, 0x0000000702600000| Complete 
|  20|0x0000000702800000, 0x0000000702a00000, 0x0000000702a00000|100%|HC|  |TAMS 0x0000000702a00000, 0x0000000702800000| Complete 
|  21|0x0000000702a00000, 0x0000000702c00000, 0x0000000702c00000|100%| O|  |TAMS 0x0000000702c00000, 0x0000000702a00000| Untracked 
|  22|0x0000000702c00000, 0x0000000702e00000, 0x0000000702e00000|100%| O|  |TAMS 0x0000000702e00000, 0x0000000702c00000| Untracked 
|  23|0x0000000702e00000, 0x0000000703000000, 0x0000000703000000|100%| O|  |TAMS 0x0000000703000000, 0x0000000702e00000| Untracked 
|  24|0x0000000703000000, 0x0000000703200000, 0x0000000703200000|100%| O|  |TAMS 0x0000000703200000, 0x0000000703000000| Untracked 
|  25|0x0000000703200000, 0x0000000703400000, 0x0000000703400000|100%| O|  |TAMS 0x0000000703400000, 0x0000000703200000| Untracked 
|  26|0x0000000703400000, 0x0000000703600000, 0x0000000703600000|100%| O|  |TAMS 0x0000000703600000, 0x0000000703400000| Untracked 
|  27|0x0000000703600000, 0x0000000703800000, 0x0000000703800000|100%| O|  |TAMS 0x0000000703800000, 0x0000000703600000| Untracked 
|  28|0x0000000703800000, 0x0000000703a00000, 0x0000000703a00000|100%| O|  |TAMS 0x0000000703a00000, 0x0000000703800000| Untracked 
|  29|0x0000000703a00000, 0x0000000703c00000, 0x0000000703c00000|100%| O|  |TAMS 0x0000000703c00000, 0x0000000703a00000| Untracked 
|  30|0x0000000703c00000, 0x0000000703e00000, 0x0000000703e00000|100%| O|  |TAMS 0x0000000703e00000, 0x0000000703c00000| Untracked 
|  31|0x0000000703e00000, 0x0000000704000000, 0x0000000704000000|100%| O|  |TAMS 0x0000000704000000, 0x0000000703e00000| Untracked 
|  32|0x0000000704000000, 0x0000000704200000, 0x0000000704200000|100%| O|  |TAMS 0x0000000704200000, 0x0000000704000000| Untracked 
|  33|0x0000000704200000, 0x0000000704400000, 0x0000000704400000|100%| O|  |TAMS 0x0000000704400000, 0x0000000704200000| Untracked 
|  34|0x0000000704400000, 0x0000000704600000, 0x0000000704600000|100%| O|  |TAMS 0x0000000704600000, 0x0000000704400000| Untracked 
|  35|0x0000000704600000, 0x0000000704800000, 0x0000000704800000|100%| O|  |TAMS 0x0000000704800000, 0x0000000704600000| Untracked 
|  36|0x0000000704800000, 0x0000000704a00000, 0x0000000704a00000|100%| O|  |TAMS 0x0000000704a00000, 0x0000000704800000| Untracked 
|  37|0x0000000704a00000, 0x0000000704c00000, 0x0000000704c00000|100%| O|  |TAMS 0x0000000704c00000, 0x0000000704a00000| Untracked 
|  38|0x0000000704c00000, 0x0000000704e00000, 0x0000000704e00000|100%| O|  |TAMS 0x0000000704e00000, 0x0000000704c00000| Untracked 
|  39|0x0000000704e00000, 0x0000000705000000, 0x0000000705000000|100%| O|  |TAMS 0x0000000705000000, 0x0000000704e00000| Untracked 
|  40|0x0000000705000000, 0x0000000705200000, 0x0000000705200000|100%| O|  |TAMS 0x0000000705200000, 0x0000000705000000| Untracked 
|  41|0x0000000705200000, 0x0000000705400000, 0x0000000705400000|100%|HS|  |TAMS 0x0000000705200000, 0x0000000705200000| Complete 
|  42|0x0000000705400000, 0x0000000705600000, 0x0000000705600000|100%| O|  |TAMS 0x0000000705600000, 0x0000000705400000| Untracked 
|  43|0x0000000705600000, 0x0000000705800000, 0x0000000705800000|100%| O|  |TAMS 0x0000000705800000, 0x0000000705600000| Untracked 
|  44|0x0000000705800000, 0x0000000705a00000, 0x0000000705a00000|100%|HS|  |TAMS 0x0000000705800000, 0x0000000705800000| Complete 
|  45|0x0000000705a00000, 0x0000000705c00000, 0x0000000705c00000|100%| O|  |TAMS 0x0000000705c00000, 0x0000000705a00000| Untracked 
|  46|0x0000000705c00000, 0x0000000705e00000, 0x0000000705e00000|100%|HS|  |TAMS 0x0000000705e00000, 0x0000000705c00000| Complete 
|  47|0x0000000705e00000, 0x0000000706000000, 0x0000000706000000|100%|HC|  |TAMS 0x0000000706000000, 0x0000000705e00000| Complete 
|  48|0x0000000706000000, 0x0000000706200000, 0x0000000706200000|100%| O|  |TAMS 0x0000000706200000, 0x0000000706000000| Untracked 
|  49|0x0000000706200000, 0x0000000706400000, 0x0000000706400000|100%| O|  |TAMS 0x0000000706400000, 0x0000000706200000| Untracked 
|  50|0x0000000706400000, 0x0000000706600000, 0x0000000706600000|100%| O|  |TAMS 0x0000000706600000, 0x0000000706400000| Untracked 
|  51|0x0000000706600000, 0x0000000706800000, 0x0000000706800000|100%| O|  |TAMS 0x0000000706800000, 0x0000000706600000| Untracked 
|  52|0x0000000706800000, 0x0000000706a00000, 0x0000000706a00000|100%| O|  |TAMS 0x0000000706a00000, 0x0000000706800000| Untracked 
|  53|0x0000000706a00000, 0x0000000706c00000, 0x0000000706c00000|100%| O|  |TAMS 0x0000000706c00000, 0x0000000706a00000| Untracked 
|  54|0x0000000706c00000, 0x0000000706e00000, 0x0000000706e00000|100%| O|  |TAMS 0x0000000706e00000, 0x0000000706c00000| Untracked 
|  55|0x0000000706e00000, 0x0000000707000000, 0x0000000707000000|100%| O|  |TAMS 0x0000000707000000, 0x0000000706e00000| Untracked 
|  56|0x0000000707000000, 0x0000000707200000, 0x0000000707200000|100%| O|  |TAMS 0x0000000707200000, 0x0000000707000000| Untracked 
|  57|0x0000000707200000, 0x0000000707400000, 0x0000000707400000|100%| O|  |TAMS 0x0000000707400000, 0x0000000707200000| Untracked 
|  58|0x0000000707400000, 0x0000000707600000, 0x0000000707600000|100%| O|  |TAMS 0x0000000707600000, 0x0000000707400000| Untracked 
|  59|0x0000000707600000, 0x0000000707800000, 0x0000000707800000|100%| O|  |TAMS 0x0000000707800000, 0x0000000707600000| Untracked 
|  60|0x0000000707800000, 0x0000000707a00000, 0x0000000707a00000|100%| O|  |TAMS 0x0000000707a00000, 0x0000000707800000| Untracked 
|  61|0x0000000707a00000, 0x0000000707c00000, 0x0000000707c00000|100%| O|  |TAMS 0x0000000707c00000, 0x0000000707a00000| Untracked 
|  62|0x0000000707c00000, 0x0000000707e00000, 0x0000000707e00000|100%| O|  |TAMS 0x0000000707e00000, 0x0000000707c00000| Untracked 
|  63|0x0000000707e00000, 0x0000000708000000, 0x0000000708000000|100%| O|  |TAMS 0x0000000708000000, 0x0000000707e00000| Untracked 
|  64|0x0000000708000000, 0x0000000708200000, 0x0000000708200000|100%| O|  |TAMS 0x0000000708200000, 0x0000000708000000| Untracked 
|  65|0x0000000708200000, 0x0000000708400000, 0x0000000708400000|100%| O|  |TAMS 0x0000000708400000, 0x0000000708200000| Untracked 
|  66|0x0000000708400000, 0x0000000708600000, 0x0000000708600000|100%| O|  |TAMS 0x0000000708600000, 0x0000000708400000| Untracked 
|  67|0x0000000708600000, 0x0000000708800000, 0x0000000708800000|100%| O|  |TAMS 0x0000000708800000, 0x0000000708600000| Untracked 
|  68|0x0000000708800000, 0x0000000708a00000, 0x0000000708a00000|100%| O|  |TAMS 0x0000000708a00000, 0x0000000708800000| Untracked 
|  69|0x0000000708a00000, 0x0000000708c00000, 0x0000000708c00000|100%| O|  |TAMS 0x0000000708c00000, 0x0000000708a00000| Untracked 
|  70|0x0000000708c00000, 0x0000000708e00000, 0x0000000708e00000|100%| O|  |TAMS 0x0000000708e00000, 0x0000000708c00000| Untracked 
|  71|0x0000000708e00000, 0x0000000709000000, 0x0000000709000000|100%| O|  |TAMS 0x0000000709000000, 0x0000000708e00000| Untracked 
|  72|0x0000000709000000, 0x0000000709200000, 0x0000000709200000|100%| O|  |TAMS 0x0000000709200000, 0x0000000709000000| Untracked 
|  73|0x0000000709200000, 0x0000000709400000, 0x0000000709400000|100%| O|  |TAMS 0x0000000709400000, 0x0000000709200000| Untracked 
|  74|0x0000000709400000, 0x0000000709600000, 0x0000000709600000|100%| O|  |TAMS 0x0000000709600000, 0x0000000709400000| Untracked 
|  75|0x0000000709600000, 0x0000000709800000, 0x0000000709800000|100%| O|  |TAMS 0x0000000709800000, 0x0000000709600000| Untracked 
|  76|0x0000000709800000, 0x0000000709a00000, 0x0000000709a00000|100%| O|  |TAMS 0x0000000709a00000, 0x0000000709800000| Untracked 
|  77|0x0000000709a00000, 0x0000000709c00000, 0x0000000709c00000|100%| O|  |TAMS 0x0000000709c00000, 0x0000000709a00000| Untracked 
|  78|0x0000000709c00000, 0x0000000709e00000, 0x0000000709e00000|100%| O|  |TAMS 0x0000000709e00000, 0x0000000709c00000| Untracked 
|  79|0x0000000709e00000, 0x000000070a000000, 0x000000070a000000|100%|HS|  |TAMS 0x0000000709e00000, 0x0000000709e00000| Complete 
|  80|0x000000070a000000, 0x000000070a200000, 0x000000070a200000|100%| O|  |TAMS 0x000000070a200000, 0x000000070a000000| Untracked 
|  81|0x000000070a200000, 0x000000070a400000, 0x000000070a400000|100%| O|  |TAMS 0x000000070a400000, 0x000000070a200000| Untracked 
|  82|0x000000070a400000, 0x000000070a600000, 0x000000070a600000|100%| O|  |TAMS 0x000000070a600000, 0x000000070a400000| Untracked 
|  83|0x000000070a600000, 0x000000070a800000, 0x000000070a800000|100%| O|  |TAMS 0x000000070a800000, 0x000000070a600000| Untracked 
|  84|0x000000070a800000, 0x000000070aa00000, 0x000000070aa00000|100%| O|  |TAMS 0x000000070aa00000, 0x000000070a800000| Untracked 
|  85|0x000000070aa00000, 0x000000070ac00000, 0x000000070ac00000|100%| O|  |TAMS 0x000000070ac00000, 0x000000070aa00000| Untracked 
|  86|0x000000070ac00000, 0x000000070ae00000, 0x000000070ae00000|100%| O|  |TAMS 0x000000070ae00000, 0x000000070ac00000| Untracked 
|  87|0x000000070ae00000, 0x000000070b000000, 0x000000070b000000|100%| O|  |TAMS 0x000000070b000000, 0x000000070ae00000| Untracked 
|  88|0x000000070b000000, 0x000000070b200000, 0x000000070b200000|100%| O|  |TAMS 0x000000070b200000, 0x000000070b000000| Untracked 
|  89|0x000000070b200000, 0x000000070b400000, 0x000000070b400000|100%| O|  |TAMS 0x000000070b400000, 0x000000070b200000| Untracked 
|  90|0x000000070b400000, 0x000000070b600000, 0x000000070b600000|100%| O|  |TAMS 0x000000070b600000, 0x000000070b400000| Untracked 
|  91|0x000000070b600000, 0x000000070b800000, 0x000000070b800000|100%| O|  |TAMS 0x000000070b800000, 0x000000070b600000| Untracked 
|  92|0x000000070b800000, 0x000000070ba00000, 0x000000070ba00000|100%|HS|  |TAMS 0x000000070ba00000, 0x000000070b800000| Complete 
|  93|0x000000070ba00000, 0x000000070bc00000, 0x000000070bc00000|100%|HS|  |TAMS 0x000000070ba00000, 0x000000070ba00000| Complete 
|  94|0x000000070bc00000, 0x000000070be00000, 0x000000070be00000|100%| O|  |TAMS 0x000000070be00000, 0x000000070bc00000| Untracked 
|  95|0x000000070be00000, 0x000000070c000000, 0x000000070c000000|100%| O|  |TAMS 0x000000070c000000, 0x000000070be00000| Untracked 
|  96|0x000000070c000000, 0x000000070c200000, 0x000000070c200000|100%| O|  |TAMS 0x000000070c200000, 0x000000070c000000| Untracked 
|  97|0x000000070c200000, 0x000000070c400000, 0x000000070c400000|100%| O|  |TAMS 0x000000070c400000, 0x000000070c200000| Untracked 
|  98|0x000000070c400000, 0x000000070c600000, 0x000000070c600000|100%| O|  |TAMS 0x000000070c600000, 0x000000070c400000| Untracked 
|  99|0x000000070c600000, 0x000000070c800000, 0x000000070c800000|100%| O|  |TAMS 0x000000070c800000, 0x000000070c600000| Untracked 
| 100|0x000000070c800000, 0x000000070ca00000, 0x000000070ca00000|100%| O|  |TAMS 0x000000070ca00000, 0x000000070c800000| Untracked 
| 101|0x000000070ca00000, 0x000000070cc00000, 0x000000070cc00000|100%| O|  |TAMS 0x000000070cc00000, 0x000000070ca00000| Untracked 
| 102|0x000000070cc00000, 0x000000070ce00000, 0x000000070ce00000|100%|HS|  |TAMS 0x000000070ce00000, 0x000000070cc00000| Complete 
| 103|0x000000070ce00000, 0x000000070d000000, 0x000000070d000000|100%|HS|  |TAMS 0x000000070d000000, 0x000000070ce00000| Complete 
| 104|0x000000070d000000, 0x000000070d200000, 0x000000070d200000|100%| O|  |TAMS 0x000000070d200000, 0x000000070d000000| Untracked 
| 105|0x000000070d200000, 0x000000070d400000, 0x000000070d400000|100%| O|  |TAMS 0x000000070d400000, 0x000000070d200000| Untracked 
| 106|0x000000070d400000, 0x000000070d600000, 0x000000070d600000|100%| O|  |TAMS 0x000000070d600000, 0x000000070d400000| Untracked 
| 107|0x000000070d600000, 0x000000070d800000, 0x000000070d800000|100%| O|  |TAMS 0x000000070d800000, 0x000000070d600000| Untracked 
| 108|0x000000070d800000, 0x000000070da00000, 0x000000070da00000|100%| O|  |TAMS 0x000000070da00000, 0x000000070d800000| Untracked 
| 109|0x000000070da00000, 0x000000070dc00000, 0x000000070dc00000|100%| O|  |TAMS 0x000000070dc00000, 0x000000070da00000| Untracked 
| 110|0x000000070dc00000, 0x000000070de00000, 0x000000070de00000|100%| O|  |TAMS 0x000000070de00000, 0x000000070dc00000| Untracked 
| 111|0x000000070de00000, 0x000000070e000000, 0x000000070e000000|100%| O|  |TAMS 0x000000070e000000, 0x000000070de00000| Untracked 
| 112|0x000000070e000000, 0x000000070e200000, 0x000000070e200000|100%| O|  |TAMS 0x000000070e200000, 0x000000070e000000| Untracked 
| 113|0x000000070e200000, 0x000000070e400000, 0x000000070e400000|100%| O|  |TAMS 0x000000070e400000, 0x000000070e200000| Untracked 
| 114|0x000000070e400000, 0x000000070e600000, 0x000000070e600000|100%| O|  |TAMS 0x000000070e600000, 0x000000070e400000| Untracked 
| 115|0x000000070e600000, 0x000000070e800000, 0x000000070e800000|100%| O|  |TAMS 0x000000070e800000, 0x000000070e600000| Untracked 
| 116|0x000000070e800000, 0x000000070ea00000, 0x000000070ea00000|100%|HS|  |TAMS 0x000000070e800000, 0x000000070e800000| Complete 
| 117|0x000000070ea00000, 0x000000070ec00000, 0x000000070ec00000|100%|HC|  |TAMS 0x000000070ea00000, 0x000000070ea00000| Complete 
| 118|0x000000070ec00000, 0x000000070ee00000, 0x000000070ee00000|100%| O|  |TAMS 0x000000070ee00000, 0x000000070ec00000| Untracked 
| 119|0x000000070ee00000, 0x000000070f000000, 0x000000070f000000|100%| O|  |TAMS 0x000000070f000000, 0x000000070ee00000| Untracked 
| 120|0x000000070f000000, 0x000000070f200000, 0x000000070f200000|100%| O|  |TAMS 0x000000070f200000, 0x000000070f000000| Untracked 
| 121|0x000000070f200000, 0x000000070f400000, 0x000000070f400000|100%| O|  |TAMS 0x000000070f400000, 0x000000070f200000| Untracked 
| 122|0x000000070f400000, 0x000000070f600000, 0x000000070f600000|100%| O|  |TAMS 0x000000070f600000, 0x000000070f400000| Untracked 
| 123|0x000000070f600000, 0x000000070f800000, 0x000000070f800000|100%| O|  |TAMS 0x000000070f800000, 0x000000070f600000| Untracked 
| 124|0x000000070f800000, 0x000000070fa00000, 0x000000070fa00000|100%| O|  |TAMS 0x000000070fa00000, 0x000000070f800000| Untracked 
| 125|0x000000070fa00000, 0x000000070fc00000, 0x000000070fc00000|100%| O|  |TAMS 0x000000070fc00000, 0x000000070fa00000| Untracked 
| 126|0x000000070fc00000, 0x000000070fe00000, 0x000000070fe00000|100%| O|  |TAMS 0x000000070fe00000, 0x000000070fc00000| Untracked 
| 127|0x000000070fe00000, 0x0000000710000000, 0x0000000710000000|100%| O|  |TAMS 0x0000000710000000, 0x000000070fe00000| Untracked 
| 128|0x0000000710000000, 0x0000000710200000, 0x0000000710200000|100%| O|  |TAMS 0x0000000710200000, 0x0000000710000000| Untracked 
| 129|0x0000000710200000, 0x0000000710400000, 0x0000000710400000|100%| O|  |TAMS 0x0000000710400000, 0x0000000710200000| Untracked 
| 130|0x0000000710400000, 0x0000000710600000, 0x0000000710600000|100%| O|  |TAMS 0x0000000710600000, 0x0000000710400000| Untracked 
| 131|0x0000000710600000, 0x0000000710800000, 0x0000000710800000|100%| O|  |TAMS 0x0000000710800000, 0x0000000710600000| Untracked 
| 132|0x0000000710800000, 0x0000000710a00000, 0x0000000710a00000|100%|HS|  |TAMS 0x0000000710800000, 0x0000000710800000| Complete 
| 133|0x0000000710a00000, 0x0000000710c00000, 0x0000000710c00000|100%| O|  |TAMS 0x0000000710c00000, 0x0000000710a00000| Untracked 
| 134|0x0000000710c00000, 0x0000000710e00000, 0x0000000710e00000|100%| O|  |TAMS 0x0000000710e00000, 0x0000000710c00000| Untracked 
| 135|0x0000000710e00000, 0x0000000711000000, 0x0000000711000000|100%| O|  |TAMS 0x0000000711000000, 0x0000000710e00000| Untracked 
| 136|0x0000000711000000, 0x0000000711200000, 0x0000000711200000|100%| O|  |TAMS 0x0000000711200000, 0x0000000711000000| Untracked 
| 137|0x0000000711200000, 0x0000000711400000, 0x0000000711400000|100%|HS|  |TAMS 0x0000000711200000, 0x0000000711200000| Complete 
| 138|0x0000000711400000, 0x0000000711600000, 0x0000000711600000|100%| O|  |TAMS 0x0000000711400000, 0x0000000711400000| Untracked 
| 139|0x0000000711600000, 0x0000000711800000, 0x0000000711800000|100%| O|  |TAMS 0x0000000711600000, 0x0000000711600000| Untracked 
| 140|0x0000000711800000, 0x0000000711a00000, 0x0000000711a00000|100%| O|  |TAMS 0x0000000711800000, 0x0000000711800000| Untracked 
| 141|0x0000000711a00000, 0x0000000711c00000, 0x0000000711c00000|100%| O|  |TAMS 0x0000000711a00000, 0x0000000711a00000| Untracked 
| 142|0x0000000711c00000, 0x0000000711e00000, 0x0000000711e00000|100%| O|  |TAMS 0x0000000711c00000, 0x0000000711c00000| Untracked 
| 143|0x0000000711e00000, 0x0000000712000000, 0x0000000712000000|100%| O|  |TAMS 0x0000000711e00000, 0x0000000711e00000| Untracked 
| 144|0x0000000712000000, 0x0000000712200000, 0x0000000712200000|100%| O|  |TAMS 0x0000000712000000, 0x0000000712000000| Untracked 
| 145|0x0000000712200000, 0x0000000712400000, 0x0000000712400000|100%| O|  |TAMS 0x0000000712200000, 0x0000000712200000| Untracked 
| 146|0x0000000712400000, 0x0000000712600000, 0x0000000712600000|100%| O|  |TAMS 0x0000000712400000, 0x0000000712400000| Untracked 
| 147|0x0000000712600000, 0x0000000712800000, 0x0000000712800000|100%| O|  |TAMS 0x0000000712600000, 0x0000000712600000| Untracked 
| 148|0x0000000712800000, 0x0000000712a00000, 0x0000000712a00000|100%|HS|  |TAMS 0x0000000712800000, 0x0000000712800000| Complete 
| 149|0x0000000712a00000, 0x0000000712c00000, 0x0000000712c00000|100%|HC|  |TAMS 0x0000000712a00000, 0x0000000712a00000| Complete 
| 150|0x0000000712c00000, 0x0000000712e00000, 0x0000000712e00000|100%| O|  |TAMS 0x0000000712c00000, 0x0000000712c00000| Untracked 
| 151|0x0000000712e00000, 0x0000000713000000, 0x0000000713000000|100%| O|  |TAMS 0x0000000712e00000, 0x0000000712e00000| Untracked 
| 152|0x0000000713000000, 0x0000000713200000, 0x0000000713200000|100%|HS|  |TAMS 0x0000000713000000, 0x0000000713000000| Complete 
| 153|0x0000000713200000, 0x0000000713400000, 0x0000000713400000|100%|HC|  |TAMS 0x0000000713200000, 0x0000000713200000| Complete 
| 154|0x0000000713400000, 0x0000000713600000, 0x0000000713600000|100%|HS|  |TAMS 0x0000000713400000, 0x0000000713400000| Complete 
| 155|0x0000000713600000, 0x0000000713800000, 0x0000000713800000|100%| O|  |TAMS 0x0000000713600000, 0x0000000713600000| Untracked 
| 156|0x0000000713800000, 0x0000000713a00000, 0x0000000713a00000|100%|HS|  |TAMS 0x0000000713800000, 0x0000000713800000| Complete 
| 157|0x0000000713a00000, 0x0000000713c00000, 0x0000000713c00000|100%| O|  |TAMS 0x0000000713a00000, 0x0000000713a00000| Untracked 
| 158|0x0000000713c00000, 0x0000000713e00000, 0x0000000713e00000|100%|HS|  |TAMS 0x0000000713c00000, 0x0000000713c00000| Complete 
| 159|0x0000000713e00000, 0x0000000714000000, 0x0000000714000000|100%| O|  |TAMS 0x0000000713e00000, 0x0000000713e00000| Untracked 
| 160|0x0000000714000000, 0x0000000714200000, 0x0000000714200000|100%|HS|  |TAMS 0x0000000714000000, 0x0000000714000000| Complete 
| 161|0x0000000714200000, 0x0000000714400000, 0x0000000714400000|100%| O|  |TAMS 0x0000000714200000, 0x0000000714200000| Untracked 
| 162|0x0000000714400000, 0x0000000714600000, 0x0000000714600000|100%| O|  |TAMS 0x0000000714400000, 0x0000000714400000| Untracked 
| 163|0x0000000714600000, 0x0000000714800000, 0x0000000714800000|100%| O|  |TAMS 0x0000000714600000, 0x0000000714600000| Untracked 
| 164|0x0000000714800000, 0x0000000714a00000, 0x0000000714a00000|100%|HS|  |TAMS 0x0000000714800000, 0x0000000714800000| Complete 
| 165|0x0000000714a00000, 0x0000000714c00000, 0x0000000714c00000|100%|HC|  |TAMS 0x0000000714a00000, 0x0000000714a00000| Complete 
| 166|0x0000000714c00000, 0x0000000714e00000, 0x0000000714e00000|100%| O|  |TAMS 0x0000000714c00000, 0x0000000714c00000| Untracked 
| 167|0x0000000714e00000, 0x0000000715000000, 0x0000000715000000|100%| O|  |TAMS 0x0000000714e00000, 0x0000000714e00000| Untracked 
| 168|0x0000000715000000, 0x0000000715200000, 0x0000000715200000|100%| O|  |TAMS 0x0000000715000000, 0x0000000715000000| Untracked 
| 169|0x0000000715200000, 0x0000000715400000, 0x0000000715400000|100%| O|  |TAMS 0x0000000715200000, 0x0000000715200000| Untracked 
| 170|0x0000000715400000, 0x0000000715600000, 0x0000000715600000|100%| O|  |TAMS 0x0000000715400000, 0x0000000715400000| Untracked 
| 171|0x0000000715600000, 0x0000000715800000, 0x0000000715800000|100%| O|  |TAMS 0x0000000715600000, 0x0000000715600000| Untracked 
| 172|0x0000000715800000, 0x0000000715a00000, 0x0000000715a00000|100%| O|  |TAMS 0x0000000715800000, 0x0000000715800000| Untracked 
| 173|0x0000000715a00000, 0x0000000715c00000, 0x0000000715c00000|100%| O|  |TAMS 0x0000000715a00000, 0x0000000715a00000| Untracked 
| 174|0x0000000715c00000, 0x0000000715e00000, 0x0000000715e00000|100%| O|  |TAMS 0x0000000715c00000, 0x0000000715c00000| Untracked 
| 175|0x0000000715e00000, 0x0000000716000000, 0x0000000716000000|100%| O|  |TAMS 0x0000000715e00000, 0x0000000715e00000| Untracked 
| 176|0x0000000716000000, 0x0000000716200000, 0x0000000716200000|100%| O|  |TAMS 0x0000000716000000, 0x0000000716000000| Untracked 
| 177|0x0000000716200000, 0x0000000716400000, 0x0000000716400000|100%| O|  |TAMS 0x0000000716200000, 0x0000000716200000| Untracked 
| 178|0x0000000716400000, 0x0000000716600000, 0x0000000716600000|100%| O|  |TAMS 0x0000000716400000, 0x0000000716400000| Untracked 
| 179|0x0000000716600000, 0x0000000716800000, 0x0000000716800000|100%| O|  |TAMS 0x0000000716600000, 0x0000000716600000| Untracked 
| 180|0x0000000716800000, 0x0000000716a00000, 0x0000000716a00000|100%| O|  |TAMS 0x0000000716800000, 0x0000000716800000| Untracked 
| 181|0x0000000716a00000, 0x0000000716c00000, 0x0000000716c00000|100%| O|  |TAMS 0x0000000716a00000, 0x0000000716a00000| Untracked 
| 182|0x0000000716c00000, 0x0000000716e00000, 0x0000000716e00000|100%| O|  |TAMS 0x0000000716c00000, 0x0000000716c00000| Untracked 
| 183|0x0000000716e00000, 0x0000000717000000, 0x0000000717000000|100%| O|  |TAMS 0x0000000716e00000, 0x0000000716e00000| Untracked 
| 184|0x0000000717000000, 0x0000000717200000, 0x0000000717200000|100%| O|  |TAMS 0x0000000717000000, 0x0000000717000000| Untracked 
| 185|0x0000000717200000, 0x0000000717400000, 0x0000000717400000|100%| O|  |TAMS 0x0000000717200000, 0x0000000717200000| Untracked 
| 186|0x0000000717400000, 0x0000000717600000, 0x0000000717600000|100%| O|  |TAMS 0x0000000717400000, 0x0000000717400000| Untracked 
| 187|0x0000000717600000, 0x0000000717800000, 0x0000000717800000|100%| O|  |TAMS 0x0000000717600000, 0x0000000717600000| Untracked 
| 188|0x0000000717800000, 0x0000000717a00000, 0x0000000717a00000|100%| O|  |TAMS 0x0000000717800000, 0x0000000717800000| Untracked 
| 189|0x0000000717a00000, 0x0000000717c00000, 0x0000000717c00000|100%| O|  |TAMS 0x0000000717a00000, 0x0000000717a00000| Untracked 
| 190|0x0000000717c00000, 0x0000000717e00000, 0x0000000717e00000|100%| O|  |TAMS 0x0000000717c00000, 0x0000000717c00000| Untracked 
| 191|0x0000000717e00000, 0x0000000717ef2c00, 0x0000000718000000| 47%| O|  |TAMS 0x0000000717e00000, 0x0000000717e00000| Untracked 
| 192|0x0000000718000000, 0x0000000718000000, 0x0000000718200000|  0%| F|  |TAMS 0x0000000718000000, 0x0000000718000000| Untracked 
| 193|0x0000000718200000, 0x0000000718200000, 0x0000000718400000|  0%| F|  |TAMS 0x0000000718200000, 0x0000000718200000| Untracked 
| 194|0x0000000718400000, 0x0000000718400000, 0x0000000718600000|  0%| F|  |TAMS 0x0000000718400000, 0x0000000718400000| Untracked 
| 195|0x0000000718600000, 0x0000000718600000, 0x0000000718800000|  0%| F|  |TAMS 0x0000000718600000, 0x0000000718600000| Untracked 
| 196|0x0000000718800000, 0x0000000718800000, 0x0000000718a00000|  0%| F|  |TAMS 0x0000000718800000, 0x0000000718800000| Untracked 
| 197|0x0000000718a00000, 0x0000000718a00000, 0x0000000718c00000|  0%| F|  |TAMS 0x0000000718a00000, 0x0000000718a00000| Untracked 
| 198|0x0000000718c00000, 0x0000000718c00000, 0x0000000718e00000|  0%| F|  |TAMS 0x0000000718c00000, 0x0000000718c00000| Untracked 
| 199|0x0000000718e00000, 0x0000000718e00000, 0x0000000719000000|  0%| F|  |TAMS 0x0000000718e00000, 0x0000000718e00000| Untracked 
| 200|0x0000000719000000, 0x0000000719000000, 0x0000000719200000|  0%| F|  |TAMS 0x0000000719000000, 0x0000000719000000| Untracked 
| 201|0x0000000719200000, 0x0000000719200000, 0x0000000719400000|  0%| F|  |TAMS 0x0000000719200000, 0x0000000719200000| Untracked 
| 202|0x0000000719400000, 0x0000000719400000, 0x0000000719600000|  0%| F|  |TAMS 0x0000000719400000, 0x0000000719400000| Untracked 
| 203|0x0000000719600000, 0x0000000719600000, 0x0000000719800000|  0%| F|  |TAMS 0x0000000719600000, 0x0000000719600000| Untracked 
| 204|0x0000000719800000, 0x0000000719800000, 0x0000000719a00000|  0%| F|  |TAMS 0x0000000719800000, 0x0000000719800000| Untracked 
| 205|0x0000000719a00000, 0x0000000719a00000, 0x0000000719c00000|  0%| F|  |TAMS 0x0000000719a00000, 0x0000000719a00000| Untracked 
| 206|0x0000000719c00000, 0x0000000719c00000, 0x0000000719e00000|  0%| F|  |TAMS 0x0000000719c00000, 0x0000000719c00000| Untracked 
| 207|0x0000000719e00000, 0x0000000719e00000, 0x000000071a000000|  0%| F|  |TAMS 0x0000000719e00000, 0x0000000719e00000| Untracked 
| 208|0x000000071a000000, 0x000000071a000000, 0x000000071a200000|  0%| F|  |TAMS 0x000000071a000000, 0x000000071a000000| Untracked 
| 209|0x000000071a200000, 0x000000071a200000, 0x000000071a400000|  0%| F|  |TAMS 0x000000071a200000, 0x000000071a200000| Untracked 
| 210|0x000000071a400000, 0x000000071a400000, 0x000000071a600000|  0%| F|  |TAMS 0x000000071a400000, 0x000000071a400000| Untracked 
| 211|0x000000071a600000, 0x000000071a600000, 0x000000071a800000|  0%| F|  |TAMS 0x000000071a600000, 0x000000071a600000| Untracked 
| 212|0x000000071a800000, 0x000000071a800000, 0x000000071aa00000|  0%| F|  |TAMS 0x000000071a800000, 0x000000071a800000| Untracked 
| 213|0x000000071aa00000, 0x000000071aa00000, 0x000000071ac00000|  0%| F|  |TAMS 0x000000071aa00000, 0x000000071aa00000| Untracked 
| 214|0x000000071ac00000, 0x000000071ac00000, 0x000000071ae00000|  0%| F|  |TAMS 0x000000071ac00000, 0x000000071ac00000| Untracked 
| 215|0x000000071ae00000, 0x000000071ae00000, 0x000000071b000000|  0%| F|  |TAMS 0x000000071ae00000, 0x000000071ae00000| Untracked 
| 216|0x000000071b000000, 0x000000071b000000, 0x000000071b200000|  0%| F|  |TAMS 0x000000071b000000, 0x000000071b000000| Untracked 
| 217|0x000000071b200000, 0x000000071b200000, 0x000000071b400000|  0%| F|  |TAMS 0x000000071b200000, 0x000000071b200000| Untracked 
| 218|0x000000071b400000, 0x000000071b400000, 0x000000071b600000|  0%| F|  |TAMS 0x000000071b400000, 0x000000071b400000| Untracked 
| 219|0x000000071b600000, 0x000000071b600000, 0x000000071b800000|  0%| F|  |TAMS 0x000000071b600000, 0x000000071b600000| Untracked 
| 220|0x000000071b800000, 0x000000071b800000, 0x000000071ba00000|  0%| F|  |TAMS 0x000000071b800000, 0x000000071b800000| Untracked 
| 221|0x000000071ba00000, 0x000000071ba00000, 0x000000071bc00000|  0%| F|  |TAMS 0x000000071ba00000, 0x000000071ba00000| Untracked 
| 222|0x000000071bc00000, 0x000000071bc00000, 0x000000071be00000|  0%| F|  |TAMS 0x000000071bc00000, 0x000000071bc00000| Untracked 
| 223|0x000000071be00000, 0x000000071be00000, 0x000000071c000000|  0%| F|  |TAMS 0x000000071be00000, 0x000000071be00000| Untracked 
| 224|0x000000071c000000, 0x000000071c000000, 0x000000071c200000|  0%| F|  |TAMS 0x000000071c000000, 0x000000071c000000| Untracked 
| 225|0x000000071c200000, 0x000000071c200000, 0x000000071c400000|  0%| F|  |TAMS 0x000000071c200000, 0x000000071c200000| Untracked 
| 226|0x000000071c400000, 0x000000071c400000, 0x000000071c600000|  0%| F|  |TAMS 0x000000071c400000, 0x000000071c400000| Untracked 
| 227|0x000000071c600000, 0x000000071c600000, 0x000000071c800000|  0%| F|  |TAMS 0x000000071c600000, 0x000000071c600000| Untracked 
| 228|0x000000071c800000, 0x000000071c800000, 0x000000071ca00000|  0%| F|  |TAMS 0x000000071c800000, 0x000000071c800000| Untracked 
| 229|0x000000071ca00000, 0x000000071ca00000, 0x000000071cc00000|  0%| F|  |TAMS 0x000000071ca00000, 0x000000071ca00000| Untracked 
| 230|0x000000071cc00000, 0x000000071cc00000, 0x000000071ce00000|  0%| F|  |TAMS 0x000000071cc00000, 0x000000071cc00000| Untracked 
| 231|0x000000071ce00000, 0x000000071ce00000, 0x000000071d000000|  0%| F|  |TAMS 0x000000071ce00000, 0x000000071ce00000| Untracked 
| 232|0x000000071d000000, 0x000000071d000000, 0x000000071d200000|  0%| F|  |TAMS 0x000000071d000000, 0x000000071d000000| Untracked 
| 233|0x000000071d200000, 0x000000071d200000, 0x000000071d400000|  0%| F|  |TAMS 0x000000071d200000, 0x000000071d200000| Untracked 
| 234|0x000000071d400000, 0x000000071d400000, 0x000000071d600000|  0%| F|  |TAMS 0x000000071d400000, 0x000000071d400000| Untracked 
| 235|0x000000071d600000, 0x000000071d600000, 0x000000071d800000|  0%| F|  |TAMS 0x000000071d600000, 0x000000071d600000| Untracked 
| 236|0x000000071d800000, 0x000000071d800000, 0x000000071da00000|  0%| F|  |TAMS 0x000000071d800000, 0x000000071d800000| Untracked 
| 237|0x000000071da00000, 0x000000071da00000, 0x000000071dc00000|  0%| F|  |TAMS 0x000000071da00000, 0x000000071da00000| Untracked 
| 238|0x000000071dc00000, 0x000000071dc00000, 0x000000071de00000|  0%| F|  |TAMS 0x000000071dc00000, 0x000000071dc00000| Untracked 
| 239|0x000000071de00000, 0x000000071de00000, 0x000000071e000000|  0%| F|  |TAMS 0x000000071de00000, 0x000000071de00000| Untracked 
| 240|0x000000071e000000, 0x000000071e000000, 0x000000071e200000|  0%| F|  |TAMS 0x000000071e000000, 0x000000071e000000| Untracked 
| 241|0x000000071e200000, 0x000000071e200000, 0x000000071e400000|  0%| F|  |TAMS 0x000000071e200000, 0x000000071e200000| Untracked 
| 242|0x000000071e400000, 0x000000071e400000, 0x000000071e600000|  0%| F|  |TAMS 0x000000071e400000, 0x000000071e400000| Untracked 
| 243|0x000000071e600000, 0x000000071e600000, 0x000000071e800000|  0%| F|  |TAMS 0x000000071e600000, 0x000000071e600000| Untracked 
| 244|0x000000071e800000, 0x000000071e800000, 0x000000071ea00000|  0%| F|  |TAMS 0x000000071e800000, 0x000000071e800000| Untracked 
| 245|0x000000071ea00000, 0x000000071ea00000, 0x000000071ec00000|  0%| F|  |TAMS 0x000000071ea00000, 0x000000071ea00000| Untracked 
| 246|0x000000071ec00000, 0x000000071ec00000, 0x000000071ee00000|  0%| F|  |TAMS 0x000000071ec00000, 0x000000071ec00000| Untracked 
| 247|0x000000071ee00000, 0x000000071ee00000, 0x000000071f000000|  0%| F|  |TAMS 0x000000071ee00000, 0x000000071ee00000| Untracked 
| 248|0x000000071f000000, 0x000000071f000000, 0x000000071f200000|  0%| F|  |TAMS 0x000000071f000000, 0x000000071f000000| Untracked 
| 249|0x000000071f200000, 0x000000071f400000, 0x000000071f400000|100%| S|CS|TAMS 0x000000071f200000, 0x000000071f200000| Complete 
| 250|0x000000071f400000, 0x000000071f600000, 0x000000071f600000|100%| S|CS|TAMS 0x000000071f400000, 0x000000071f400000| Complete 
| 251|0x000000071f600000, 0x000000071f800000, 0x000000071f800000|100%| S|CS|TAMS 0x000000071f600000, 0x000000071f600000| Complete 
| 252|0x000000071f800000, 0x000000071fa00000, 0x000000071fa00000|100%| S|CS|TAMS 0x000000071f800000, 0x000000071f800000| Complete 
| 253|0x000000071fa00000, 0x000000071fc00000, 0x000000071fc00000|100%| S|CS|TAMS 0x000000071fa00000, 0x000000071fa00000| Complete 
| 254|0x000000071fc00000, 0x000000071fc00000, 0x000000071fe00000|  0%| F|  |TAMS 0x000000071fc00000, 0x000000071fc00000| Untracked 
| 255|0x000000071fe00000, 0x000000071fe00000, 0x0000000720000000|  0%| F|  |TAMS 0x000000071fe00000, 0x000000071fe00000| Untracked 
| 256|0x0000000720000000, 0x0000000720000000, 0x0000000720200000|  0%| F|  |TAMS 0x0000000720000000, 0x0000000720000000| Untracked 
| 257|0x0000000720200000, 0x0000000720200000, 0x0000000720400000|  0%| F|  |TAMS 0x0000000720200000, 0x0000000720200000| Untracked 
| 258|0x0000000720400000, 0x0000000720400000, 0x0000000720600000|  0%| F|  |TAMS 0x0000000720400000, 0x0000000720400000| Untracked 
| 259|0x0000000720600000, 0x0000000720600000, 0x0000000720800000|  0%| F|  |TAMS 0x0000000720600000, 0x0000000720600000| Untracked 
| 260|0x0000000720800000, 0x0000000720800000, 0x0000000720a00000|  0%| F|  |TAMS 0x0000000720800000, 0x0000000720800000| Untracked 
| 261|0x0000000720a00000, 0x0000000720a00000, 0x0000000720c00000|  0%| F|  |TAMS 0x0000000720a00000, 0x0000000720a00000| Untracked 
| 262|0x0000000720c00000, 0x0000000720c00000, 0x0000000720e00000|  0%| F|  |TAMS 0x0000000720c00000, 0x0000000720c00000| Untracked 
| 263|0x0000000720e00000, 0x0000000720e00000, 0x0000000721000000|  0%| F|  |TAMS 0x0000000720e00000, 0x0000000720e00000| Untracked 
| 264|0x0000000721000000, 0x0000000721000000, 0x0000000721200000|  0%| F|  |TAMS 0x0000000721000000, 0x0000000721000000| Untracked 
| 265|0x0000000721200000, 0x0000000721200000, 0x0000000721400000|  0%| F|  |TAMS 0x0000000721200000, 0x0000000721200000| Untracked 
| 266|0x0000000721400000, 0x0000000721400000, 0x0000000721600000|  0%| F|  |TAMS 0x0000000721400000, 0x0000000721400000| Untracked 
| 267|0x0000000721600000, 0x0000000721600000, 0x0000000721800000|  0%| F|  |TAMS 0x0000000721600000, 0x0000000721600000| Untracked 
| 268|0x0000000721800000, 0x0000000721800000, 0x0000000721a00000|  0%| F|  |TAMS 0x0000000721800000, 0x0000000721800000| Untracked 
| 269|0x0000000721a00000, 0x0000000721a00000, 0x0000000721c00000|  0%| F|  |TAMS 0x0000000721a00000, 0x0000000721a00000| Untracked 
| 270|0x0000000721c00000, 0x0000000721c00000, 0x0000000721e00000|  0%| F|  |TAMS 0x0000000721c00000, 0x0000000721c00000| Untracked 
| 271|0x0000000721e00000, 0x0000000721e00000, 0x0000000722000000|  0%| F|  |TAMS 0x0000000721e00000, 0x0000000721e00000| Untracked 
| 272|0x0000000722000000, 0x0000000722000000, 0x0000000722200000|  0%| F|  |TAMS 0x0000000722000000, 0x0000000722000000| Untracked 
| 273|0x0000000722200000, 0x0000000722200000, 0x0000000722400000|  0%| F|  |TAMS 0x0000000722200000, 0x0000000722200000| Untracked 
| 274|0x0000000722400000, 0x0000000722400000, 0x0000000722600000|  0%| F|  |TAMS 0x0000000722400000, 0x0000000722400000| Untracked 
| 275|0x0000000722600000, 0x0000000722600000, 0x0000000722800000|  0%| F|  |TAMS 0x0000000722600000, 0x0000000722600000| Untracked 
| 276|0x0000000722800000, 0x0000000722800000, 0x0000000722a00000|  0%| F|  |TAMS 0x0000000722800000, 0x0000000722800000| Untracked 
| 277|0x0000000722a00000, 0x0000000722a00000, 0x0000000722c00000|  0%| F|  |TAMS 0x0000000722a00000, 0x0000000722a00000| Untracked 
| 278|0x0000000722c00000, 0x0000000722c00000, 0x0000000722e00000|  0%| F|  |TAMS 0x0000000722c00000, 0x0000000722c00000| Untracked 
| 279|0x0000000722e00000, 0x0000000722e00000, 0x0000000723000000|  0%| F|  |TAMS 0x0000000722e00000, 0x0000000722e00000| Untracked 
| 280|0x0000000723000000, 0x0000000723000000, 0x0000000723200000|  0%| F|  |TAMS 0x0000000723000000, 0x0000000723000000| Untracked 
| 281|0x0000000723200000, 0x0000000723200000, 0x0000000723400000|  0%| F|  |TAMS 0x0000000723200000, 0x0000000723200000| Untracked 
| 282|0x0000000723400000, 0x0000000723400000, 0x0000000723600000|  0%| F|  |TAMS 0x0000000723400000, 0x0000000723400000| Untracked 
| 283|0x0000000723600000, 0x0000000723600000, 0x0000000723800000|  0%| F|  |TAMS 0x0000000723600000, 0x0000000723600000| Untracked 
| 284|0x0000000723800000, 0x0000000723800000, 0x0000000723a00000|  0%| F|  |TAMS 0x0000000723800000, 0x0000000723800000| Untracked 
| 285|0x0000000723a00000, 0x0000000723a00000, 0x0000000723c00000|  0%| F|  |TAMS 0x0000000723a00000, 0x0000000723a00000| Untracked 
| 286|0x0000000723c00000, 0x0000000723c00000, 0x0000000723e00000|  0%| F|  |TAMS 0x0000000723c00000, 0x0000000723c00000| Untracked 
| 287|0x0000000723e00000, 0x0000000723e00000, 0x0000000724000000|  0%| F|  |TAMS 0x0000000723e00000, 0x0000000723e00000| Untracked 
| 288|0x0000000724000000, 0x0000000724000000, 0x0000000724200000|  0%| F|  |TAMS 0x0000000724000000, 0x0000000724000000| Untracked 
|2037|0x00000007fea00000, 0x00000007fec00000, 0x00000007fec00000|100%| O|  |TAMS 0x00000007fea00000, 0x00000007fea00000| Untracked 
|2038|0x00000007fec00000, 0x00000007fee00000, 0x00000007fee00000|100%| O|  |TAMS 0x00000007fec00000, 0x00000007fec00000| Untracked 
|2039|0x00000007fee00000, 0x00000007ff000000, 0x00000007ff000000|100%| O|  |TAMS 0x00000007fee00000, 0x00000007fee00000| Untracked 
|2040|0x00000007ff000000, 0x00000007ff200000, 0x00000007ff200000|100%| O|  |TAMS 0x00000007ff000000, 0x00000007ff000000| Untracked 
|2041|0x00000007ff200000, 0x00000007ff400000, 0x00000007ff400000|100%| O|  |TAMS 0x00000007ff200000, 0x00000007ff200000| Untracked 
|2042|0x00000007ff400000, 0x00000007ff600000, 0x00000007ff600000|100%| O|  |TAMS 0x00000007ff400000, 0x00000007ff400000| Untracked 
|2043|0x00000007ff600000, 0x00000007ff800000, 0x00000007ff800000|100%| O|  |TAMS 0x00000007ff600000, 0x00000007ff600000| Untracked 
|2044|0x00000007ff800000, 0x00000007ffa00000, 0x00000007ffa00000|100%| O|  |TAMS 0x00000007ff800000, 0x00000007ff800000| Untracked 
|2045|0x00000007ffa00000, 0x00000007ffc00000, 0x00000007ffc00000|100%| O|  |TAMS 0x00000007ffa00000, 0x00000007ffa00000| Untracked 
|2046|0x00000007ffc00000, 0x00000007ffe00000, 0x00000007ffe00000|100%| O|  |TAMS 0x00000007ffc00000, 0x00000007ffc00000| Untracked 
|2047|0x00000007ffe00000, 0x0000000800000000, 0x0000000800000000|100%| O|  |TAMS 0x00000007ffe00000, 0x00000007ffe00000| Untracked 

Card table byte_map: [0x0000022f34b90000,0x0000022f35390000] _byte_map_base: 0x0000022f31390000

Marking Bits (Prev, Next): (CMBitMap*) 0x0000022f1b861f70, (CMBitMap*) 0x0000022f1b861f30
 Prev Bits: [0x0000022f39b90000, 0x0000022f3db90000)
 Next Bits: [0x0000022f35b90000, 0x0000022f39b90000)

Polling page: 0x0000022f24900000

Metaspace:

Usage:
  Non-class:    110.38 MB used.
      Class:     18.11 MB used.
       Both:    128.49 MB used.

Virtual space:
  Non-class space:      128.00 MB reserved,     111.50 MB ( 87%) committed,  2 nodes.
      Class space:      416.00 MB reserved,      19.12 MB (  5%) committed,  1 nodes.
             Both:      544.00 MB reserved,     130.62 MB ( 24%) committed. 

Chunk freelists:
   Non-Class:  15.67 MB
       Class:  12.80 MB
        Both:  28.47 MB

MaxMetaspaceSize: 512.00 MB
CompressedClassSpaceSize: 416.00 MB
Initial GC threshold: 21.00 MB
Current GC threshold: 199.00 MB
CDS: on
MetaspaceReclaimPolicy: balanced
 - commit_granule_bytes: 65536.
 - commit_granule_words: 8192.
 - virtual_space_node_default_size: 8388608.
 - enlarge_chunks_in_place: 1.
 - new_chunks_are_fully_committed: 0.
 - uncommit_free_chunks: 1.
 - use_allocation_guard: 0.
 - handle_deallocations: 1.


Internal statistics:

num_allocs_failed_limit: 9.
num_arena_births: 3348.
num_arena_deaths: 2.
num_vsnodes_births: 3.
num_vsnodes_deaths: 0.
num_space_committed: 2089.
num_space_uncommitted: 0.
num_chunks_returned_to_freelist: 12.
num_chunks_taken_from_freelist: 9976.
num_chunk_merges: 9.
num_chunk_splits: 6092.
num_chunks_enlarged: 3412.
num_inconsistent_stats: 0.

CodeHeap 'non-profiled nmethods': size=120000Kb used=14816Kb max_used=15333Kb free=105183Kb
 bounds [0x0000022f2c3f0000, 0x0000022f2d2f0000, 0x0000022f33920000]
CodeHeap 'profiled nmethods': size=120000Kb used=34819Kb max_used=35195Kb free=85180Kb
 bounds [0x0000022f24920000, 0x0000022f26ba0000, 0x0000022f2be50000]
CodeHeap 'non-nmethods': size=5760Kb used=1841Kb max_used=1904Kb free=3918Kb
 bounds [0x0000022f2be50000, 0x0000022f2c0c0000, 0x0000022f2c3f0000]
 total_blobs=18870 nmethods=17926 adapters=855
 compilation: enabled
              stopped_count=0, restarted_count=0
 full_count=0

Compilation events (20 events):
Event: 42.635 Thread 0x0000022f4059a740 nmethod 22032 0x0000022f261ab510 code [0x0000022f261ab6c0, 0x0000022f261ab858]
Event: 42.635 Thread 0x0000022f4059a740 22033       2       com.android.tools.r8.graph.G2::a (19 bytes)
Event: 42.635 Thread 0x0000022f4059a740 nmethod 22033 0x0000022f26551990 code [0x0000022f26551b40, 0x0000022f26551c98]
Event: 42.635 Thread 0x0000022f4059a740 22040       2       com.android.tools.r8.graph.G2::p (6 bytes)
Event: 42.635 Thread 0x0000022f4059a740 nmethod 22040 0x0000022f261ab190 code [0x0000022f261ab320, 0x0000022f261ab438]
Event: 42.635 Thread 0x0000022f4059a740 22031       2       com.android.tools.r8.internal.yL::a (46 bytes)
Event: 42.635 Thread 0x0000022f4059a740 nmethod 22031 0x0000022f26551110 code [0x0000022f26551300, 0x0000022f26551678]
Event: 42.635 Thread 0x0000022f4059a740 22034       2       com.android.tools.r8.graph.N4$$Lambda$3002/0x0000022f4332d040::apply (16 bytes)
Event: 42.635 Thread 0x0000022f4059a740 nmethod 22034 0x0000022f26885990 code [0x0000022f26885b40, 0x0000022f26885d18]
Event: 42.635 Thread 0x0000022f4059a740 22046       2       com.android.tools.r8.graph.J2::b (44 bytes)
Event: 42.635 Thread 0x0000022f4059a740 nmethod 22046 0x0000022f26885490 code [0x0000022f26885640, 0x0000022f26885858]
Event: 42.635 Thread 0x0000022f4059a740 22043       2       com.android.tools.r8.graph.g::a (20 bytes)
Event: 42.635 Thread 0x0000022f4059a740 nmethod 22043 0x0000022f26885090 code [0x0000022f26885220, 0x0000022f26885338]
Event: 42.635 Thread 0x0000022f4059a740 22035       2       com.android.tools.r8.graph.N4::a (21 bytes)
Event: 42.636 Thread 0x0000022f4059a740 nmethod 22035 0x0000022f2688c310 code [0x0000022f2688c4c0, 0x0000022f2688c618]
Event: 42.636 Thread 0x0000022f4059a740 22036       2       com.android.tools.r8.internal.e80::test (8 bytes)
Event: 42.636 Thread 0x0000022f4059a740 nmethod 22036 0x0000022f2688bf90 code [0x0000022f2688c140, 0x0000022f2688c268]
Event: 42.636 Thread 0x0000022f4059a740 22037       2       com.android.tools.r8.graph.O4$$Lambda$3005/0x0000022f4332f708::accept (16 bytes)
Event: 42.636 Thread 0x0000022f4059a740 nmethod 22037 0x0000022f2688bb90 code [0x0000022f2688bd40, 0x0000022f2688bec8]
Event: 42.636 Thread 0x0000022f4059a740 22038       2       com.android.tools.r8.graph.O4::b (36 bytes)

GC Heap History (20 events):
Event: 32.884 GC heap after
{Heap after GC invocations=52 (full 0):
 garbage-first heap   total 448512K, used 273257K [0x0000000700000000, 0x0000000800000000)
  region size 2048K, 8 young (16384K), 8 survivors (16384K)
 Metaspace       used 116449K, committed 118272K, reserved 557056K
  class space    used 16327K, committed 17216K, reserved 425984K
}
Event: 33.573 GC heap before
{Heap before GC invocations=52 (full 0):
 garbage-first heap   total 448512K, used 363369K [0x0000000700000000, 0x0000000800000000)
  region size 2048K, 52 young (106496K), 8 survivors (16384K)
 Metaspace       used 117686K, committed 119616K, reserved 557056K
  class space    used 16536K, committed 17472K, reserved 425984K
}
Event: 33.591 GC heap after
{Heap after GC invocations=53 (full 0):
 garbage-first heap   total 448512K, used 283626K [0x0000000700000000, 0x0000000800000000)
  region size 2048K, 6 young (12288K), 6 survivors (12288K)
 Metaspace       used 117686K, committed 119616K, reserved 557056K
  class space    used 16536K, committed 17472K, reserved 425984K
}
Event: 33.916 GC heap before
{Heap before GC invocations=53 (full 0):
 garbage-first heap   total 448512K, used 367594K [0x0000000700000000, 0x0000000800000000)
  region size 2048K, 48 young (98304K), 6 survivors (12288K)
 Metaspace       used 118021K, committed 119936K, reserved 557056K
  class space    used 16568K, committed 17472K, reserved 425984K
}
Event: 33.929 GC heap after
{Heap after GC invocations=54 (full 0):
 garbage-first heap   total 448512K, used 290123K [0x0000000700000000, 0x0000000800000000)
  region size 2048K, 4 young (8192K), 4 survivors (8192K)
 Metaspace       used 118021K, committed 119936K, reserved 557056K
  class space    used 16568K, committed 17472K, reserved 425984K
}
Event: 34.177 GC heap before
{Heap before GC invocations=54 (full 0):
 garbage-first heap   total 448512K, used 355659K [0x0000000700000000, 0x0000000800000000)
  region size 2048K, 38 young (77824K), 4 survivors (8192K)
 Metaspace       used 119952K, committed 121920K, reserved 557056K
  class space    used 16725K, committed 17664K, reserved 425984K
}
Event: 34.186 GC heap after
{Heap after GC invocations=55 (full 0):
 garbage-first heap   total 538624K, used 294148K [0x0000000700000000, 0x0000000800000000)
  region size 2048K, 4 young (8192K), 4 survivors (8192K)
 Metaspace       used 119952K, committed 121920K, reserved 557056K
  class space    used 16725K, committed 17664K, reserved 425984K
}
Event: 35.101 GC heap before
{Heap before GC invocations=56 (full 0):
 garbage-first heap   total 591872K, used 433412K [0x0000000700000000, 0x0000000800000000)
  region size 2048K, 73 young (149504K), 4 survivors (8192K)
 Metaspace       used 120474K, committed 122432K, reserved 557056K
  class space    used 16785K, committed 17728K, reserved 425984K
}
Event: 35.115 GC heap after
{Heap after GC invocations=57 (full 0):
 garbage-first heap   total 591872K, used 298769K [0x0000000700000000, 0x0000000800000000)
  region size 2048K, 6 young (12288K), 6 survivors (12288K)
 Metaspace       used 120474K, committed 122432K, reserved 557056K
  class space    used 16785K, committed 17728K, reserved 425984K
}
Event: 35.268 GC heap before
{Heap before GC invocations=57 (full 0):
 garbage-first heap   total 591872K, used 315153K [0x0000000700000000, 0x0000000800000000)
  region size 2048K, 14 young (28672K), 6 survivors (12288K)
 Metaspace       used 120474K, committed 122432K, reserved 557056K
  class space    used 16785K, committed 17728K, reserved 425984K
}
Event: 35.280 GC heap after
{Heap after GC invocations=58 (full 0):
 garbage-first heap   total 591872K, used 288148K [0x0000000700000000, 0x0000000800000000)
  region size 2048K, 2 young (4096K), 2 survivors (4096K)
 Metaspace       used 120474K, committed 122432K, reserved 557056K
  class space    used 16785K, committed 17728K, reserved 425984K
}
Event: 36.364 GC heap before
{Heap before GC invocations=58 (full 0):
 garbage-first heap   total 591872K, used 478612K [0x0000000700000000, 0x0000000800000000)
  region size 2048K, 96 young (196608K), 2 survivors (4096K)
 Metaspace       used 121660K, committed 123712K, reserved 557056K
  class space    used 16970K, committed 17984K, reserved 425984K
}
Event: 36.374 GC heap after
{Heap after GC invocations=59 (full 0):
 garbage-first heap   total 591872K, used 296229K [0x0000000700000000, 0x0000000800000000)
  region size 2048K, 6 young (12288K), 6 survivors (12288K)
 Metaspace       used 121660K, committed 123712K, reserved 557056K
  class space    used 16970K, committed 17984K, reserved 425984K
}
Event: 37.591 GC heap before
{Heap before GC invocations=59 (full 0):
 garbage-first heap   total 591872K, used 484645K [0x0000000700000000, 0x0000000800000000)
  region size 2048K, 99 young (202752K), 6 survivors (12288K)
 Metaspace       used 124882K, committed 126976K, reserved 557056K
  class space    used 17397K, committed 18432K, reserved 425984K
}
Event: 37.604 GC heap after
{Heap after GC invocations=60 (full 0):
 garbage-first heap   total 591872K, used 303588K [0x0000000700000000, 0x0000000800000000)
  region size 2048K, 9 young (18432K), 9 survivors (18432K)
 Metaspace       used 124882K, committed 126976K, reserved 557056K
  class space    used 17397K, committed 18432K, reserved 425984K
}
Event: 40.075 GC heap before
{Heap before GC invocations=60 (full 0):
 garbage-first heap   total 591872K, used 543204K [0x0000000700000000, 0x0000000800000000)
  region size 2048K, 101 young (206848K), 9 survivors (18432K)
 Metaspace       used 128814K, committed 130944K, reserved 557056K
  class space    used 17961K, committed 19008K, reserved 425984K
}
Event: 41.110 GC heap after
{Heap after GC invocations=61 (full 0):
 garbage-first heap   total 614400K, used 386665K [0x0000000700000000, 0x0000000800000000)
  region size 2048K, 13 young (26624K), 13 survivors (26624K)
 Metaspace       used 128814K, committed 130944K, reserved 557056K
  class space    used 17961K, committed 19008K, reserved 425984K
}
Event: 41.240 GC heap before
{Heap before GC invocations=61 (full 0):
 garbage-first heap   total 614400K, used 409193K [0x0000000700000000, 0x0000000800000000)
  region size 2048K, 23 young (47104K), 13 survivors (26624K)
 Metaspace       used 128835K, committed 130944K, reserved 557056K
  class space    used 17963K, committed 19008K, reserved 425984K
}
Event: 41.254 GC heap after
{Heap after GC invocations=62 (full 0):
 garbage-first heap   total 614400K, used 399360K [0x0000000700000000, 0x0000000800000000)
  region size 2048K, 3 young (6144K), 3 survivors (6144K)
 Metaspace       used 128835K, committed 130944K, reserved 557056K
  class space    used 17963K, committed 19008K, reserved 425984K
}
Event: 43.665 GC heap before
{Heap before GC invocations=62 (full 0):
 garbage-first heap   total 614400K, used 464896K [0x0000000700000000, 0x0000000800000000)
  region size 2048K, 35 young (71680K), 3 survivors (6144K)
 Metaspace       used 131577K, committed 133760K, reserved 557056K
  class space    used 18543K, committed 19584K, reserved 425984K
}

Dll operation events (15 events):
Event: 0.008 Loaded shared library C:\Program Files\Eclipse Adoptium\jdk-17.0.18.8-hotspot\bin\java.dll
Event: 0.021 Loaded shared library C:\Program Files\Eclipse Adoptium\jdk-17.0.18.8-hotspot\bin\jsvml.dll
Event: 0.061 Loaded shared library C:\Program Files\Eclipse Adoptium\jdk-17.0.18.8-hotspot\bin\zip.dll
Event: 0.063 Loaded shared library C:\Program Files\Eclipse Adoptium\jdk-17.0.18.8-hotspot\bin\instrument.dll
Event: 0.068 Loaded shared library C:\Program Files\Eclipse Adoptium\jdk-17.0.18.8-hotspot\bin\net.dll
Event: 0.070 Loaded shared library C:\Program Files\Eclipse Adoptium\jdk-17.0.18.8-hotspot\bin\nio.dll
Event: 0.071 Loaded shared library C:\Program Files\Eclipse Adoptium\jdk-17.0.18.8-hotspot\bin\zip.dll
Event: 0.267 Loaded shared library C:\Program Files\Eclipse Adoptium\jdk-17.0.18.8-hotspot\bin\jimage.dll
Event: 0.465 Loaded shared library C:\Program Files\Eclipse Adoptium\jdk-17.0.18.8-hotspot\bin\verify.dll
Event: 0.502 Loaded shared library C:\Users\hp\.gradle\native\1def1411415f61bf3af743bc5b6707747c0891f09f0c88961ee8f79bc544acac\windows-amd64\native-platform.dll
Event: 0.515 Loaded shared library C:\Users\hp\.gradle\native\0.2.8\x86_64-windows-gnu\gradle-fileevents.dll
Event: 1.539 Loaded shared library C:\Program Files\Eclipse Adoptium\jdk-17.0.18.8-hotspot\bin\management.dll
Event: 1.543 Loaded shared library C:\Program Files\Eclipse Adoptium\jdk-17.0.18.8-hotspot\bin\management_ext.dll
Event: 1.750 Loaded shared library C:\Program Files\Eclipse Adoptium\jdk-17.0.18.8-hotspot\bin\extnet.dll
Event: 1.959 Loaded shared library C:\Program Files\Eclipse Adoptium\jdk-17.0.18.8-hotspot\bin\sunmscapi.dll

Deoptimization events (20 events):
Event: 41.485 Thread 0x0000022f680a8ce0 DEOPT PACKING pc=0x0000022f2d2cf524 sp=0x00000063a0ffe8e0
Event: 41.485 Thread 0x0000022f680a6970 DEOPT UNPACKING pc=0x0000022f2beaa1a3 sp=0x00000063a14fe980 mode 2
Event: 41.485 Thread 0x0000022f680a6460 DEOPT UNPACKING pc=0x0000022f2beaa1a3 sp=0x00000063a10fedd0 mode 2
Event: 41.485 Thread 0x0000022f680a8ce0 DEOPT UNPACKING pc=0x0000022f2beaa1a3 sp=0x00000063a0ffe880 mode 2
Event: 41.489 Thread 0x0000022f680a8ce0 Uncommon trap: trap_request=0xffffff45 fr.pc=0x0000022f2d296aa4 relative=0x0000000000000dc4
Event: 41.489 Thread 0x0000022f680a8ce0 Uncommon trap: reason=unstable_if action=reinterpret pc=0x0000022f2d296aa4 method=java.util.zip.ZipFile$Source.getEntryPos(Ljava/lang/String;Z)I @ 120 c2
Event: 41.489 Thread 0x0000022f680a8ce0 DEOPT PACKING pc=0x0000022f2d296aa4 sp=0x00000063a0ffa630
Event: 41.489 Thread 0x0000022f680a8ce0 DEOPT UNPACKING pc=0x0000022f2beaa1a3 sp=0x00000063a0ffa5e8 mode 2
Event: 41.490 Thread 0x0000022f680a8ce0 Uncommon trap: trap_request=0xffffff45 fr.pc=0x0000022f2d2c7af4 relative=0x0000000000000154
Event: 41.490 Thread 0x0000022f680a8ce0 Uncommon trap: reason=unstable_if action=reinterpret pc=0x0000022f2d2c7af4 method=com.android.tools.r8.internal.AH.get(I)Ljava/lang/Object; @ 1 c2
Event: 41.490 Thread 0x0000022f680a8ce0 DEOPT PACKING pc=0x0000022f2d2c7af4 sp=0x00000063a0ffe570
Event: 41.490 Thread 0x0000022f680a8ce0 DEOPT UNPACKING pc=0x0000022f2beaa1a3 sp=0x00000063a0ffe508 mode 2
Event: 42.586 Thread 0x0000022f680a6460 Uncommon trap: trap_request=0xffffff45 fr.pc=0x0000022f2cf1b4a8 relative=0x0000000000000f08
Event: 42.586 Thread 0x0000022f680a8ce0 Uncommon trap: trap_request=0xffffff45 fr.pc=0x0000022f2c7d5b40 relative=0x00000000000003a0
Event: 42.589 Thread 0x0000022f680a6460 Uncommon trap: reason=unstable_if action=reinterpret pc=0x0000022f2cf1b4a8 method=com.android.tools.r8.dex.C.h()Lcom/android/tools/r8/graph/P2; @ 58 c2
Event: 42.589 Thread 0x0000022f680a8ce0 Uncommon trap: reason=unstable_if action=reinterpret pc=0x0000022f2c7d5b40 method=java.util.concurrent.ConcurrentLinkedQueue.offer(Ljava/lang/Object;)Z @ 96 c2
Event: 42.589 Thread 0x0000022f680a6460 DEOPT PACKING pc=0x0000022f2cf1b4a8 sp=0x00000063a10feda0
Event: 42.589 Thread 0x0000022f680a6460 DEOPT UNPACKING pc=0x0000022f2beaa1a3 sp=0x00000063a10fed88 mode 2
Event: 42.589 Thread 0x0000022f680a8ce0 DEOPT PACKING pc=0x0000022f2c7d5b40 sp=0x00000063a0ffea40
Event: 42.589 Thread 0x0000022f680a8ce0 DEOPT UNPACKING pc=0x0000022f2beaa1a3 sp=0x00000063a0ffe980 mode 2

Classes loaded (20 events):
Event: 38.868 Loading class sun/nio/fs/Globs
Event: 38.869 Loading class sun/nio/fs/Globs done
Event: 38.869 Loading class java/util/regex/Pattern$SliceU
Event: 38.869 Loading class java/util/regex/Pattern$SliceU done
Event: 38.869 Loading class sun/nio/fs/WindowsFileSystem$2
Event: 38.869 Loading class sun/nio/fs/WindowsFileSystem$2 done
Event: 38.996 Loading class java/util/zip/ZipInputStream
Event: 38.996 Loading class java/util/zip/ZipInputStream done
Event: 39.065 Loading class java/io/UTFDataFormatException
Event: 39.065 Loading class java/io/UTFDataFormatException done
Event: 39.292 Loading class java/nio/BufferUnderflowException
Event: 39.292 Loading class java/nio/BufferUnderflowException done
Event: 41.257 Loading class java/util/concurrent/ForkJoinTask$AdaptedCallable
Event: 41.262 Loading class java/util/concurrent/ForkJoinTask$AdaptedCallable done
Event: 41.262 Loading class java/util/concurrent/ForkJoinPool$DefaultForkJoinWorkerThreadFactory$1
Event: 41.265 Loading class java/util/concurrent/ForkJoinPool$DefaultForkJoinWorkerThreadFactory$1 done
Event: 41.476 Loading class java/nio/ShortBuffer
Event: 41.477 Loading class java/nio/ShortBuffer done
Event: 41.477 Loading class java/nio/HeapShortBuffer
Event: 41.477 Loading class java/nio/HeapShortBuffer done

Classes unloaded (1 events):
Event: 34.464 Thread 0x0000022f40567a70 Unloading class 0x0000022f43131800 'jdk/internal/reflect/GeneratedSerializationConstructorAccessor82'

Classes redefined (0 events):
No events

Internal exceptions (20 events):
Event: 37.291 Thread 0x0000022f6683f950 Exception <a 'java/lang/NoSuchMethodError'{0x000000071ebbb7f8}: static Lorg/jetbrains/kotlin/incremental/ClasspathChanges$ClasspathSnapshotEnabled$IncrementalRun;.<clinit>()V> (0x000000071ebbb7f8) 
thrown [s\src\hotspot\share\prims\jni.cpp, line 1112]
Event: 37.291 Thread 0x0000022f6683f950 Exception <a 'java/lang/NoSuchMethodError'{0x000000071ebbd540}: static Lorg/jetbrains/kotlin/incremental/ClasspathChanges$ClasspathSnapshotEnabled;.<clinit>()V> (0x000000071ebbd540) 
thrown [s\src\hotspot\share\prims\jni.cpp, line 1112]
Event: 37.292 Thread 0x0000022f6683f950 Exception <a 'java/lang/NoSuchMethodError'{0x000000071ebbf5d0}: static Lorg/jetbrains/kotlin/incremental/ClasspathChanges;.<clinit>()V> (0x000000071ebbf5d0) 
thrown [s\src\hotspot\share\prims\jni.cpp, line 1112]
Event: 37.302 Thread 0x0000022f6683f950 Exception <a 'java/lang/NoSuchMethodError'{0x000000071e888288}: static Lorg/jetbrains/kotlin/gradle/report/GradleBuildMetricsReporter;.<clinit>()V> (0x000000071e888288) 
thrown [s\src\hotspot\share\prims\jni.cpp, line 1112]
Event: 37.302 Thread 0x0000022f6683f950 Exception <a 'java/lang/NoSuchMethodError'{0x000000071e88b4a8}: static Lorg/jetbrains/kotlin/build/report/metrics/BuildMetricsReporterImpl;.<clinit>()V> (0x000000071e88b4a8) 
thrown [s\src\hotspot\share\prims\jni.cpp, line 1112]
Event: 37.305 Thread 0x0000022f6683f950 Exception <a 'java/lang/NoSuchMethodError'{0x000000071e8da0b0}: static Lorg/jetbrains/kotlin/build/report/metrics/GcMetrics;.<clinit>()V> (0x000000071e8da0b0) 
thrown [s\src\hotspot\share\prims\jni.cpp, line 1112]
Event: 37.316 Thread 0x0000022f668463a0 Exception <a 'sun/nio/fs/WindowsException'{0x000000071e970e18}> (0x000000071e970e18) 
thrown [s\src\hotspot\share\prims\jni.cpp, line 516]
Event: 37.364 Thread 0x0000022f640146e0 Exception <a 'java/lang/NoSuchMethodError'{0x000000071df9edf8}: 'long java.lang.invoke.DirectMethodHandle$Holder.invokeStaticInit(java.lang.Object)'> (0x000000071df9edf8) 
thrown [s\src\hotspot\share\interpreter\linkResolver.cpp, line 759]
Event: 37.385 Thread 0x0000022f640146e0 Exception <a 'java/lang/NoSuchMethodError'{0x000000071d53ce28}: 'int java.lang.invoke.DirectMethodHandle$Holder.invokeStatic(java.lang.Object, long)'> (0x000000071d53ce28) 
thrown [s\src\hotspot\share\interpreter\linkResolver.cpp, line 759]
Event: 37.391 Thread 0x0000022f640146e0 Exception <a 'java/lang/NoSuchMethodError'{0x000000071d35e0a0}: 'int java.lang.invoke.DirectMethodHandle$Holder.invokeStatic(java.lang.Object, java.lang.Object, java.lang.Object, int)'> (0x000000071d35e0a0) 
thrown [s\src\hotspot\share\interpreter\linkResolver.cpp, line 759]
Event: 38.824 Thread 0x0000022f66845e90 Exception <a 'java/lang/reflect/InvocationTargetException'{0x0000000721398360}> (0x0000000721398360) 
thrown [s\src\hotspot\share\runtime\reflection.cpp, line 1128]
Event: 39.313 Thread 0x0000022f680a91f0 Exception <a 'java/lang/NoSuchMethodError'{0x000000071eaa72d8}: 'java.lang.Object java.lang.invoke.DirectMethodHandle$Holder.invokeStaticInit(java.lang.Object, java.lang.Object, java.lang.Object, java.lang.Object, java.lang.Object, java.lang.Object, java.lang.Object, java.lang.Object, java.lang.Object, java.lang.Object, java.lang.Object, java.lang.Object, java.lang.Object, java.lang.Object, java.lang.Object, java.lang.Object, java.lang.Object, java.lang.Object, java.lang.Object, java.lang.Object, int, java
Event: 39.314 Thread 0x0000022f680a91f0 Exception <a 'java/lang/IncompatibleClassChangeError'{0x000000071eac08e8}: Found class java.lang.Object, but interface was expected> (0x000000071eac08e8) 
thrown [s\src\hotspot\share\interpreter\linkResolver.cpp, line 826]
Event: 39.315 Thread 0x0000022f680a91f0 Exception <a 'java/lang/IncompatibleClassChangeError'{0x000000071eacba70}: Found class java.lang.Object, but interface was expected> (0x000000071eacba70) 
thrown [s\src\hotspot\share\interpreter\linkResolver.cpp, line 826]
Event: 41.273 Thread 0x0000022f680a9c10 Exception <a 'java/lang/IncompatibleClassChangeError'{0x000000072414b388}: Found class java.lang.Object, but interface was expected> (0x000000072414b388) 
thrown [s\src\hotspot\share\interpreter\linkResolver.cpp, line 826]
Event: 41.383 Thread 0x0000022f680a9700 Exception <a 'java/lang/IncompatibleClassChangeError'{0x0000000723d09430}: Found class java.lang.Object, but interface was expected> (0x0000000723d09430) 
thrown [s\src\hotspot\share\interpreter\linkResolver.cpp, line 826]
Event: 41.383 Thread 0x0000022f680a5a40 Exception <a 'java/lang/IncompatibleClassChangeError'{0x0000000723cea7f0}: Found class java.lang.Object, but interface was expected> (0x0000000723cea7f0) 
thrown [s\src\hotspot\share\interpreter\linkResolver.cpp, line 826]
Event: 41.383 Thread 0x0000022f680a9700 Exception <a 'java/lang/IncompatibleClassChangeError'{0x0000000723d0d198}: Found class java.lang.Object, but interface was expected> (0x0000000723d0d198) 
thrown [s\src\hotspot\share\interpreter\linkResolver.cpp, line 826]
Event: 41.383 Thread 0x0000022f680a5a40 Exception <a 'java/lang/IncompatibleClassChangeError'{0x0000000723d2b328}: Found class java.lang.Object, but interface was expected> (0x0000000723d2b328) 
thrown [s\src\hotspot\share\interpreter\linkResolver.cpp, line 826]
Event: 41.385 Thread 0x0000022f680a9c10 Exception <a 'java/lang/NoSuchMethodError'{0x0000000723d9f958}: 'long java.lang.invoke.DirectMethodHandle$Holder.invokeStatic(java.lang.Object, java.lang.Object, java.lang.Object)'> (0x0000000723d9f958) 
thrown [s\src\hotspot\share\interpreter\linkResolver.cpp, line 759]

VM Operations (20 events):
Event: 37.518 Executing VM operation: ICBufferFull done
Event: 37.591 Executing VM operation: G1CollectForAllocation
Event: 37.604 Executing VM operation: G1CollectForAllocation done
Event: 38.618 Executing VM operation: Cleanup
Event: 38.791 Executing VM operation: Cleanup done
Event: 38.878 Executing VM operation: HandshakeAllThreads
Event: 38.878 Executing VM operation: HandshakeAllThreads done
Event: 39.224 Executing VM operation: HandshakeAllThreads
Event: 39.225 Executing VM operation: HandshakeAllThreads done
Event: 40.074 Executing VM operation: G1CollectForAllocation
Event: 41.110 Executing VM operation: G1CollectForAllocation done
Event: 41.240 Executing VM operation: G1CollectForAllocation
Event: 41.254 Executing VM operation: G1CollectForAllocation done
Event: 41.255 Executing VM operation: HandshakeAllThreads
Event: 41.256 Executing VM operation: HandshakeAllThreads done
Event: 41.388 Executing VM operation: HandshakeAllThreads
Event: 41.388 Executing VM operation: HandshakeAllThreads done
Event: 42.388 Executing VM operation: Cleanup
Event: 42.555 Executing VM operation: Cleanup done
Event: 42.667 Executing VM operation: G1CollectForAllocation

Memory protections (0 events):
No events

Nmethod flushes (20 events):
Event: 41.415 Thread 0x0000022f4059cc80 flushing  nmethod 0x0000022f2687c490
Event: 41.415 Thread 0x0000022f4059cc80 flushing  nmethod 0x0000022f2687c810
Event: 41.415 Thread 0x0000022f4059cc80 flushing  nmethod 0x0000022f26880d10
Event: 41.415 Thread 0x0000022f4059cc80 flushing  nmethod 0x0000022f26881c90
Event: 41.415 Thread 0x0000022f4059cc80 flushing  nmethod 0x0000022f26882390
Event: 41.415 Thread 0x0000022f4059cc80 flushing  nmethod 0x0000022f26883210
Event: 41.415 Thread 0x0000022f4059cc80 flushing  nmethod 0x0000022f26883890
Event: 41.415 Thread 0x0000022f4059cc80 flushing  nmethod 0x0000022f26885090
Event: 41.415 Thread 0x0000022f4059cc80 flushing  nmethod 0x0000022f2688b890
Event: 41.415 Thread 0x0000022f4059cc80 flushing  nmethod 0x0000022f2688bf10
Event: 41.415 Thread 0x0000022f4059cc80 flushing  nmethod 0x0000022f2688cd90
Event: 41.415 Thread 0x0000022f4059cc80 flushing  nmethod 0x0000022f2688d110
Event: 41.415 Thread 0x0000022f4059cc80 flushing  nmethod 0x0000022f268ec210
Event: 41.416 Thread 0x0000022f4059cc80 flushing  nmethod 0x0000022f26937c90
Event: 41.416 Thread 0x0000022f4059cc80 flushing  nmethod 0x0000022f26962f90
Event: 41.416 Thread 0x0000022f4059cc80 flushing  nmethod 0x0000022f26963c10
Event: 41.416 Thread 0x0000022f4059cc80 flushing  nmethod 0x0000022f26968e10
Event: 41.416 Thread 0x0000022f4059cc80 flushing  nmethod 0x0000022f26969610
Event: 41.416 Thread 0x0000022f4059cc80 flushing  nmethod 0x0000022f269bae10
Event: 41.416 Thread 0x0000022f4059cc80 flushing  nmethod 0x0000022f269c6810

Events (20 events):
Event: 38.854 Thread 0x0000022f680a78a0 Thread added: 0x0000022f680a5f50
Event: 38.854 Thread 0x0000022f680a78a0 Thread added: 0x0000022f680a91f0
Event: 39.105 Thread 0x0000022f60c68b20 Thread exited: 0x0000022f60c68b20
Event: 39.219 Thread 0x0000022f6467e830 Thread exited: 0x0000022f6467e830
Event: 39.388 Thread 0x0000022f4058cd00 Thread added: 0x0000022f60c685d0
Event: 39.388 Thread 0x0000022f4058cd00 Thread added: 0x0000022f60c65600
Event: 41.111 Thread 0x0000022f680a6460 Thread exited: 0x0000022f680a6460
Event: 41.113 Thread 0x0000022f60c65600 Thread exited: 0x0000022f60c65600
Event: 41.113 Thread 0x0000022f60c685d0 Thread exited: 0x0000022f60c685d0
Event: 41.120 Thread 0x0000022f640146e0 Thread added: 0x0000022f680a87d0
Event: 41.265 Thread 0x0000022f680a91f0 Thread added: 0x0000022f680a5a40
Event: 41.266 Thread 0x0000022f680a5a40 Thread added: 0x0000022f680a9c10
Event: 41.266 Thread 0x0000022f680a9c10 Thread added: 0x0000022f680a8ce0
Event: 41.266 Thread 0x0000022f680a8ce0 Thread added: 0x0000022f680a6460
Event: 41.267 Thread 0x0000022f680a6460 Thread added: 0x0000022f680a9700
Event: 41.267 Thread 0x0000022f680a9700 Thread added: 0x0000022f680aa120
Event: 41.267 Thread 0x0000022f680aa120 Thread added: 0x0000022f680a7390
Event: 41.267 Thread 0x0000022f680a7390 Thread added: 0x0000022f680a6970
Event: 41.504 Thread 0x0000022f4059a740 Thread added: 0x0000022f60c68b20
Event: 41.504 Thread 0x0000022f4059a740 Thread added: 0x0000022f60c685d0


Dynamic libraries:
0x00007ff7b0260000 - 0x00007ff7b026e000 	C:\Program Files\Eclipse Adoptium\jdk-17.0.18.8-hotspot\bin\java.exe
0x00007ffa2f780000 - 0x00007ffa2f9e7000 	C:\WINDOWS\SYSTEM32\ntdll.dll
0x00007ffa2eb90000 - 0x00007ffa2ec59000 	C:\WINDOWS\System32\KERNEL32.DLL
0x00007ffa2d100000 - 0x00007ffa2d4f7000 	C:\WINDOWS\System32\KERNELBASE.dll
0x00007ffa2c3b0000 - 0x00007ffa2c4fb000 	C:\WINDOWS\System32\ucrtbase.dll
0x00007ff9ff400000 - 0x00007ff9ff418000 	C:\Program Files\Eclipse Adoptium\jdk-17.0.18.8-hotspot\bin\jli.dll
0x00007ffa0bbb0000 - 0x00007ffa0bbce000 	C:\Program Files\Eclipse Adoptium\jdk-17.0.18.8-hotspot\bin\VCRUNTIME140.dll
0x00007ffa2e2d0000 - 0x00007ffa2e496000 	C:\WINDOWS\System32\USER32.dll
0x00007ffa0d3e0000 - 0x00007ffa0d672000 	C:\WINDOWS\WinSxS\amd64_microsoft.windows.common-controls_6595b64144ccf1df_6.0.26100.8328_none_3e08182ce334b678\COMCTL32.dll
0x00007ffa2d0d0000 - 0x00007ffa2d0f7000 	C:\WINDOWS\System32\win32u.dll
0x00007ffa2ec60000 - 0x00007ffa2ed09000 	C:\WINDOWS\System32\msvcrt.dll
0x00007ffa2ef10000 - 0x00007ffa2ef3b000 	C:\WINDOWS\System32\GDI32.dll
0x00007ffa2c500000 - 0x00007ffa2c62c000 	C:\WINDOWS\System32\gdi32full.dll
0x00007ffa2c270000 - 0x00007ffa2c313000 	C:\WINDOWS\System32\msvcp_win.dll
0x00007ffa2e190000 - 0x00007ffa2e1c2000 	C:\WINDOWS\System32\IMM32.DLL
0x00007ffa1e200000 - 0x00007ffa1e20c000 	C:\Program Files\Eclipse Adoptium\jdk-17.0.18.8-hotspot\bin\vcruntime140_1.dll
0x00007ff9d39b0000 - 0x00007ff9d3a3d000 	C:\Program Files\Eclipse Adoptium\jdk-17.0.18.8-hotspot\bin\msvcp140.dll
0x00007ff9b3ee0000 - 0x00007ff9b4b4b000 	C:\Program Files\Eclipse Adoptium\jdk-17.0.18.8-hotspot\bin\server\jvm.dll
0x00007ffa2e4a0000 - 0x00007ffa2e556000 	C:\WINDOWS\System32\ADVAPI32.dll
0x00007ffa2e640000 - 0x00007ffa2e6e7000 	C:\WINDOWS\System32\sechost.dll
0x00007ffa2ef40000 - 0x00007ffa2f058000 	C:\WINDOWS\System32\RPCRT4.dll
0x00007ffa2f6b0000 - 0x00007ffa2f730000 	C:\WINDOWS\System32\WS2_32.dll
0x00007ffa2c010000 - 0x00007ffa2c06e000 	C:\WINDOWS\SYSTEM32\POWRPROF.dll
0x00007ffa112c0000 - 0x00007ffa112f6000 	C:\WINDOWS\SYSTEM32\WINMM.dll
0x00007ffa1dca0000 - 0x00007ffa1dcab000 	C:\WINDOWS\SYSTEM32\VERSION.dll
0x00007ffa2bff0000 - 0x00007ffa2c004000 	C:\WINDOWS\SYSTEM32\UMPDC.dll
0x00007ffa2af40000 - 0x00007ffa2af5b000 	C:\WINDOWS\SYSTEM32\kernel.appcore.dll
0x00007ffa15b20000 - 0x00007ffa15b2a000 	C:\Program Files\Eclipse Adoptium\jdk-17.0.18.8-hotspot\bin\jimage.dll
0x00007ffa2a010000 - 0x00007ffa2a252000 	C:\WINDOWS\SYSTEM32\DBGHELP.DLL
0x00007ffa2dd80000 - 0x00007ffa2e103000 	C:\WINDOWS\System32\combase.dll
0x00007ffa2e890000 - 0x00007ffa2e969000 	C:\WINDOWS\System32\OLEAUT32.dll
0x00007ffa004a0000 - 0x00007ffa004db000 	C:\WINDOWS\SYSTEM32\dbgcore.DLL
0x00007ffa2d020000 - 0x00007ffa2d0c8000 	C:\WINDOWS\System32\bcryptPrimitives.dll
0x00007ffa0e240000 - 0x00007ffa0e24e000 	C:\Program Files\Eclipse Adoptium\jdk-17.0.18.8-hotspot\bin\instrument.dll
0x00007ff9ed7f0000 - 0x00007ff9ed815000 	C:\Program Files\Eclipse Adoptium\jdk-17.0.18.8-hotspot\bin\java.dll
0x00007ff9d1f50000 - 0x00007ff9d2027000 	C:\Program Files\Eclipse Adoptium\jdk-17.0.18.8-hotspot\bin\jsvml.dll
0x00007ffa2d600000 - 0x00007ffa2dd6e000 	C:\WINDOWS\System32\SHELL32.dll
0x00007ffa2c7b0000 - 0x00007ffa2d01c000 	C:\WINDOWS\System32\windows.storage.dll
0x00007ffa2e1d0000 - 0x00007ffa2e2c6000 	C:\WINDOWS\System32\SHCORE.dll
0x00007ffa2d500000 - 0x00007ffa2d566000 	C:\WINDOWS\System32\shlwapi.dll
0x00007ffa2c0d0000 - 0x00007ffa2c0f9000 	C:\WINDOWS\SYSTEM32\profapi.dll
0x00007ff9ff3e0000 - 0x00007ff9ff3f8000 	C:\Program Files\Eclipse Adoptium\jdk-17.0.18.8-hotspot\bin\zip.dll
0x00007ff9fce40000 - 0x00007ff9fce5a000 	C:\Program Files\Eclipse Adoptium\jdk-17.0.18.8-hotspot\bin\net.dll
0x00007ffa23ec0000 - 0x00007ffa23fe9000 	C:\WINDOWS\SYSTEM32\WINHTTP.dll
0x00007ffa2b4b0000 - 0x00007ffa2b51c000 	C:\WINDOWS\system32\mswsock.dll
0x00007ff9fcbf0000 - 0x00007ff9fcc06000 	C:\Program Files\Eclipse Adoptium\jdk-17.0.18.8-hotspot\bin\nio.dll
0x00007ffa0d6b0000 - 0x00007ffa0d6c0000 	C:\Program Files\Eclipse Adoptium\jdk-17.0.18.8-hotspot\bin\verify.dll
0x00007ff9dbaf0000 - 0x00007ff9dbb17000 	C:\Users\hp\.gradle\native\1def1411415f61bf3af743bc5b6707747c0891f09f0c88961ee8f79bc544acac\windows-amd64\native-platform.dll
0x00007ff9d2a30000 - 0x00007ff9d2aa7000 	C:\Users\hp\.gradle\native\0.2.8\x86_64-windows-gnu\gradle-fileevents.dll
0x00007ffa0bbf0000 - 0x00007ffa0bbfa000 	C:\Program Files\Eclipse Adoptium\jdk-17.0.18.8-hotspot\bin\management.dll
0x00007ffa0bba0000 - 0x00007ffa0bbac000 	C:\Program Files\Eclipse Adoptium\jdk-17.0.18.8-hotspot\bin\management_ext.dll
0x00007ffa2ed10000 - 0x00007ffa2ed18000 	C:\WINDOWS\System32\PSAPI.DLL
0x00007ffa2a960000 - 0x00007ffa2a992000 	C:\WINDOWS\SYSTEM32\IPHLPAPI.DLL
0x00007ffa2ef00000 - 0x00007ffa2ef0a000 	C:\WINDOWS\System32\NSI.dll
0x00007ffa25e70000 - 0x00007ffa25e8d000 	C:\WINDOWS\SYSTEM32\dhcpcsvc6.DLL
0x00007ffa25e40000 - 0x00007ffa25e65000 	C:\WINDOWS\SYSTEM32\dhcpcsvc.DLL
0x00007ffa2aa00000 - 0x00007ffa2ab32000 	C:\WINDOWS\SYSTEM32\DNSAPI.dll
0x00007ffa0bb50000 - 0x00007ffa0bb59000 	C:\Program Files\Eclipse Adoptium\jdk-17.0.18.8-hotspot\bin\extnet.dll
0x00007ffa2b790000 - 0x00007ffa2b7ab000 	C:\WINDOWS\SYSTEM32\CRYPTSP.dll
0x00007ffa2aea0000 - 0x00007ffa2aed9000 	C:\WINDOWS\system32\rsaenh.dll
0x00007ffa2b560000 - 0x00007ffa2b593000 	C:\WINDOWS\SYSTEM32\USERENV.dll
0x00007ffa2c0a0000 - 0x00007ffa2c0ca000 	C:\WINDOWS\SYSTEM32\bcrypt.dll
0x00007ffa2b7b0000 - 0x00007ffa2b7bc000 	C:\WINDOWS\SYSTEM32\CRYPTBASE.dll
0x00007ff9f6320000 - 0x00007ff9f632e000 	C:\Program Files\Eclipse Adoptium\jdk-17.0.18.8-hotspot\bin\sunmscapi.dll
0x00007ffa2c630000 - 0x00007ffa2c7a8000 	C:\WINDOWS\System32\CRYPT32.dll
0x00007ffa2b9b0000 - 0x00007ffa2b9e0000 	C:\WINDOWS\SYSTEM32\ncrypt.dll
0x00007ffa2b960000 - 0x00007ffa2b99f000 	C:\WINDOWS\SYSTEM32\NTASN1.dll
0x00007ff9b28d0000 - 0x00007ff9b28d8000 	C:\WINDOWS\system32\wshunix.dll
0x00007ffa29690000 - 0x00007ffa29730000 	C:\WINDOWS\system32\apphelp.dll

dbghelp: loaded successfully - version: 4.0.5 - missing functions: none
symbol engine: initialized successfully - sym options: 0x614 - pdb path: .;C:\Program Files\Eclipse Adoptium\jdk-17.0.18.8-hotspot\bin;C:\WINDOWS\SYSTEM32;C:\WINDOWS\WinSxS\amd64_microsoft.windows.common-controls_6595b64144ccf1df_6.0.26100.8328_none_3e08182ce334b678;C:\Program Files\Eclipse Adoptium\jdk-17.0.18.8-hotspot\bin\server;C:\Users\hp\.gradle\native\1def1411415f61bf3af743bc5b6707747c0891f09f0c88961ee8f79bc544acac\windows-amd64;C:\Users\hp\.gradle\native\0.2.8\x86_64-windows-gnu

VM Arguments:
jvm_args: --add-opens=java.base/java.lang=ALL-UNNAMED --add-opens=java.base/java.lang.invoke=ALL-UNNAMED --add-opens=java.base/java.util=ALL-UNNAMED --add-opens=java.prefs/java.util.prefs=ALL-UNNAMED --add-exports=jdk.compiler/com.sun.tools.javac.api=ALL-UNNAMED --add-exports=jdk.compiler/com.sun.tools.javac.util=ALL-UNNAMED --add-opens=java.base/java.util=ALL-UNNAMED --add-opens=java.prefs/java.util.prefs=ALL-UNNAMED --add-opens=java.base/java.nio.charset=ALL-UNNAMED --add-opens=java.base/java.net=ALL-UNNAMED --add-opens=java.base/java.util.concurrent=ALL-UNNAMED --add-opens=java.base/java.util.concurrent.atomic=ALL-UNNAMED --add-opens=java.xml/javax.xml.namespace=ALL-UNNAMED -XX:MaxMetaspaceSize=512m --enable-native-access=ALL-UNNAMED -Xmx4096m -Dfile.encoding=UTF-8 -Duser.country=IN -Duser.language=en -Duser.variant -javaagent:C:\Users\hp\.gradle\wrapper\dists\gradle-9.0.0-bin\d6wjpkvcgsg3oed0qlfss3wgl\gradle-9.0.0\lib\agents\gradle-instrumentation-agent-9.0.0.jar 
java_command: org.gradle.launcher.daemon.bootstrap.GradleDaemon 9.0.0
java_class_path (initial): C:\Users\hp\.gradle\wrapper\dists\gradle-9.0.0-bin\d6wjpkvcgsg3oed0qlfss3wgl\gradle-9.0.0\lib\gradle-daemon-main-9.0.0.jar
Launcher Type: SUN_STANDARD

[Global flags]
     intx CICompilerCount                          = 4                                         {product} {ergonomic}
   size_t CompressedClassSpaceSize                 = 436207616                                 {product} {ergonomic}
     uint ConcGCThreads                            = 2                                         {product} {ergonomic}
     uint G1ConcRefinementThreads                  = 8                                         {product} {ergonomic}
   size_t G1HeapRegionSize                         = 2097152                                   {product} {ergonomic}
    uintx GCDrainStackTargetSize                   = 64                                        {product} {ergonomic}
   size_t InitialHeapSize                          = 266338304                                 {product} {ergonomic}
   size_t MarkStackSize                            = 4194304                                   {product} {ergonomic}
   size_t MaxHeapSize                              = 4294967296                                {product} {command line}
   size_t MaxMetaspaceSize                         = 536870912                                 {product} {command line}
   size_t MaxNewSize                               = 2575302656                                {product} {ergonomic}
   size_t MinHeapDeltaBytes                        = 2097152                                   {product} {ergonomic}
   size_t MinHeapSize                              = 8388608                                   {product} {ergonomic}
    uintx NonNMethodCodeHeapSize                   = 5839372                                {pd product} {ergonomic}
    uintx NonProfiledCodeHeapSize                  = 122909434                              {pd product} {ergonomic}
    uintx ProfiledCodeHeapSize                     = 122909434                              {pd product} {ergonomic}
    uintx ReservedCodeCacheSize                    = 251658240                              {pd product} {ergonomic}
     bool SegmentedCodeCache                       = true                                      {product} {ergonomic}
   size_t SoftMaxHeapSize                          = 4294967296                             {manageable} {ergonomic}
     bool UseCompressedClassPointers               = true                           {product lp64_product} {ergonomic}
     bool UseCompressedOops                        = true                           {product lp64_product} {ergonomic}
     bool UseG1GC                                  = true                                      {product} {ergonomic}
     bool UseLargePagesIndividualAllocation        = false                                  {pd product} {ergonomic}

Logging:
Log output configuration:
 #0: stdout all=warning uptime,level,tags
 #1: stderr all=off uptime,level,tags

Environment Variables:
JAVA_HOME=C:\Program Files\Java\jdk-24
PATH=D:\RNProjs\UISApp\GroceryApp\node_modules\.bin;D:\RNProjs\UISApp\GroceryApp\node_modules\.bin;D:\RNProjs\UISApp\node_modules\.bin;D:\RNProjs\node_modules\.bin;D:\node_modules\.bin;C:\Users\hp\AppData\Roaming\npm\node_modules\npm\node_modules\@npmcli\run-script\lib\node-gyp-bin;c:\Users\hp\AppData\Roaming\Code\User\globalStorage\github.copilot-chat\debugCommand;c:\Users\hp\AppData\Roaming\Code\User\globalStorage\github.copilot-chat\copilotCli;C:\Users\hp\AppData\Local\Programs\Microsoft VS Code;C:\Program Files\Eclipse Adoptium\jdk-17.0.18.8-hotspot\bin;C:\Program Files\Microsoft MPI\Bin\;C:\Program Files\Common Files\Oracle\Java\javapath;C:\windows\system32;C:\windows;C:\windows\System32\Wbem;C:\windows\System32\WindowsPowerShell\v1.0\;C:\windows\System32\OpenSSH\;C:\Program Files (x86)\NVIDIA Corporation\PhysX\Common;C:\Program Files\NVIDIA Corporation\NVIDIA NvDLISR;C:\WINDOWS\system32;C:\WINDOWS;C:\WINDOWS\System32\Wbem;C:\WINDOWS\System32\WindowsPowerShell\v1.0\;C:\WINDOWS\System32\OpenSSH\;C:\Program Files\Git\cmd;C:\Program Files\nodejs\;C:\Program Files\Microsoft SQL Server\150\Tools\Binn\;C:\Program Files\Microsoft SQL Server\Client SDK\ODBC\170\Tools\Binn\;C:\Program Files (x86)\Microsoft SQL Server\160\Tools\Binn\;C:\Program Files\Microsoft SQL Server\160\Tools\Binn\;C:\Program Files\Microsoft SQL Server\160\DTS\Binn\;C:\Program Files (x86)\Microsoft SQL Server\160\DTS\Binn\;C:\Program Files\dotnet\;C:\Program Files\GitHub CLI\;C:\Users\hp\AppData\Local\Android\Sdk\platform-tools;C:\Users\hp\AppData\Local\Android\Sdk\emulator;C:\Users\hp\AppData\Local\Microsoft\WindowsApps;C:\Users\hp\AppData\Local\Programs\Microsoft VS Code\bin;C:\Users\hp\AppData\Roaming\npm;C:\Users\hp\.dotnet\tools;C:\Users\hp\AppData\Local\Programs\cursor\resources\app\bin;C:\Users\hp\AppData\Local\Programs\Antigravity\bin
USERNAME=hp
LANG=en_US.UTF-8
OS=Windows_NT
PROCESSOR_IDENTIFIER=Intel64 Family 6 Model 140 Stepping 1, GenuineIntel
TMP=C:\Users\hp\AppData\Local\Temp
TEMP=C:\Users\hp\AppData\Local\Temp



Periodic native trim disabled


---------------  S Y S T E M  ---------------

OS:
 Windows 11 , 64 bit Build 26100 (10.0.26100.8328)
OS uptime: 6 days 8:31 hours
Hyper-V role detected

CPU: total 8 (initial active 8) (4 cores per cpu, 2 threads per core) family 6 model 140 stepping 1 microcode 0xa4, cx8, cmov, fxsr, ht, mmx, 3dnowpref, sse, sse2, sse3, ssse3, sse4.1, sse4.2, popcnt, lzcnt, tsc, tscinvbit, avx, avx2, aes, erms, clmul, bmi1, bmi2, adx, avx512f, avx512dq, avx512cd, avx512bw, avx512vl, sha, fma, vzeroupper, avx512_vpopcntdq, avx512_vpclmulqdq, avx512_vaes, avx512_vnni, clflush, clflushopt, clwb, avx512_vbmi2, avx512_vbmi, hv
Processor Information for all 8 processors :
  Max Mhz: 3302, Current Mhz: 3302, Mhz Limit: 3302

Memory: 4k page, system-wide physical 16129M (631M free)
TotalPageFile size 51365M (AvailPageFile size 0M)
current process WorkingSet (physical memory assigned to process): 995M, peak: 997M
current process commit charge ("private bytes"): 1051M, peak: 1653M

vm_info: OpenJDK 64-Bit Server VM (17.0.18+8) for windows-amd64 JRE (17.0.18+8), built on Jan 20 2026 22:28:22 by "admin" with MS VC++ 17.12 (VS2022)

END.
