#
# There is insufficient memory for the Java Runtime Environment to continue.
# Native memory allocation (mmap) failed to map 559939584 bytes. Error detail: G1 virtual space
# Possible reasons:
#   The system is out of physical RAM or swap space
#   This process is running with CompressedOops enabled, and the Java Heap may be blocking the growth of the native heap
# Possible solutions:
#   Reduce memory load on the system
#   Increase physical memory or swap space
#   Check if swap backing store is full
#   Decrease Java heap size (-Xmx/-Xms)
#   Decrease number of Java threads
#   Decrease Java thread stack sizes (-Xss)
#   Set larger code cache with -XX:ReservedCodeCacheSize=
#   JVM is running with Zero Based Compressed Oops mode in which the Java heap is
#     placed in the first 32GB address space. The Java Heap base address is the
#     maximum limit for the native heap growth. Please use -XX:HeapBaseMinAddress
#     to set the Java Heap base and to place the Java Heap above 32GB virtual address.
# This output file may be truncated or incomplete.
#
#  Out of Memory Error (os_windows.cpp:3618), pid=24824, tid=16540
#
# JRE version: OpenJDK Runtime Environment Temurin-17.0.18+8 (17.0.18+8) (build 17.0.18+8)
# Java VM: OpenJDK 64-Bit Server VM Temurin-17.0.18+8 (17.0.18+8, mixed mode, sharing, tiered, compressed oops, compressed class ptrs, g1 gc, windows-amd64)
# No core dump will be written. Minidumps are not enabled by default on client versions of Windows
#

---------------  S U M M A R Y ------------

Command Line: --add-opens=java.base/java.lang=ALL-UNNAMED --add-opens=java.base/java.lang.invoke=ALL-UNNAMED --add-opens=java.base/java.util=ALL-UNNAMED --add-opens=java.prefs/java.util.prefs=ALL-UNNAMED --add-exports=jdk.compiler/com.sun.tools.javac.api=ALL-UNNAMED --add-exports=jdk.compiler/com.sun.tools.javac.util=ALL-UNNAMED --add-opens=java.base/java.util=ALL-UNNAMED --add-opens=java.prefs/java.util.prefs=ALL-UNNAMED --add-opens=java.base/java.nio.charset=ALL-UNNAMED --add-opens=java.base/java.net=ALL-UNNAMED --add-opens=java.base/java.util.concurrent=ALL-UNNAMED --add-opens=java.base/java.util.concurrent.atomic=ALL-UNNAMED --add-opens=java.xml/javax.xml.namespace=ALL-UNNAMED -XX:MaxMetaspaceSize=512m --enable-native-access=ALL-UNNAMED -Xmx4096m -Dfile.encoding=UTF-8 -Duser.country=IN -Duser.language=en -Duser.variant -javaagent:C:\Users\hp\.gradle\wrapper\dists\gradle-9.0.0-bin\d6wjpkvcgsg3oed0qlfss3wgl\gradle-9.0.0\lib\agents\gradle-instrumentation-agent-9.0.0.jar org.gradle.launcher.daemon.bootstrap.GradleDaemon 9.0.0

Host: 11th Gen Intel(R) Core(TM) i7-11370H @ 3.30GHz, 8 cores, 15G,  Windows 11 , 64 bit Build 26100 (10.0.26100.8328)
Time: Fri May  8 20:07:16 2026 India Standard Time elapsed time: 46.629334 seconds (0d 0h 0m 46s)

---------------  T H R E A D  ---------------

Current thread (0x00000194da466c50):  VMThread "VM Thread" [stack: 0x0000008368f00000,0x0000008369000000] [id=16540]

Stack: [0x0000008368f00000,0x0000008369000000]
Native frames: (J=compiled Java code, j=interpreted, Vv=VM code, C=native code)
V  [jvm.dll+0x6846f9]
V  [jvm.dll+0x839ea5]
V  [jvm.dll+0x83b91e]
V  [jvm.dll+0x83bfa3]
V  [jvm.dll+0x248eff]
V  [jvm.dll+0x6814b9]
V  [jvm.dll+0x6762ba]
V  [jvm.dll+0x309257]
V  [jvm.dll+0x310826]
V  [jvm.dll+0x360d9e]
V  [jvm.dll+0x360fdd]
V  [jvm.dll+0x2e02dc]
V  [jvm.dll+0x2de6b2]
V  [jvm.dll+0x2dde4c]
V  [jvm.dll+0x320aeb]
V  [jvm.dll+0x8407bd]
V  [jvm.dll+0x8414f3]
V  [jvm.dll+0x841a1f]
V  [jvm.dll+0x841e05]
V  [jvm.dll+0x841ece]
V  [jvm.dll+0x7eaaec]
V  [jvm.dll+0x6835c7]
C  [ucrtbase.dll+0x37b0]
C  [KERNEL32.DLL+0x2e957]
C  [ntdll.dll+0x427c]

VM_Operation (0x00000083741fdf40): G1CollectForAllocation, mode: safepoint, requested by thread 0x00000194fe23a950


---------------  P R O C E S S  ---------------

Threads class SMR info:
_java_thread_list=0x000001948b5d2bc0, length=171, elements={
0x00000194b7b1f8a0, 0x00000194da46c7e0, 0x00000194da46e1c0, 0x00000194da487f50,
0x00000194da488820, 0x00000194da4890f0, 0x00000194da48e1b0, 0x00000194da4951d0,
0x00000194da4a7bb0, 0x00000194da4ac9d0, 0x00000194da4589a0, 0x00000194f62b9fc0,
0x00000194f6828010, 0x00000194f6af1e20, 0x00000194fc638680, 0x00000194fc55ba40,
0x00000194fbd4f2b0, 0x00000194fbd51b30, 0x00000194fbd50c00, 0x00000194fbd52040,
0x00000194fbd52550, 0x00000194fbd51110, 0x00000194fbd4fcd0, 0x00000194fbd52a60,
0x00000194fbd4f7c0, 0x00000194fbd51620, 0x00000194fbd501e0, 0x00000194fbd506f0,
0x00000194fcbb8b00, 0x00000194fcbbb890, 0x00000194fcbba450, 0x00000194fcbbbda0,
0x00000194fcbba960, 0x00000194fcbbae70, 0x00000194fcbbb380, 0x00000194fcbb9010,
0x00000194fcbbc7c0, 0x00000194fcbbccd0, 0x00000194fcbbc2b0, 0x00000194fcbb9520,
0x00000194fcbbd1e0, 0x00000194fcbb9a30, 0x00000194fcbbeb30, 0x00000194fcbbff70,
0x00000194fcbbf040, 0x00000194fcbbf550, 0x00000194fcbbfa60, 0x00000194fcbc0480,
0x00000194fcbbd6f0, 0x00000194fcbbdc00, 0x00000194fcbbe110, 0x00000194fcbbe620,
0x00000194fef25dc0, 0x00000194fef27710, 0x00000194fef262d0, 0x00000194fef23f60,
0x00000194fef27200, 0x00000194fef267e0, 0x00000194fef24980, 0x00000194fef26cf0,
0x00000194fef24470, 0x00000194fef253a0, 0x00000194fef28130, 0x00000194fef28640,
0x00000194fef2a4a0, 0x00000194fef2a9b0, 0x00000194fef2aec0, 0x00000194fef29a80,
0x00000194fef29570, 0x00000194fef29f90, 0x00000194fef2b3d0, 0x00000194fef2b8e0,
0x000001948112bec0, 0x000001948112c3d0, 0x000001948112af90, 0x000001948112d300,
0x000001948112aa80, 0x000001948112b4a0, 0x000001948112a570, 0x000001948112b9b0,
0x000001948112c8e0, 0x000001948112d810, 0x000001948112cdf0, 0x000001948112a060,
0x00000194811314d0, 0x000001948112f160, 0x000001948112fb80, 0x000001948112e230,
0x0000019481130ab0, 0x000001948112f670, 0x000001948112e740, 0x0000019481130090,
0x000001948112ec50, 0x00000194811305a0, 0x0000019481130fc0, 0x000001948112dd20,
0x00000194811319e0, 0x00000194fe0140c0, 0x00000194fe012c80, 0x00000194fe012770,
0x00000194fe013190, 0x00000194fe0136a0, 0x00000194fe011d50, 0x00000194fe011840,
0x00000194fe013bb0, 0x00000194fe012260, 0x00000194fe010e20, 0x00000194fe0145d0,
0x00000194fe014ae0, 0x00000194fe011330, 0x00000194fe015f20, 0x00000194fe017d80,
0x00000194fe014ff0, 0x00000194fe017870, 0x00000194fe016e50, 0x00000194fe0187a0,
0x00000194fe016430, 0x00000194fe015a10, 0x00000194fe018290, 0x00000194fe016940,
0x00000194fe015500, 0x00000194fe017360, 0x00000194fd781e20, 0x00000194fd785ae0,
0x00000194fd782840, 0x00000194fd783c80, 0x00000194fd784bb0, 0x00000194fd782330,
0x00000194fd784190, 0x00000194fd7846a0, 0x00000194fd7855d0, 0x00000194fd785ff0,
0x00000194fd786500, 0x00000194fd783260, 0x00000194fd787e50, 0x00000194fd788360,
0x00000194fd786f20, 0x00000194fd787430, 0x00000194fd7850c0, 0x00000194fd789290,
0x00000194fd7897a0, 0x00000194fdac8530, 0x00000194fdac9e80, 0x00000194fdac9460,
0x00000194fdaca8a0, 0x00000194fe4ec860, 0x00000194fe4ed280, 0x00000194fe4ee6c0,
0x00000194fe4f2890, 0x00000194fe4f2da0, 0x00000194fe4f32b0, 0x00000194fe4f3cd0,
0x00000194fef28b50, 0x00000194fe2380d0, 0x00000194fe235850, 0x00000194fe234e30,
0x00000194fe2371a0, 0x00000194fe2385e0, 0x00000194fe235340, 0x00000194fe239510,
0x00000194fe238af0, 0x00000194fe239a20, 0x00000194fe236270, 0x00000194fe236c90,
0x00000194fe239f30, 0x00000194fe236780, 0x00000194fe23a950, 0x00000194fe23c7b0,
0x000001948731dd70, 0x000001948731e2c0, 0x00000194fdaca390
}

Java Threads: ( => current thread )
  0x00000194b7b1f8a0 JavaThread "main" [_thread_blocked, id=22668, stack(0x0000008368900000,0x0000008368a00000)]
  0x00000194da46c7e0 JavaThread "Reference Handler" daemon [_thread_blocked, id=8960, stack(0x0000008369000000,0x0000008369100000)]
  0x00000194da46e1c0 JavaThread "Finalizer" daemon [_thread_blocked, id=28844, stack(0x0000008369100000,0x0000008369200000)]
  0x00000194da487f50 JavaThread "Signal Dispatcher" daemon [_thread_blocked, id=6648, stack(0x0000008369200000,0x0000008369300000)]
  0x00000194da488820 JavaThread "Attach Listener" daemon [_thread_blocked, id=2328, stack(0x0000008369300000,0x0000008369400000)]
  0x00000194da4890f0 JavaThread "Service Thread" daemon [_thread_blocked, id=16144, stack(0x0000008369400000,0x0000008369500000)]
  0x00000194da48e1b0 JavaThread "Monitor Deflation Thread" daemon [_thread_blocked, id=32112, stack(0x0000008369500000,0x0000008369600000)]
  0x00000194da4951d0 JavaThread "C2 CompilerThread0" daemon [_thread_blocked, id=34204, stack(0x0000008369600000,0x0000008369700000)]
  0x00000194da4a7bb0 JavaThread "C1 CompilerThread0" daemon [_thread_blocked, id=33632, stack(0x0000008369700000,0x0000008369800000)]
  0x00000194da4ac9d0 JavaThread "Sweeper thread" daemon [_thread_blocked, id=34284, stack(0x0000008369800000,0x0000008369900000)]
  0x00000194da4589a0 JavaThread "Common-Cleaner" daemon [_thread_blocked, id=26744, stack(0x0000008369900000,0x0000008369a00000)]
  0x00000194f62b9fc0 JavaThread "Notification Thread" daemon [_thread_blocked, id=28916, stack(0x0000008369a00000,0x0000008369b00000)]
  0x00000194f6828010 JavaThread "Daemon health stats" [_thread_blocked, id=29592, stack(0x000000836a300000,0x000000836a400000)]
  0x00000194f6af1e20 JavaThread "Incoming local TCP Connector on port 53456" [_thread_in_native, id=29600, stack(0x000000836a400000,0x000000836a500000)]
  0x00000194fc638680 JavaThread "Daemon periodic checks" [_thread_blocked, id=18288, stack(0x000000836a500000,0x000000836a600000)]
  0x00000194fc55ba40 JavaThread "Daemon" [_thread_blocked, id=30788, stack(0x000000836a600000,0x000000836a700000)]
  0x00000194fbd4f2b0 JavaThread "Handler for socket connection from /127.0.0.1:53456 to /127.0.0.1:53457" [_thread_in_native, id=24932, stack(0x000000836a700000,0x000000836a800000)]
  0x00000194fbd51b30 JavaThread "Cancel handler" [_thread_blocked, id=24928, stack(0x000000836a800000,0x000000836a900000)]
  0x00000194fbd50c00 JavaThread "Daemon worker" [_thread_blocked, id=2552, stack(0x000000836a900000,0x000000836aa00000)]
  0x00000194fbd52040 JavaThread "Asynchronous log dispatcher for DefaultDaemonConnection: socket connection from /127.0.0.1:53456 to /127.0.0.1:53457" [_thread_blocked, id=15888, stack(0x000000836aa00000,0x000000836ab00000)]
  0x00000194fbd52550 JavaThread "Stdin handler" [_thread_blocked, id=26308, stack(0x000000836ab00000,0x000000836ac00000)]
  0x00000194fbd51110 JavaThread "Daemon client event forwarder" [_thread_blocked, id=27860, stack(0x000000836ac00000,0x000000836ad00000)]
  0x00000194fbd4fcd0 JavaThread "Cache worker for journal cache (C:\Users\hp\.gradle\caches\journal-1)" [_thread_blocked, id=1088, stack(0x000000836ad00000,0x000000836ae00000)]
  0x00000194fbd52a60 JavaThread "File lock request listener" [_thread_in_native, id=27476, stack(0x000000836ae00000,0x000000836af00000)]
  0x00000194fbd4f7c0 JavaThread "Cache worker for file hash cache (C:\Users\hp\.gradle\caches\9.0.0\fileHashes)" [_thread_blocked, id=16432, stack(0x000000836af00000,0x000000836b000000)]
  0x00000194fbd51620 JavaThread "Cache worker for file hash cache (D:\RNProjs\UISApp\GroceryApp\android\.gradle\9.0.0\fileHashes)" [_thread_blocked, id=9360, stack(0x000000836b300000,0x000000836b400000)]
  0x00000194fbd501e0 JavaThread "Cache worker for Build Output Cleanup Cache (D:\RNProjs\UISApp\GroceryApp\android\.gradle\buildOutputCleanup)" [_thread_blocked, id=7920, stack(0x000000836b400000,0x000000836b500000)]
  0x00000194fbd506f0 JavaThread "File watcher server" daemon [_thread_blocked, id=27892, stack(0x000000836b500000,0x000000836b600000)]
  0x00000194fcbb8b00 JavaThread "File watcher consumer" daemon [_thread_blocked, id=17216, stack(0x000000836b600000,0x000000836b700000)]
  0x00000194fcbbb890 JavaThread "Cache worker for checksums cache (D:\RNProjs\UISApp\GroceryApp\android\.gradle\9.0.0\checksums)" [_thread_blocked, id=13436, stack(0x000000836b700000,0x000000836b800000)]
  0x00000194fcbba450 JavaThread "Cache worker for file content cache (C:\Users\hp\.gradle\caches\9.0.0\fileContent)" [_thread_blocked, id=26916, stack(0x000000836b800000,0x000000836b900000)]
  0x00000194fcbbbda0 JavaThread "Cache worker for cache directory md-supplier (C:\Users\hp\.gradle\caches\9.0.0\md-supplier)" [_thread_blocked, id=33628, stack(0x000000836ba00000,0x000000836bb00000)]
  0x00000194fcbba960 JavaThread "Cache worker for cache directory md-rule (C:\Users\hp\.gradle\caches\9.0.0\md-rule)" [_thread_blocked, id=10160, stack(0x000000836bb00000,0x000000836bc00000)]
  0x00000194fcbbae70 JavaThread "jar transforms" [_thread_blocked, id=2324, stack(0x000000836bc00000,0x000000836bd00000)]
  0x00000194fcbbb380 JavaThread "Cache worker for Build Output Cleanup Cache (D:\RNProjs\UISApp\GroceryApp\node_modules\@react-native\gradle-plugin\.gradle\buildOutputCleanup)" [_thread_blocked, id=21176, stack(0x000000836bd00000,0x000000836be00000)]
  0x00000194fcbb9010 JavaThread "Unconstrained build operations" [_thread_blocked, id=6952, stack(0x000000836be00000,0x000000836bf00000)]
  0x00000194fcbbc7c0 JavaThread "Unconstrained build operations Thread 2" [_thread_blocked, id=31028, stack(0x000000836bf00000,0x000000836c000000)]
  0x00000194fcbbccd0 JavaThread "Unconstrained build operations Thread 3" [_thread_blocked, id=14128, stack(0x000000836c000000,0x000000836c100000)]
  0x00000194fcbbc2b0 JavaThread "Unconstrained build operations Thread 4" [_thread_blocked, id=17100, stack(0x000000836c100000,0x000000836c200000)]
  0x00000194fcbb9520 JavaThread "Unconstrained build operations Thread 5" [_thread_blocked, id=10972, stack(0x000000836c200000,0x000000836c300000)]
  0x00000194fcbbd1e0 JavaThread "Unconstrained build operations Thread 6" [_thread_blocked, id=30828, stack(0x000000836c300000,0x000000836c400000)]
  0x00000194fcbb9a30 JavaThread "Unconstrained build operations Thread 7" [_thread_blocked, id=9828, stack(0x000000836c400000,0x000000836c500000)]
  0x00000194fcbbeb30 JavaThread "Unconstrained build operations Thread 8" [_thread_blocked, id=7264, stack(0x000000836c500000,0x000000836c600000)]
  0x00000194fcbbff70 JavaThread "Unconstrained build operations Thread 9" [_thread_blocked, id=21608, stack(0x000000836c600000,0x000000836c700000)]
  0x00000194fcbbf040 JavaThread "Unconstrained build operations Thread 10" [_thread_blocked, id=19724, stack(0x000000836c700000,0x000000836c800000)]
  0x00000194fcbbf550 JavaThread "Unconstrained build operations Thread 11" [_thread_blocked, id=14360, stack(0x000000836c800000,0x000000836c900000)]
  0x00000194fcbbfa60 JavaThread "Unconstrained build operations Thread 12" [_thread_blocked, id=26232, stack(0x000000836c900000,0x000000836ca00000)]
  0x00000194fcbc0480 JavaThread "Unconstrained build operations Thread 13" [_thread_blocked, id=20608, stack(0x000000836ca00000,0x000000836cb00000)]
  0x00000194fcbbd6f0 JavaThread "Unconstrained build operations Thread 14" [_thread_blocked, id=21060, stack(0x000000836cb00000,0x000000836cc00000)]
  0x00000194fcbbdc00 JavaThread "Unconstrained build operations Thread 15" [_thread_blocked, id=10152, stack(0x000000836cc00000,0x000000836cd00000)]
  0x00000194fcbbe110 JavaThread "Unconstrained build operations Thread 16" [_thread_blocked, id=2992, stack(0x000000836cd00000,0x000000836ce00000)]
  0x00000194fcbbe620 JavaThread "Unconstrained build operations Thread 17" [_thread_blocked, id=23060, stack(0x000000836ce00000,0x000000836cf00000)]
  0x00000194fef25dc0 JavaThread "Unconstrained build operations Thread 18" [_thread_blocked, id=20568, stack(0x000000836cf00000,0x000000836d000000)]
  0x00000194fef27710 JavaThread "Unconstrained build operations Thread 19" [_thread_blocked, id=8792, stack(0x000000836d000000,0x000000836d100000)]
  0x00000194fef262d0 JavaThread "Unconstrained build operations Thread 20" [_thread_blocked, id=28276, stack(0x000000836d100000,0x000000836d200000)]
  0x00000194fef23f60 JavaThread "Unconstrained build operations Thread 21" [_thread_blocked, id=31300, stack(0x000000836d200000,0x000000836d300000)]
  0x00000194fef27200 JavaThread "Unconstrained build operations Thread 22" [_thread_blocked, id=28560, stack(0x000000836d300000,0x000000836d400000)]
  0x00000194fef267e0 JavaThread "Unconstrained build operations Thread 23" [_thread_blocked, id=19740, stack(0x000000836d400000,0x000000836d500000)]
  0x00000194fef24980 JavaThread "Unconstrained build operations Thread 24" [_thread_blocked, id=18832, stack(0x000000836d500000,0x000000836d600000)]
  0x00000194fef26cf0 JavaThread "Unconstrained build operations Thread 25" [_thread_blocked, id=32536, stack(0x000000836d600000,0x000000836d700000)]
  0x00000194fef24470 JavaThread "Unconstrained build operations Thread 26" [_thread_blocked, id=31104, stack(0x000000836d700000,0x000000836d800000)]
  0x00000194fef253a0 JavaThread "Unconstrained build operations Thread 27" [_thread_blocked, id=21312, stack(0x000000836d800000,0x000000836d900000)]
  0x00000194fef28130 JavaThread "build event listener" [_thread_blocked, id=25740, stack(0x000000836d900000,0x000000836da00000)]
  0x00000194fef28640 JavaThread "Memory manager" [_thread_blocked, id=14088, stack(0x000000836da00000,0x000000836db00000)]
  0x00000194fef2a4a0 JavaThread "ForkJoinPool.commonPool-worker-1" daemon [_thread_blocked, id=34532, stack(0x000000836db00000,0x000000836dc00000)]
  0x00000194fef2a9b0 JavaThread "ForkJoinPool.commonPool-worker-2" daemon [_thread_blocked, id=21372, stack(0x000000836dc00000,0x000000836dd00000)]
  0x00000194fef2aec0 JavaThread "ForkJoinPool.commonPool-worker-3" daemon [_thread_blocked, id=26100, stack(0x000000836dd00000,0x000000836de00000)]
  0x00000194fef29a80 JavaThread "ForkJoinPool.commonPool-worker-4" daemon [_thread_blocked, id=17840, stack(0x000000836de00000,0x000000836df00000)]
  0x00000194fef29570 JavaThread "ForkJoinPool.commonPool-worker-5" daemon [_thread_blocked, id=6208, stack(0x000000836df00000,0x000000836e000000)]
  0x00000194fef29f90 JavaThread "ForkJoinPool.commonPool-worker-6" daemon [_thread_blocked, id=4208, stack(0x000000836e000000,0x000000836e100000)]
  0x00000194fef2b3d0 JavaThread "ForkJoinPool.commonPool-worker-7" daemon [_thread_blocked, id=13088, stack(0x000000836e100000,0x000000836e200000)]
  0x00000194fef2b8e0 JavaThread "Exec process" daemon [_thread_blocked, id=29976, stack(0x000000836e200000,0x000000836e300000)]
  0x000001948112bec0 JavaThread "Exec process Thread 2" daemon [_thread_blocked, id=29452, stack(0x000000836e300000,0x000000836e400000)]
  0x000001948112c3d0 JavaThread "Exec process Thread 3" daemon [_thread_blocked, id=8288, stack(0x000000836e400000,0x000000836e500000)]
  0x000001948112af90 JavaThread "included builds" [_thread_blocked, id=22860, stack(0x000000836b200000,0x000000836b300000)]
  0x000001948112d300 JavaThread "Execution worker" [_thread_blocked, id=25096, stack(0x000000836e500000,0x000000836e600000)]
  0x000001948112aa80 JavaThread "Execution worker Thread 2" [_thread_blocked, id=14824, stack(0x000000836e600000,0x000000836e700000)]
  0x000001948112b4a0 JavaThread "Execution worker Thread 3" [_thread_blocked, id=11128, stack(0x000000836e700000,0x000000836e800000)]
  0x000001948112a570 JavaThread "Execution worker Thread 4" [_thread_blocked, id=6192, stack(0x000000836e800000,0x000000836e900000)]
  0x000001948112b9b0 JavaThread "Execution worker Thread 5" [_thread_blocked, id=23284, stack(0x000000836e900000,0x000000836ea00000)]
  0x000001948112c8e0 JavaThread "Execution worker Thread 6" [_thread_blocked, id=30792, stack(0x000000836ea00000,0x000000836eb00000)]
  0x000001948112d810 JavaThread "Execution worker Thread 7" [_thread_blocked, id=19112, stack(0x000000836eb00000,0x000000836ec00000)]
  0x000001948112cdf0 JavaThread "Cache worker for execution history cache (D:\RNProjs\UISApp\GroceryApp\node_modules\@react-native\gradle-plugin\.gradle\9.0.0\executionHistory)" [_thread_blocked, id=25800, stack(0x000000836ec00000,0x000000836ed00000)]
  0x000001948112a060 JavaThread "Unconstrained build operations Thread 28" [_thread_blocked, id=556, stack(0x000000836ed00000,0x000000836ee00000)]
  0x00000194811314d0 JavaThread "Unconstrained build operations Thread 29" [_thread_blocked, id=14816, stack(0x000000836ee00000,0x000000836ef00000)]
  0x000001948112f160 JavaThread "Unconstrained build operations Thread 30" [_thread_blocked, id=4576, stack(0x000000836ef00000,0x000000836f000000)]
  0x000001948112fb80 JavaThread "Unconstrained build operations Thread 31" [_thread_blocked, id=30428, stack(0x000000836f000000,0x000000836f100000)]
  0x000001948112e230 JavaThread "Unconstrained build operations Thread 32" [_thread_blocked, id=12720, stack(0x000000836f100000,0x000000836f200000)]
  0x0000019481130ab0 JavaThread "Unconstrained build operations Thread 33" [_thread_blocked, id=9896, stack(0x000000836f200000,0x000000836f300000)]
  0x000001948112f670 JavaThread "Unconstrained build operations Thread 34" [_thread_blocked, id=30904, stack(0x000000836f300000,0x000000836f400000)]
  0x000001948112e740 JavaThread "Unconstrained build operations Thread 35" [_thread_blocked, id=20636, stack(0x000000836f400000,0x000000836f500000)]
  0x0000019481130090 JavaThread "Unconstrained build operations Thread 36" [_thread_blocked, id=12024, stack(0x000000836f500000,0x000000836f600000)]
  0x000001948112ec50 JavaThread "Unconstrained build operations Thread 37" [_thread_blocked, id=14028, stack(0x000000836f600000,0x000000836f700000)]
  0x00000194811305a0 JavaThread "Unconstrained build operations Thread 38" [_thread_blocked, id=34288, stack(0x000000836f700000,0x000000836f800000)]
  0x0000019481130fc0 JavaThread "Unconstrained build operations Thread 39" [_thread_blocked, id=34668, stack(0x000000836f800000,0x000000836f900000)]
  0x000001948112dd20 JavaThread "Unconstrained build operations Thread 40" [_thread_blocked, id=20860, stack(0x000000836f900000,0x000000836fa00000)]
  0x00000194811319e0 JavaThread "Unconstrained build operations Thread 41" [_thread_blocked, id=33192, stack(0x000000836fa00000,0x000000836fb00000)]
  0x00000194fe0140c0 JavaThread "Unconstrained build operations Thread 42" [_thread_blocked, id=13604, stack(0x000000836fb00000,0x000000836fc00000)]
  0x00000194fe012c80 JavaThread "Unconstrained build operations Thread 43" [_thread_blocked, id=4872, stack(0x000000836fc00000,0x000000836fd00000)]
  0x00000194fe012770 JavaThread "Unconstrained build operations Thread 44" [_thread_blocked, id=33140, stack(0x000000836fd00000,0x000000836fe00000)]
  0x00000194fe013190 JavaThread "Unconstrained build operations Thread 45" [_thread_blocked, id=10812, stack(0x000000836fe00000,0x000000836ff00000)]
  0x00000194fe0136a0 JavaThread "Unconstrained build operations Thread 46" [_thread_blocked, id=34956, stack(0x000000836ff00000,0x0000008370000000)]
  0x00000194fe011d50 JavaThread "Unconstrained build operations Thread 47" [_thread_blocked, id=25476, stack(0x0000008370000000,0x0000008370100000)]
  0x00000194fe011840 JavaThread "Unconstrained build operations Thread 48" [_thread_blocked, id=29172, stack(0x0000008370100000,0x0000008370200000)]
  0x00000194fe013bb0 JavaThread "Unconstrained build operations Thread 49" [_thread_blocked, id=26340, stack(0x0000008370200000,0x0000008370300000)]
  0x00000194fe012260 JavaThread "Unconstrained build operations Thread 50" [_thread_blocked, id=6756, stack(0x0000008370300000,0x0000008370400000)]
  0x00000194fe010e20 JavaThread "Unconstrained build operations Thread 51" [_thread_blocked, id=10268, stack(0x0000008370400000,0x0000008370500000)]
  0x00000194fe0145d0 JavaThread "Unconstrained build operations Thread 52" [_thread_blocked, id=33872, stack(0x0000008370500000,0x0000008370600000)]
  0x00000194fe014ae0 JavaThread "Unconstrained build operations Thread 53" [_thread_blocked, id=31964, stack(0x0000008370600000,0x0000008370700000)]
  0x00000194fe011330 JavaThread "Unconstrained build operations Thread 54" [_thread_blocked, id=30496, stack(0x0000008370700000,0x0000008370800000)]
  0x00000194fe015f20 JavaThread "Unconstrained build operations Thread 55" [_thread_blocked, id=26056, stack(0x0000008370800000,0x0000008370900000)]
  0x00000194fe017d80 JavaThread "Unconstrained build operations Thread 56" [_thread_blocked, id=14676, stack(0x0000008370900000,0x0000008370a00000)]
  0x00000194fe014ff0 JavaThread "Unconstrained build operations Thread 57" [_thread_blocked, id=12456, stack(0x0000008370a00000,0x0000008370b00000)]
  0x00000194fe017870 JavaThread "Unconstrained build operations Thread 58" [_thread_blocked, id=20552, stack(0x0000008370b00000,0x0000008370c00000)]
  0x00000194fe016e50 JavaThread "Unconstrained build operations Thread 59" [_thread_blocked, id=8604, stack(0x0000008370c00000,0x0000008370d00000)]
  0x00000194fe0187a0 JavaThread "Unconstrained build operations Thread 60" [_thread_blocked, id=29184, stack(0x0000008370d00000,0x0000008370e00000)]
  0x00000194fe016430 JavaThread "Unconstrained build operations Thread 61" [_thread_blocked, id=21492, stack(0x0000008370e00000,0x0000008370f00000)]
  0x00000194fe015a10 JavaThread "Unconstrained build operations Thread 62" [_thread_blocked, id=8272, stack(0x0000008370f00000,0x0000008371000000)]
  0x00000194fe018290 JavaThread "Unconstrained build operations Thread 63" [_thread_blocked, id=27432, stack(0x0000008371000000,0x0000008371100000)]
  0x00000194fe016940 JavaThread "Unconstrained build operations Thread 64" [_thread_blocked, id=24596, stack(0x0000008371100000,0x0000008371200000)]
  0x00000194fe015500 JavaThread "Unconstrained build operations Thread 65" [_thread_blocked, id=20812, stack(0x0000008371200000,0x0000008371300000)]
  0x00000194fe017360 JavaThread "Unconstrained build operations Thread 66" [_thread_blocked, id=11416, stack(0x0000008371300000,0x0000008371400000)]
  0x00000194fd781e20 JavaThread "Unconstrained build operations Thread 67" [_thread_blocked, id=23864, stack(0x0000008371400000,0x0000008371500000)]
  0x00000194fd785ae0 JavaThread "Unconstrained build operations Thread 68" [_thread_blocked, id=18448, stack(0x0000008371500000,0x0000008371600000)]
  0x00000194fd782840 JavaThread "Unconstrained build operations Thread 69" [_thread_blocked, id=13696, stack(0x0000008371600000,0x0000008371700000)]
  0x00000194fd783c80 JavaThread "Unconstrained build operations Thread 70" [_thread_blocked, id=4204, stack(0x0000008371700000,0x0000008371800000)]
  0x00000194fd784bb0 JavaThread "Unconstrained build operations Thread 71" [_thread_blocked, id=23660, stack(0x0000008371800000,0x0000008371900000)]
  0x00000194fd782330 JavaThread "Unconstrained build operations Thread 72" [_thread_blocked, id=23640, stack(0x0000008371900000,0x0000008371a00000)]
  0x00000194fd784190 JavaThread "Unconstrained build operations Thread 73" [_thread_blocked, id=1836, stack(0x0000008371a00000,0x0000008371b00000)]
  0x00000194fd7846a0 JavaThread "Unconstrained build operations Thread 74" [_thread_blocked, id=14056, stack(0x0000008371b00000,0x0000008371c00000)]
  0x00000194fd7855d0 JavaThread "Unconstrained build operations Thread 75" [_thread_blocked, id=35284, stack(0x0000008371c00000,0x0000008371d00000)]
  0x00000194fd785ff0 JavaThread "Unconstrained build operations Thread 76" [_thread_blocked, id=2492, stack(0x0000008371d00000,0x0000008371e00000)]
  0x00000194fd786500 JavaThread "Unconstrained build operations Thread 77" [_thread_blocked, id=29964, stack(0x0000008371e00000,0x0000008371f00000)]
  0x00000194fd783260 JavaThread "jar transforms Thread 2" [_thread_blocked, id=29468, stack(0x0000008371f00000,0x0000008372000000)]
  0x00000194fd787e50 JavaThread "jar transforms Thread 3" [_thread_blocked, id=13568, stack(0x0000008372000000,0x0000008372100000)]
  0x00000194fd788360 JavaThread "Unconstrained build operations Thread 78" [_thread_blocked, id=22312, stack(0x0000008372100000,0x0000008372200000)]
  0x00000194fd786f20 JavaThread "Unconstrained build operations Thread 79" [_thread_blocked, id=21900, stack(0x0000008372200000,0x0000008372300000)]
  0x00000194fd787430 JavaThread "Unconstrained build operations Thread 80" [_thread_blocked, id=32156, stack(0x0000008372300000,0x0000008372400000)]
  0x00000194fd7850c0 JavaThread "jar transforms Thread 4" [_thread_blocked, id=34924, stack(0x0000008372500000,0x0000008372600000)]
  0x00000194fd789290 JavaThread "jar transforms Thread 5" [_thread_blocked, id=14728, stack(0x0000008372600000,0x0000008372700000)]
  0x00000194fd7897a0 JavaThread "jar transforms Thread 6" [_thread_blocked, id=12200, stack(0x0000008372700000,0x0000008372800000)]
  0x00000194fdac8530 JavaThread "build event listener" [_thread_blocked, id=31192, stack(0x0000008372800000,0x0000008372900000)]
  0x00000194fdac9e80 JavaThread "jar transforms Thread 7" [_thread_blocked, id=6492, stack(0x0000008372400000,0x0000008372500000)]
  0x00000194fdac9460 JavaThread "jar transforms Thread 8" [_thread_blocked, id=6692, stack(0x0000008372900000,0x0000008372a00000)]
  0x00000194fdaca8a0 JavaThread "Problems report writer" [_thread_blocked, id=16620, stack(0x0000008372b00000,0x0000008372c00000)]
  0x00000194fe4ec860 JavaThread "Exec process" [_thread_blocked, id=28244, stack(0x0000008372a00000,0x0000008372b00000)]
  0x00000194fe4ed280 JavaThread "Exec process Thread 2" [_thread_blocked, id=22592, stack(0x0000008372c00000,0x0000008372d00000)]
  0x00000194fe4ee6c0 JavaThread "Exec process Thread 3" [_thread_blocked, id=33456, stack(0x0000008372d00000,0x0000008372e00000)]
  0x00000194fe4f2890 JavaThread "Cache worker for execution history cache (D:\RNProjs\UISApp\GroceryApp\android\.gradle\9.0.0\executionHistory)" [_thread_blocked, id=23428, stack(0x0000008373100000,0x0000008373200000)]
  0x00000194fe4f2da0 JavaThread "Exec process Thread 4" [_thread_blocked, id=5848, stack(0x0000008373200000,0x0000008373300000)]
  0x00000194fe4f32b0 JavaThread "Exec process Thread 5" [_thread_blocked, id=16096, stack(0x0000008373300000,0x0000008373400000)]
  0x00000194fe4f3cd0 JavaThread "Exec process Thread 6" [_thread_blocked, id=15268, stack(0x0000008373400000,0x0000008373500000)]
  0x00000194fef28b50 JavaThread "WorkerExecutor Queue" [_thread_blocked, id=33696, stack(0x0000008373500000,0x0000008373600000)]
  0x00000194fe2380d0 JavaThread "pool-3-thread-1" [_thread_blocked, id=30364, stack(0x0000008373600000,0x0000008373700000)]
  0x00000194fe235850 JavaThread "stderr" [_thread_in_native, id=20448, stack(0x0000008373700000,0x0000008373800000)]
  0x00000194fe234e30 JavaThread "stdout" [_thread_in_native, id=19756, stack(0x0000008373800000,0x0000008373900000)]
  0x00000194fe2371a0 JavaThread "WorkerExecutor Queue Thread 2" [_thread_blocked, id=33272, stack(0x0000008373900000,0x0000008373a00000)]
  0x00000194fe2385e0 JavaThread "WorkerExecutor Queue Thread 3" [_thread_blocked, id=9536, stack(0x0000008373a00000,0x0000008373b00000)]
  0x00000194fe235340 JavaThread "WorkerExecutor Queue Thread 4" [_thread_blocked, id=22468, stack(0x0000008373b00000,0x0000008373c00000)]
  0x00000194fe239510 JavaThread "ForkJoinPool-1-worker-1" daemon [_thread_blocked, id=9400, stack(0x0000008369d00000,0x0000008369e00000)]
  0x00000194fe238af0 JavaThread "ForkJoinPool-1-worker-2" daemon [_thread_blocked, id=34024, stack(0x0000008372e00000,0x0000008372f00000)]
  0x00000194fe239a20 JavaThread "ForkJoinPool-1-worker-3" daemon [_thread_blocked, id=4004, stack(0x0000008373c00000,0x0000008373d00000)]
  0x00000194fe236270 JavaThread "ForkJoinPool-1-worker-4" daemon [_thread_blocked, id=7952, stack(0x0000008373d00000,0x0000008373e00000)]
  0x00000194fe236c90 JavaThread "ForkJoinPool-1-worker-5" daemon [_thread_blocked, id=30244, stack(0x0000008373e00000,0x0000008373f00000)]
  0x00000194fe239f30 JavaThread "ForkJoinPool-1-worker-6" daemon [_thread_blocked, id=1224, stack(0x0000008373f00000,0x0000008374000000)]
  0x00000194fe236780 JavaThread "ForkJoinPool-1-worker-7" daemon [_thread_blocked, id=21692, stack(0x0000008374000000,0x0000008374100000)]
  0x00000194fe23a950 JavaThread "ForkJoinPool-1-worker-8" daemon [_thread_blocked, id=14112, stack(0x0000008374100000,0x0000008374200000)]
  0x00000194fe23c7b0 JavaThread "WorkerExecutor Queue Thread 5" [_thread_blocked, id=4884, stack(0x0000008374900000,0x0000008374a00000)]
  0x000001948731dd70 JavaThread "C2 CompilerThread1" daemon [_thread_blocked, id=21768, stack(0x0000008374200000,0x0000008374300000)]
  0x000001948731e2c0 JavaThread "C2 CompilerThread2" daemon [_thread_blocked, id=14656, stack(0x0000008374800000,0x0000008374900000)]
  0x00000194fdaca390 JavaThread "Thread-137" [_thread_blocked, id=12624, stack(0x0000008374a00000,0x0000008374b00000)]

Other Threads:
=>0x00000194da466c50 VMThread "VM Thread" [stack: 0x0000008368f00000,0x0000008369000000] [id=16540]
  0x00000194f620a070 WatcherThread [stack: 0x0000008369b00000,0x0000008369c00000] [id=3108]
  0x00000194b7b8fe20 GCTaskThread "GC Thread#0" [stack: 0x0000008368a00000,0x0000008368b00000] [id=2728]
  0x00000194f62e8440 GCTaskThread "GC Thread#1" [stack: 0x0000008369e00000,0x0000008369f00000] [id=12236]
  0x00000194f62e7c00 GCTaskThread "GC Thread#2" [stack: 0x0000008369f00000,0x000000836a000000] [id=12516]
  0x00000194f62e8700 GCTaskThread "GC Thread#3" [stack: 0x000000836a000000,0x000000836a100000] [id=33748]
  0x00000194f62e8180 GCTaskThread "GC Thread#4" [stack: 0x000000836a100000,0x000000836a200000] [id=21460]
  0x00000194f62e89c0 GCTaskThread "GC Thread#5" [stack: 0x000000836a200000,0x000000836a300000] [id=24892]
  0x00000194f62e73c0 GCTaskThread "GC Thread#6" [stack: 0x0000008369c00000,0x0000008369d00000] [id=25988]
  0x00000194fdca1180 GCTaskThread "GC Thread#7" [stack: 0x000000836b000000,0x000000836b100000] [id=1028]
  0x00000194b7ba1850 ConcurrentGCThread "G1 Main Marker" [stack: 0x0000008368b00000,0x0000008368c00000] [id=25536]
  0x00000194b7ba37d0 ConcurrentGCThread "G1 Conc#0" [stack: 0x0000008368c00000,0x0000008368d00000] [id=32196]
  0x00000194fdca2200 ConcurrentGCThread "G1 Conc#1" [stack: 0x000000836b100000,0x000000836b200000] [id=2024]
  0x00000194da3a8340 ConcurrentGCThread "G1 Refine#0" [stack: 0x0000008368d00000,0x0000008368e00000] [id=13256]
  0x00000194fe496e30 ConcurrentGCThread "G1 Refine#1" [stack: 0x000000836b900000,0x000000836ba00000] [id=25852]
  0x00000194fdc04550 ConcurrentGCThread "G1 Refine#2" [stack: 0x0000008374300000,0x0000008374400000] [id=19368]
  0x00000194fdc04b30 ConcurrentGCThread "G1 Refine#3" [stack: 0x0000008374400000,0x0000008374500000] [id=5416]
  0x0000019486794910 ConcurrentGCThread "G1 Refine#4" [stack: 0x0000008374500000,0x0000008374600000] [id=30772]
  0x0000019486794040 ConcurrentGCThread "G1 Refine#5" [stack: 0x0000008374600000,0x0000008374700000] [id=25364]
  0x00000194867954d0 ConcurrentGCThread "G1 Refine#6" [stack: 0x0000008374700000,0x0000008374800000] [id=5184]
  0x00000194da3a8b20 ConcurrentGCThread "G1 Service" [stack: 0x0000008368e00000,0x0000008368f00000] [id=2948]

Threads with active compile tasks:
C2 CompilerThread1  46653 26419       4       com.android.tools.r8.dex.L$$Lambda$3621/0x00000194dd4b04c8::accept (12 bytes)
C2 CompilerThread2  46653 26410       4       com.android.tools.r8.dex.L::a (284 bytes)

VM state: at safepoint (normal execution)

VM Mutex/Monitor currently owned by a thread:  ([mutex/lock_event])
[0x00000194b57eed00] Threads_lock - owner thread: 0x00000194da466c50
[0x00000194b7b1d970] Heap_lock - owner thread: 0x00000194fe23a950

Heap address: 0x0000000700000000, size: 4096 MB, Compressed Oops mode: Zero based, Oop shift amount: 3

CDS archive(s) mapped at: [0x00000194db000000-0x00000194dbbb0000-0x00000194dbbb0000), size 12255232, SharedBaseAddress: 0x00000194db000000, ArchiveRelocationMode: 1.
Compressed class space mapped at: 0x00000194dc000000-0x00000194f6000000, reserved size: 436207616
Narrow klass base: 0x00000194db000000, Narrow klass shift: 0, Narrow klass range: 0x100000000

GC Precious Log:
 CPUs: 8 total, 8 available
 Memory: 16129M
 Large Page Support: Disabled
 NUMA Support: Disabled
 Compressed Oops: Enabled (Zero based)
 Heap Region Size: 2M
 Heap Min Capacity: 8M
 Heap Initial Capacity: 254M
 Heap Max Capacity: 4G
 Pre-touch: Disabled
 Parallel Workers: 8
 Concurrent Workers: 2
 Concurrent Refinement Workers: 8
 Periodic GC: Disabled

Heap:
 garbage-first heap   total 759808K, used 576953K [0x0000000700000000, 0x0000000800000000)
  region size 2048K, 1 young (2048K), 1 survivors (2048K)
 Metaspace       used 145512K, committed 147712K, reserved 557056K
  class space    used 20094K, committed 21184K, reserved 425984K

Heap Regions: E=young(eden), S=young(survivor), O=old, HS=humongous(starts), HC=humongous(continues), CS=collection set, F=free, OA=open archive, CA=closed archive, TAMS=top-at-mark-start (previous, next)
|   0|0x0000000700000000, 0x0000000700200000, 0x0000000700200000|100%|HS|  |TAMS 0x0000000700200000, 0x0000000700000000| Complete 
|   1|0x0000000700200000, 0x0000000700400000, 0x0000000700400000|100%|HC|  |TAMS 0x0000000700400000, 0x0000000700200000| Complete 
|   2|0x0000000700400000, 0x0000000700600000, 0x0000000700600000|100%| O|  |TAMS 0x0000000700600000, 0x0000000700400000| Untracked 
|   3|0x0000000700600000, 0x0000000700800000, 0x0000000700800000|100%| O|  |TAMS 0x0000000700800000, 0x0000000700600000| Untracked 
|   4|0x0000000700800000, 0x0000000700a00000, 0x0000000700a00000|100%| O|  |TAMS 0x0000000700a00000, 0x0000000700800000| Untracked 
|   5|0x0000000700a00000, 0x0000000700bd4000, 0x0000000700c00000| 91%| O|  |TAMS 0x0000000700bd4000, 0x0000000700a00000| Untracked 
|   6|0x0000000700c00000, 0x0000000700e00000, 0x0000000700e00000|100%| O|  |TAMS 0x0000000700e00000, 0x0000000700c00000| Untracked 
|   7|0x0000000700e00000, 0x0000000701000000, 0x0000000701000000|100%| O|  |TAMS 0x0000000701000000, 0x0000000700e00000| Untracked 
|   8|0x0000000701000000, 0x0000000701200000, 0x0000000701200000|100%| O|  |TAMS 0x0000000701200000, 0x0000000701000000| Untracked 
|   9|0x0000000701200000, 0x0000000701400000, 0x0000000701400000|100%| O|  |TAMS 0x0000000701400000, 0x0000000701200000| Untracked 
|  10|0x0000000701400000, 0x0000000701600000, 0x0000000701600000|100%| O|  |TAMS 0x0000000701600000, 0x0000000701400000| Untracked 
|  11|0x0000000701600000, 0x0000000701800000, 0x0000000701800000|100%| O|  |TAMS 0x0000000701800000, 0x0000000701600000| Untracked 
|  12|0x0000000701800000, 0x0000000701a00000, 0x0000000701a00000|100%| O|  |TAMS 0x0000000701a00000, 0x0000000701800000| Untracked 
|  13|0x0000000701a00000, 0x0000000701c00000, 0x0000000701c00000|100%| O|  |TAMS 0x0000000701c00000, 0x0000000701a00000| Untracked 
|  14|0x0000000701c00000, 0x0000000701e00000, 0x0000000701e00000|100%| O|  |TAMS 0x0000000701e00000, 0x0000000701c00000| Untracked 
|  15|0x0000000701e00000, 0x0000000702000000, 0x0000000702000000|100%| O|  |TAMS 0x0000000702000000, 0x0000000701e00000| Untracked 
|  16|0x0000000702000000, 0x0000000702200000, 0x0000000702200000|100%| O|  |TAMS 0x0000000702200000, 0x0000000702000000| Untracked 
|  17|0x0000000702200000, 0x0000000702400000, 0x0000000702400000|100%| O|  |TAMS 0x0000000702400000, 0x0000000702200000| Untracked 
|  18|0x0000000702400000, 0x0000000702600000, 0x0000000702600000|100%| O|  |TAMS 0x0000000702600000, 0x0000000702400000| Untracked 
|  19|0x0000000702600000, 0x0000000702800000, 0x0000000702800000|100%| O|  |TAMS 0x0000000702800000, 0x0000000702600000| Untracked 
|  20|0x0000000702800000, 0x0000000702a00000, 0x0000000702a00000|100%| O|  |TAMS 0x0000000702800000, 0x0000000702800000| Untracked 
|  21|0x0000000702a00000, 0x0000000702c00000, 0x0000000702c00000|100%| O|  |TAMS 0x0000000702c00000, 0x0000000702a00000| Untracked 
|  22|0x0000000702c00000, 0x0000000702e00000, 0x0000000702e00000|100%|HS|  |TAMS 0x0000000702e00000, 0x0000000702c00000| Complete 
|  23|0x0000000702e00000, 0x0000000703000000, 0x0000000703000000|100%|HC|  |TAMS 0x0000000703000000, 0x0000000702e00000| Complete 
|  24|0x0000000703000000, 0x0000000703200000, 0x0000000703200000|100%|HS|  |TAMS 0x0000000703200000, 0x0000000703000000| Complete 
|  25|0x0000000703200000, 0x0000000703400000, 0x0000000703400000|100%|HC|  |TAMS 0x0000000703400000, 0x0000000703200000| Complete 
|  26|0x0000000703400000, 0x0000000703600000, 0x0000000703600000|100%| O|  |TAMS 0x0000000703600000, 0x0000000703400000| Untracked 
|  27|0x0000000703600000, 0x0000000703800000, 0x0000000703800000|100%| O|  |TAMS 0x0000000703800000, 0x0000000703600000| Untracked 
|  28|0x0000000703800000, 0x0000000703a00000, 0x0000000703a00000|100%| O|  |TAMS 0x0000000703a00000, 0x0000000703800000| Untracked 
|  29|0x0000000703a00000, 0x0000000703c00000, 0x0000000703c00000|100%| O|  |TAMS 0x0000000703c00000, 0x0000000703a00000| Untracked 
|  30|0x0000000703c00000, 0x0000000703e00000, 0x0000000703e00000|100%| O|  |TAMS 0x0000000703e00000, 0x0000000703c00000| Untracked 
|  31|0x0000000703e00000, 0x0000000704000000, 0x0000000704000000|100%| O|  |TAMS 0x0000000704000000, 0x0000000703e00000| Untracked 
|  32|0x0000000704000000, 0x0000000704200000, 0x0000000704200000|100%| O|  |TAMS 0x0000000704200000, 0x0000000704000000| Untracked 
|  33|0x0000000704200000, 0x0000000704400000, 0x0000000704400000|100%| O|  |TAMS 0x0000000704400000, 0x0000000704200000| Untracked 
|  34|0x0000000704400000, 0x0000000704600000, 0x0000000704600000|100%| O|  |TAMS 0x0000000704600000, 0x0000000704400000| Untracked 
|  35|0x0000000704600000, 0x0000000704800000, 0x0000000704800000|100%| O|  |TAMS 0x0000000704800000, 0x0000000704600000| Untracked 
|  36|0x0000000704800000, 0x0000000704a00000, 0x0000000704a00000|100%| O|  |TAMS 0x0000000704a00000, 0x0000000704800000| Untracked 
|  37|0x0000000704a00000, 0x0000000704c00000, 0x0000000704c00000|100%| O|  |TAMS 0x0000000704c00000, 0x0000000704a00000| Untracked 
|  38|0x0000000704c00000, 0x0000000704e00000, 0x0000000704e00000|100%| O|  |TAMS 0x0000000704e00000, 0x0000000704c00000| Untracked 
|  39|0x0000000704e00000, 0x0000000705000000, 0x0000000705000000|100%| O|  |TAMS 0x0000000705000000, 0x0000000704e00000| Untracked 
|  40|0x0000000705000000, 0x0000000705200000, 0x0000000705200000|100%| O|  |TAMS 0x0000000705200000, 0x0000000705000000| Untracked 
|  41|0x0000000705200000, 0x0000000705400000, 0x0000000705400000|100%| O|  |TAMS 0x0000000705200000, 0x0000000705200000| Untracked 
|  42|0x0000000705400000, 0x0000000705600000, 0x0000000705600000|100%|HS|  |TAMS 0x0000000705400000, 0x0000000705400000| Complete 
|  43|0x0000000705600000, 0x0000000705800000, 0x0000000705800000|100%|HC|  |TAMS 0x0000000705600000, 0x0000000705600000| Complete 
|  44|0x0000000705800000, 0x0000000705a00000, 0x0000000705a00000|100%|HS|  |TAMS 0x0000000705a00000, 0x0000000705800000| Complete 
|  45|0x0000000705a00000, 0x0000000705c00000, 0x0000000705c00000|100%|HC|  |TAMS 0x0000000705c00000, 0x0000000705a00000| Complete 
|  46|0x0000000705c00000, 0x0000000705e00000, 0x0000000705e00000|100%| O|  |TAMS 0x0000000705e00000, 0x0000000705c00000| Untracked 
|  47|0x0000000705e00000, 0x0000000706000000, 0x0000000706000000|100%| O|  |TAMS 0x0000000706000000, 0x0000000705e00000| Untracked 
|  48|0x0000000706000000, 0x0000000706200000, 0x0000000706200000|100%| O|  |TAMS 0x0000000706200000, 0x0000000706000000| Untracked 
|  49|0x0000000706200000, 0x0000000706400000, 0x0000000706400000|100%| O|  |TAMS 0x0000000706400000, 0x0000000706200000| Untracked 
|  50|0x0000000706400000, 0x0000000706600000, 0x0000000706600000|100%|HS|  |TAMS 0x0000000706400000, 0x0000000706400000| Complete 
|  51|0x0000000706600000, 0x0000000706800000, 0x0000000706800000|100%| O|  |TAMS 0x0000000706800000, 0x0000000706600000| Untracked 
|  52|0x0000000706800000, 0x0000000706a00000, 0x0000000706a00000|100%| O|  |TAMS 0x0000000706a00000, 0x0000000706800000| Untracked 
|  53|0x0000000706a00000, 0x0000000706c00000, 0x0000000706c00000|100%| O|  |TAMS 0x0000000706c00000, 0x0000000706a00000| Untracked 
|  54|0x0000000706c00000, 0x0000000706e00000, 0x0000000706e00000|100%| O|  |TAMS 0x0000000706e00000, 0x0000000706c00000| Untracked 
|  55|0x0000000706e00000, 0x0000000707000000, 0x0000000707000000|100%| O|  |TAMS 0x0000000707000000, 0x0000000706e00000| Untracked 
|  56|0x0000000707000000, 0x0000000707200000, 0x0000000707200000|100%| O|  |TAMS 0x0000000707000000, 0x0000000707000000| Untracked 
|  57|0x0000000707200000, 0x0000000707400000, 0x0000000707400000|100%| O|  |TAMS 0x0000000707400000, 0x0000000707200000| Untracked 
|  58|0x0000000707400000, 0x0000000707600000, 0x0000000707600000|100%| O|  |TAMS 0x0000000707600000, 0x0000000707400000| Untracked 
|  59|0x0000000707600000, 0x0000000707800000, 0x0000000707800000|100%| O|  |TAMS 0x0000000707800000, 0x0000000707600000| Untracked 
|  60|0x0000000707800000, 0x0000000707a00000, 0x0000000707a00000|100%| O|  |TAMS 0x0000000707a00000, 0x0000000707800000| Untracked 
|  61|0x0000000707a00000, 0x0000000707c00000, 0x0000000707c00000|100%| O|  |TAMS 0x0000000707c00000, 0x0000000707a00000| Untracked 
|  62|0x0000000707c00000, 0x0000000707e00000, 0x0000000707e00000|100%| O|  |TAMS 0x0000000707e00000, 0x0000000707c00000| Untracked 
|  63|0x0000000707e00000, 0x0000000708000000, 0x0000000708000000|100%| O|  |TAMS 0x0000000708000000, 0x0000000707e00000| Untracked 
|  64|0x0000000708000000, 0x0000000708200000, 0x0000000708200000|100%| O|  |TAMS 0x0000000708200000, 0x0000000708000000| Untracked 
|  65|0x0000000708200000, 0x0000000708400000, 0x0000000708400000|100%| O|  |TAMS 0x0000000708400000, 0x0000000708200000| Untracked 
|  66|0x0000000708400000, 0x0000000708600000, 0x0000000708600000|100%| O|  |TAMS 0x0000000708600000, 0x0000000708400000| Untracked 
|  67|0x0000000708600000, 0x0000000708800000, 0x0000000708800000|100%| O|  |TAMS 0x0000000708800000, 0x0000000708600000| Untracked 
|  68|0x0000000708800000, 0x0000000708a00000, 0x0000000708a00000|100%| O|  |TAMS 0x0000000708a00000, 0x0000000708800000| Untracked 
|  69|0x0000000708a00000, 0x0000000708c00000, 0x0000000708c00000|100%| O|  |TAMS 0x0000000708c00000, 0x0000000708a00000| Untracked 
|  70|0x0000000708c00000, 0x0000000708e00000, 0x0000000708e00000|100%| O|  |TAMS 0x0000000708e00000, 0x0000000708c00000| Untracked 
|  71|0x0000000708e00000, 0x0000000709000000, 0x0000000709000000|100%| O|  |TAMS 0x0000000709000000, 0x0000000708e00000| Untracked 
|  72|0x0000000709000000, 0x0000000709200000, 0x0000000709200000|100%| O|  |TAMS 0x0000000709200000, 0x0000000709000000| Untracked 
|  73|0x0000000709200000, 0x0000000709400000, 0x0000000709400000|100%| O|  |TAMS 0x0000000709400000, 0x0000000709200000| Untracked 
|  74|0x0000000709400000, 0x0000000709600000, 0x0000000709600000|100%| O|  |TAMS 0x0000000709600000, 0x0000000709400000| Untracked 
|  75|0x0000000709600000, 0x0000000709800000, 0x0000000709800000|100%| O|  |TAMS 0x0000000709600000, 0x0000000709600000| Untracked 
|  76|0x0000000709800000, 0x0000000709a00000, 0x0000000709a00000|100%| O|  |TAMS 0x0000000709800000, 0x0000000709800000| Untracked 
|  77|0x0000000709a00000, 0x0000000709c00000, 0x0000000709c00000|100%| O|  |TAMS 0x0000000709c00000, 0x0000000709a00000| Untracked 
|  78|0x0000000709c00000, 0x0000000709e00000, 0x0000000709e00000|100%|HS|  |TAMS 0x0000000709e00000, 0x0000000709c00000| Complete 
|  79|0x0000000709e00000, 0x000000070a000000, 0x000000070a000000|100%| O|  |TAMS 0x000000070a000000, 0x0000000709e00000| Untracked 
|  80|0x000000070a000000, 0x000000070a200000, 0x000000070a200000|100%| O|  |TAMS 0x000000070a200000, 0x000000070a000000| Untracked 
|  81|0x000000070a200000, 0x000000070a400000, 0x000000070a400000|100%| O|  |TAMS 0x000000070a400000, 0x000000070a200000| Untracked 
|  82|0x000000070a400000, 0x000000070a600000, 0x000000070a600000|100%| O|  |TAMS 0x000000070a600000, 0x000000070a400000| Untracked 
|  83|0x000000070a600000, 0x000000070a800000, 0x000000070a800000|100%| O|  |TAMS 0x000000070a800000, 0x000000070a600000| Untracked 
|  84|0x000000070a800000, 0x000000070aa00000, 0x000000070aa00000|100%| O|  |TAMS 0x000000070aa00000, 0x000000070a800000| Untracked 
|  85|0x000000070aa00000, 0x000000070ac00000, 0x000000070ac00000|100%| O|  |TAMS 0x000000070ac00000, 0x000000070aa00000| Untracked 
|  86|0x000000070ac00000, 0x000000070ae00000, 0x000000070ae00000|100%| O|  |TAMS 0x000000070ae00000, 0x000000070ac00000| Untracked 
|  87|0x000000070ae00000, 0x000000070b000000, 0x000000070b000000|100%| O|  |TAMS 0x000000070b000000, 0x000000070ae00000| Untracked 
|  88|0x000000070b000000, 0x000000070b200000, 0x000000070b200000|100%| O|  |TAMS 0x000000070b200000, 0x000000070b000000| Untracked 
|  89|0x000000070b200000, 0x000000070b400000, 0x000000070b400000|100%| O|  |TAMS 0x000000070b400000, 0x000000070b200000| Untracked 
|  90|0x000000070b400000, 0x000000070b600000, 0x000000070b600000|100%| O|  |TAMS 0x000000070b600000, 0x000000070b400000| Untracked 
|  91|0x000000070b600000, 0x000000070b800000, 0x000000070b800000|100%| O|  |TAMS 0x000000070b800000, 0x000000070b600000| Untracked 
|  92|0x000000070b800000, 0x000000070ba00000, 0x000000070ba00000|100%| O|  |TAMS 0x000000070ba00000, 0x000000070b800000| Untracked 
|  93|0x000000070ba00000, 0x000000070bc00000, 0x000000070bc00000|100%| O|  |TAMS 0x000000070bc00000, 0x000000070ba00000| Untracked 
|  94|0x000000070bc00000, 0x000000070be00000, 0x000000070be00000|100%|HS|  |TAMS 0x000000070be00000, 0x000000070bc00000| Complete 
|  95|0x000000070be00000, 0x000000070c000000, 0x000000070c000000|100%|HS|  |TAMS 0x000000070c000000, 0x000000070be00000| Complete 
|  96|0x000000070c000000, 0x000000070c200000, 0x000000070c200000|100%| O|  |TAMS 0x000000070c200000, 0x000000070c000000| Untracked 
|  97|0x000000070c200000, 0x000000070c400000, 0x000000070c400000|100%| O|  |TAMS 0x000000070c400000, 0x000000070c200000| Untracked 
|  98|0x000000070c400000, 0x000000070c600000, 0x000000070c600000|100%| O|  |TAMS 0x000000070c600000, 0x000000070c400000| Untracked 
|  99|0x000000070c600000, 0x000000070c800000, 0x000000070c800000|100%| O|  |TAMS 0x000000070c800000, 0x000000070c600000| Untracked 
| 100|0x000000070c800000, 0x000000070ca00000, 0x000000070ca00000|100%| O|  |TAMS 0x000000070ca00000, 0x000000070c800000| Untracked 
| 101|0x000000070ca00000, 0x000000070cc00000, 0x000000070cc00000|100%| O|  |TAMS 0x000000070cc00000, 0x000000070ca00000| Untracked 
| 102|0x000000070cc00000, 0x000000070ce00000, 0x000000070ce00000|100%| O|  |TAMS 0x000000070ce00000, 0x000000070cc00000| Untracked 
| 103|0x000000070ce00000, 0x000000070d000000, 0x000000070d000000|100%| O|  |TAMS 0x000000070d000000, 0x000000070ce00000| Untracked 
| 104|0x000000070d000000, 0x000000070d200000, 0x000000070d200000|100%| O|  |TAMS 0x000000070d200000, 0x000000070d000000| Untracked 
| 105|0x000000070d200000, 0x000000070d400000, 0x000000070d400000|100%| O|  |TAMS 0x000000070d400000, 0x000000070d200000| Untracked 
| 106|0x000000070d400000, 0x000000070d600000, 0x000000070d600000|100%| O|  |TAMS 0x000000070d600000, 0x000000070d400000| Untracked 
| 107|0x000000070d600000, 0x000000070d800000, 0x000000070d800000|100%| O|  |TAMS 0x000000070d800000, 0x000000070d600000| Untracked 
| 108|0x000000070d800000, 0x000000070da00000, 0x000000070da00000|100%| O|  |TAMS 0x000000070da00000, 0x000000070d800000| Untracked 
| 109|0x000000070da00000, 0x000000070dc00000, 0x000000070dc00000|100%| O|  |TAMS 0x000000070dc00000, 0x000000070da00000| Untracked 
| 110|0x000000070dc00000, 0x000000070de00000, 0x000000070de00000|100%| O|  |TAMS 0x000000070de00000, 0x000000070dc00000| Untracked 
| 111|0x000000070de00000, 0x000000070e000000, 0x000000070e000000|100%| O|  |TAMS 0x000000070e000000, 0x000000070de00000| Untracked 
| 112|0x000000070e000000, 0x000000070e200000, 0x000000070e200000|100%| O|  |TAMS 0x000000070e200000, 0x000000070e000000| Untracked 
| 113|0x000000070e200000, 0x000000070e400000, 0x000000070e400000|100%| O|  |TAMS 0x000000070e400000, 0x000000070e200000| Untracked 
| 114|0x000000070e400000, 0x000000070e600000, 0x000000070e600000|100%| O|  |TAMS 0x000000070e600000, 0x000000070e400000| Untracked 
| 115|0x000000070e600000, 0x000000070e800000, 0x000000070e800000|100%| O|  |TAMS 0x000000070e800000, 0x000000070e600000| Untracked 
| 116|0x000000070e800000, 0x000000070ea00000, 0x000000070ea00000|100%| O|  |TAMS 0x000000070e800000, 0x000000070e800000| Untracked 
| 117|0x000000070ea00000, 0x000000070ec00000, 0x000000070ec00000|100%| O|  |TAMS 0x000000070ec00000, 0x000000070ea00000| Untracked 
| 118|0x000000070ec00000, 0x000000070ee00000, 0x000000070ee00000|100%| O|  |TAMS 0x000000070ee00000, 0x000000070ec00000| Untracked 
| 119|0x000000070ee00000, 0x000000070f000000, 0x000000070f000000|100%|HS|  |TAMS 0x000000070ee00000, 0x000000070ee00000| Complete 
| 120|0x000000070f000000, 0x000000070f200000, 0x000000070f200000|100%| O|  |TAMS 0x000000070f200000, 0x000000070f000000| Untracked 
| 121|0x000000070f200000, 0x000000070f400000, 0x000000070f400000|100%| O|  |TAMS 0x000000070f400000, 0x000000070f200000| Untracked 
| 122|0x000000070f400000, 0x000000070f600000, 0x000000070f600000|100%| O|  |TAMS 0x000000070f600000, 0x000000070f400000| Untracked 
| 123|0x000000070f600000, 0x000000070f800000, 0x000000070f800000|100%| O|  |TAMS 0x000000070f800000, 0x000000070f600000| Untracked 
| 124|0x000000070f800000, 0x000000070fa00000, 0x000000070fa00000|100%| O|  |TAMS 0x000000070fa00000, 0x000000070f800000| Untracked 
| 125|0x000000070fa00000, 0x000000070fc00000, 0x000000070fc00000|100%| O|  |TAMS 0x000000070fc00000, 0x000000070fa00000| Untracked 
| 126|0x000000070fc00000, 0x000000070fe00000, 0x000000070fe00000|100%| O|  |TAMS 0x000000070fe00000, 0x000000070fc00000| Untracked 
| 127|0x000000070fe00000, 0x0000000710000000, 0x0000000710000000|100%| O|  |TAMS 0x0000000710000000, 0x000000070fe00000| Untracked 
| 128|0x0000000710000000, 0x0000000710200000, 0x0000000710200000|100%| O|  |TAMS 0x0000000710200000, 0x0000000710000000| Untracked 
| 129|0x0000000710200000, 0x0000000710400000, 0x0000000710400000|100%| O|  |TAMS 0x0000000710400000, 0x0000000710200000| Untracked 
| 130|0x0000000710400000, 0x0000000710600000, 0x0000000710600000|100%| O|  |TAMS 0x0000000710600000, 0x0000000710400000| Untracked 
| 131|0x0000000710600000, 0x0000000710800000, 0x0000000710800000|100%| O|  |TAMS 0x0000000710800000, 0x0000000710600000| Untracked 
| 132|0x0000000710800000, 0x0000000710a00000, 0x0000000710a00000|100%| O|  |TAMS 0x0000000710a00000, 0x0000000710800000| Untracked 
| 133|0x0000000710a00000, 0x0000000710c00000, 0x0000000710c00000|100%| O|  |TAMS 0x0000000710a00000, 0x0000000710a00000| Untracked 
| 134|0x0000000710c00000, 0x0000000710e00000, 0x0000000710e00000|100%| O|  |TAMS 0x0000000710e00000, 0x0000000710c00000| Untracked 
| 135|0x0000000710e00000, 0x0000000711000000, 0x0000000711000000|100%| O|  |TAMS 0x0000000711000000, 0x0000000710e00000| Untracked 
| 136|0x0000000711000000, 0x0000000711200000, 0x0000000711200000|100%| O|  |TAMS 0x0000000711200000, 0x0000000711000000| Untracked 
| 137|0x0000000711200000, 0x0000000711400000, 0x0000000711400000|100%| O|  |TAMS 0x0000000711400000, 0x0000000711200000| Untracked 
| 138|0x0000000711400000, 0x0000000711600000, 0x0000000711600000|100%| O|  |TAMS 0x0000000711600000, 0x0000000711400000| Untracked 
| 139|0x0000000711600000, 0x0000000711800000, 0x0000000711800000|100%|HS|  |TAMS 0x0000000711600000, 0x0000000711600000| Complete 
| 140|0x0000000711800000, 0x0000000711a00000, 0x0000000711a00000|100%| O|  |TAMS 0x0000000711a00000, 0x0000000711800000| Untracked 
| 141|0x0000000711a00000, 0x0000000711c00000, 0x0000000711c00000|100%| O|  |TAMS 0x0000000711c00000, 0x0000000711a00000| Untracked 
| 142|0x0000000711c00000, 0x0000000711e00000, 0x0000000711e00000|100%| O|  |TAMS 0x0000000711e00000, 0x0000000711c00000| Untracked 
| 143|0x0000000711e00000, 0x0000000712000000, 0x0000000712000000|100%| O|  |TAMS 0x0000000712000000, 0x0000000711e00000| Untracked 
| 144|0x0000000712000000, 0x0000000712200000, 0x0000000712200000|100%| O|  |TAMS 0x0000000712200000, 0x0000000712000000| Untracked 
| 145|0x0000000712200000, 0x0000000712400000, 0x0000000712400000|100%| O|  |TAMS 0x0000000712400000, 0x0000000712200000| Untracked 
| 146|0x0000000712400000, 0x0000000712600000, 0x0000000712600000|100%| O|  |TAMS 0x00000007125a7200, 0x0000000712400000| Untracked 
| 147|0x0000000712600000, 0x0000000712800000, 0x0000000712800000|100%| O|  |TAMS 0x0000000712600000, 0x0000000712600000| Untracked 
| 148|0x0000000712800000, 0x0000000712a00000, 0x0000000712a00000|100%| O|  |TAMS 0x0000000712800000, 0x0000000712800000| Untracked 
| 149|0x0000000712a00000, 0x0000000712c00000, 0x0000000712c00000|100%|HS|  |TAMS 0x0000000712a00000, 0x0000000712a00000| Complete 
| 150|0x0000000712c00000, 0x0000000712e00000, 0x0000000712e00000|100%|HS|  |TAMS 0x0000000712c00000, 0x0000000712c00000| Complete 
| 151|0x0000000712e00000, 0x0000000713000000, 0x0000000713000000|100%|HC|  |TAMS 0x0000000712e00000, 0x0000000712e00000| Complete 
| 152|0x0000000713000000, 0x0000000713200000, 0x0000000713200000|100%| O|  |TAMS 0x0000000713000000, 0x0000000713000000| Untracked 
| 153|0x0000000713200000, 0x0000000713400000, 0x0000000713400000|100%| O|  |TAMS 0x0000000713200000, 0x0000000713200000| Untracked 
| 154|0x0000000713400000, 0x0000000713600000, 0x0000000713600000|100%| O|  |TAMS 0x0000000713400000, 0x0000000713400000| Untracked 
| 155|0x0000000713600000, 0x0000000713800000, 0x0000000713800000|100%| O|  |TAMS 0x0000000713600000, 0x0000000713600000| Untracked 
| 156|0x0000000713800000, 0x0000000713a00000, 0x0000000713a00000|100%| O|  |TAMS 0x0000000713800000, 0x0000000713800000| Untracked 
| 157|0x0000000713a00000, 0x0000000713c00000, 0x0000000713c00000|100%| O|  |TAMS 0x0000000713a00000, 0x0000000713a00000| Untracked 
| 158|0x0000000713c00000, 0x0000000713e00000, 0x0000000713e00000|100%|HS|  |TAMS 0x0000000713c00000, 0x0000000713c00000| Complete 
| 159|0x0000000713e00000, 0x0000000714000000, 0x0000000714000000|100%| O|  |TAMS 0x0000000713e00000, 0x0000000713e00000| Untracked 
| 160|0x0000000714000000, 0x0000000714200000, 0x0000000714200000|100%|HS|  |TAMS 0x0000000714000000, 0x0000000714000000| Complete 
| 161|0x0000000714200000, 0x0000000714400000, 0x0000000714400000|100%| O|  |TAMS 0x0000000714200000, 0x0000000714200000| Untracked 
| 162|0x0000000714400000, 0x0000000714600000, 0x0000000714600000|100%|HS|  |TAMS 0x0000000714400000, 0x0000000714400000| Complete 
| 163|0x0000000714600000, 0x0000000714800000, 0x0000000714800000|100%| O|  |TAMS 0x0000000714600000, 0x0000000714600000| Untracked 
| 164|0x0000000714800000, 0x0000000714a00000, 0x0000000714a00000|100%|HS|  |TAMS 0x0000000714800000, 0x0000000714800000| Complete 
| 165|0x0000000714a00000, 0x0000000714c00000, 0x0000000714c00000|100%| O|  |TAMS 0x0000000714a00000, 0x0000000714a00000| Untracked 
| 166|0x0000000714c00000, 0x0000000714e00000, 0x0000000714e00000|100%| O|  |TAMS 0x0000000714c00000, 0x0000000714c00000| Untracked 
| 167|0x0000000714e00000, 0x0000000715000000, 0x0000000715000000|100%| O|  |TAMS 0x0000000714e00000, 0x0000000714e00000| Untracked 
| 168|0x0000000715000000, 0x0000000715200000, 0x0000000715200000|100%| O|  |TAMS 0x0000000715000000, 0x0000000715000000| Untracked 
| 169|0x0000000715200000, 0x0000000715400000, 0x0000000715400000|100%| O|  |TAMS 0x0000000715200000, 0x0000000715200000| Untracked 
| 170|0x0000000715400000, 0x0000000715600000, 0x0000000715600000|100%|HS|  |TAMS 0x0000000715400000, 0x0000000715400000| Complete 
| 171|0x0000000715600000, 0x0000000715800000, 0x0000000715800000|100%|HS|  |TAMS 0x0000000715600000, 0x0000000715600000| Complete 
| 172|0x0000000715800000, 0x0000000715a00000, 0x0000000715a00000|100%| O|  |TAMS 0x0000000715800000, 0x0000000715800000| Untracked 
| 173|0x0000000715a00000, 0x0000000715c00000, 0x0000000715c00000|100%| O|  |TAMS 0x0000000715a00000, 0x0000000715a00000| Untracked 
| 174|0x0000000715c00000, 0x0000000715e00000, 0x0000000715e00000|100%| O|  |TAMS 0x0000000715c00000, 0x0000000715c00000| Untracked 
| 175|0x0000000715e00000, 0x0000000716000000, 0x0000000716000000|100%| O|  |TAMS 0x0000000715e00000, 0x0000000715e00000| Untracked 
| 176|0x0000000716000000, 0x0000000716200000, 0x0000000716200000|100%| O|  |TAMS 0x0000000716000000, 0x0000000716000000| Untracked 
| 177|0x0000000716200000, 0x0000000716400000, 0x0000000716400000|100%| O|  |TAMS 0x0000000716200000, 0x0000000716200000| Untracked 
| 178|0x0000000716400000, 0x0000000716600000, 0x0000000716600000|100%| O|  |TAMS 0x0000000716400000, 0x0000000716400000| Untracked 
| 179|0x0000000716600000, 0x0000000716800000, 0x0000000716800000|100%| O|  |TAMS 0x0000000716600000, 0x0000000716600000| Untracked 
| 180|0x0000000716800000, 0x0000000716a00000, 0x0000000716a00000|100%| O|  |TAMS 0x0000000716800000, 0x0000000716800000| Untracked 
| 181|0x0000000716a00000, 0x0000000716c00000, 0x0000000716c00000|100%| O|  |TAMS 0x0000000716a00000, 0x0000000716a00000| Untracked 
| 182|0x0000000716c00000, 0x0000000716e00000, 0x0000000716e00000|100%| O|  |TAMS 0x0000000716c00000, 0x0000000716c00000| Untracked 
| 183|0x0000000716e00000, 0x0000000717000000, 0x0000000717000000|100%| O|  |TAMS 0x0000000716e00000, 0x0000000716e00000| Untracked 
| 184|0x0000000717000000, 0x0000000717200000, 0x0000000717200000|100%| O|  |TAMS 0x0000000717000000, 0x0000000717000000| Untracked 
| 185|0x0000000717200000, 0x0000000717400000, 0x0000000717400000|100%| O|  |TAMS 0x0000000717200000, 0x0000000717200000| Untracked 
| 186|0x0000000717400000, 0x0000000717600000, 0x0000000717600000|100%| O|  |TAMS 0x0000000717400000, 0x0000000717400000| Untracked 
| 187|0x0000000717600000, 0x0000000717800000, 0x0000000717800000|100%| O|  |TAMS 0x0000000717600000, 0x0000000717600000| Untracked 
| 188|0x0000000717800000, 0x0000000717a00000, 0x0000000717a00000|100%| O|  |TAMS 0x0000000717800000, 0x0000000717800000| Untracked 
| 189|0x0000000717a00000, 0x0000000717c00000, 0x0000000717c00000|100%| O|  |TAMS 0x0000000717a00000, 0x0000000717a00000| Untracked 
| 190|0x0000000717c00000, 0x0000000717e00000, 0x0000000717e00000|100%| O|  |TAMS 0x0000000717c00000, 0x0000000717c00000| Untracked 
| 191|0x0000000717e00000, 0x0000000718000000, 0x0000000718000000|100%| O|  |TAMS 0x0000000717e00000, 0x0000000717e00000| Untracked 
| 192|0x0000000718000000, 0x0000000718200000, 0x0000000718200000|100%| O|  |TAMS 0x0000000718000000, 0x0000000718000000| Untracked 
| 193|0x0000000718200000, 0x0000000718400000, 0x0000000718400000|100%| O|  |TAMS 0x0000000718200000, 0x0000000718200000| Untracked 
| 194|0x0000000718400000, 0x0000000718600000, 0x0000000718600000|100%| O|  |TAMS 0x0000000718400000, 0x0000000718400000| Untracked 
| 195|0x0000000718600000, 0x0000000718800000, 0x0000000718800000|100%| O|  |TAMS 0x0000000718600000, 0x0000000718600000| Untracked 
| 196|0x0000000718800000, 0x0000000718a00000, 0x0000000718a00000|100%| O|  |TAMS 0x0000000718800000, 0x0000000718800000| Untracked 
| 197|0x0000000718a00000, 0x0000000718c00000, 0x0000000718c00000|100%| O|  |TAMS 0x0000000718a00000, 0x0000000718a00000| Untracked 
| 198|0x0000000718c00000, 0x0000000718e00000, 0x0000000718e00000|100%| O|  |TAMS 0x0000000718c00000, 0x0000000718c00000| Untracked 
| 199|0x0000000718e00000, 0x0000000719000000, 0x0000000719000000|100%| O|  |TAMS 0x0000000718e00000, 0x0000000718e00000| Untracked 
| 200|0x0000000719000000, 0x0000000719200000, 0x0000000719200000|100%| O|  |TAMS 0x0000000719000000, 0x0000000719000000| Untracked 
| 201|0x0000000719200000, 0x0000000719400000, 0x0000000719400000|100%|HS|  |TAMS 0x0000000719200000, 0x0000000719200000| Complete 
| 202|0x0000000719400000, 0x0000000719600000, 0x0000000719600000|100%|HC|  |TAMS 0x0000000719400000, 0x0000000719400000| Complete 
| 203|0x0000000719600000, 0x0000000719800000, 0x0000000719800000|100%| O|  |TAMS 0x0000000719600000, 0x0000000719600000| Untracked 
| 204|0x0000000719800000, 0x0000000719a00000, 0x0000000719a00000|100%| O|  |TAMS 0x0000000719800000, 0x0000000719800000| Untracked 
| 205|0x0000000719a00000, 0x0000000719c00000, 0x0000000719c00000|100%| O|  |TAMS 0x0000000719a00000, 0x0000000719a00000| Untracked 
| 206|0x0000000719c00000, 0x0000000719e00000, 0x0000000719e00000|100%| O|  |TAMS 0x0000000719c00000, 0x0000000719c00000| Untracked 
| 207|0x0000000719e00000, 0x000000071a000000, 0x000000071a000000|100%| O|  |TAMS 0x0000000719e00000, 0x0000000719e00000| Untracked 
| 208|0x000000071a000000, 0x000000071a200000, 0x000000071a200000|100%| O|  |TAMS 0x000000071a000000, 0x000000071a000000| Untracked 
| 209|0x000000071a200000, 0x000000071a400000, 0x000000071a400000|100%|HS|  |TAMS 0x000000071a200000, 0x000000071a200000| Complete 
| 210|0x000000071a400000, 0x000000071a600000, 0x000000071a600000|100%| O|  |TAMS 0x000000071a400000, 0x000000071a400000| Untracked 
| 211|0x000000071a600000, 0x000000071a800000, 0x000000071a800000|100%| O|  |TAMS 0x000000071a600000, 0x000000071a600000| Untracked 
| 212|0x000000071a800000, 0x000000071aa00000, 0x000000071aa00000|100%| O|  |TAMS 0x000000071a800000, 0x000000071a800000| Untracked 
| 213|0x000000071aa00000, 0x000000071ac00000, 0x000000071ac00000|100%| O|  |TAMS 0x000000071aa00000, 0x000000071aa00000| Untracked 
| 214|0x000000071ac00000, 0x000000071ae00000, 0x000000071ae00000|100%| O|  |TAMS 0x000000071ac00000, 0x000000071ac00000| Untracked 
| 215|0x000000071ae00000, 0x000000071b000000, 0x000000071b000000|100%| O|  |TAMS 0x000000071ae00000, 0x000000071ae00000| Untracked 
| 216|0x000000071b000000, 0x000000071b200000, 0x000000071b200000|100%| O|  |TAMS 0x000000071b000000, 0x000000071b000000| Untracked 
| 217|0x000000071b200000, 0x000000071b400000, 0x000000071b400000|100%| O|  |TAMS 0x000000071b200000, 0x000000071b200000| Untracked 
| 218|0x000000071b400000, 0x000000071b600000, 0x000000071b600000|100%| O|  |TAMS 0x000000071b400000, 0x000000071b400000| Untracked 
| 219|0x000000071b600000, 0x000000071b800000, 0x000000071b800000|100%| O|  |TAMS 0x000000071b600000, 0x000000071b600000| Untracked 
| 220|0x000000071b800000, 0x000000071ba00000, 0x000000071ba00000|100%| O|  |TAMS 0x000000071b800000, 0x000000071b800000| Untracked 
| 221|0x000000071ba00000, 0x000000071bc00000, 0x000000071bc00000|100%| O|  |TAMS 0x000000071ba00000, 0x000000071ba00000| Untracked 
| 222|0x000000071bc00000, 0x000000071be00000, 0x000000071be00000|100%| O|  |TAMS 0x000000071bc00000, 0x000000071bc00000| Untracked 
| 223|0x000000071be00000, 0x000000071c000000, 0x000000071c000000|100%| O|  |TAMS 0x000000071be00000, 0x000000071be00000| Untracked 
| 224|0x000000071c000000, 0x000000071c200000, 0x000000071c200000|100%| O|  |TAMS 0x000000071c000000, 0x000000071c000000| Untracked 
| 225|0x000000071c200000, 0x000000071c400000, 0x000000071c400000|100%| O|  |TAMS 0x000000071c200000, 0x000000071c200000| Untracked 
| 226|0x000000071c400000, 0x000000071c600000, 0x000000071c600000|100%| O|  |TAMS 0x000000071c400000, 0x000000071c400000| Untracked 
| 227|0x000000071c600000, 0x000000071c800000, 0x000000071c800000|100%| O|  |TAMS 0x000000071c600000, 0x000000071c600000| Untracked 
| 228|0x000000071c800000, 0x000000071ca00000, 0x000000071ca00000|100%| O|  |TAMS 0x000000071c800000, 0x000000071c800000| Untracked 
| 229|0x000000071ca00000, 0x000000071cc00000, 0x000000071cc00000|100%| O|  |TAMS 0x000000071ca00000, 0x000000071ca00000| Untracked 
| 230|0x000000071cc00000, 0x000000071ce00000, 0x000000071ce00000|100%| O|  |TAMS 0x000000071cc00000, 0x000000071cc00000| Untracked 
| 231|0x000000071ce00000, 0x000000071d000000, 0x000000071d000000|100%| O|  |TAMS 0x000000071ce00000, 0x000000071ce00000| Untracked 
| 232|0x000000071d000000, 0x000000071d200000, 0x000000071d200000|100%| O|  |TAMS 0x000000071d000000, 0x000000071d000000| Untracked 
| 233|0x000000071d200000, 0x000000071d400000, 0x000000071d400000|100%| O|  |TAMS 0x000000071d200000, 0x000000071d200000| Untracked 
| 234|0x000000071d400000, 0x000000071d600000, 0x000000071d600000|100%| O|  |TAMS 0x000000071d400000, 0x000000071d400000| Untracked 
| 235|0x000000071d600000, 0x000000071d800000, 0x000000071d800000|100%| O|  |TAMS 0x000000071d600000, 0x000000071d600000| Untracked 
| 236|0x000000071d800000, 0x000000071da00000, 0x000000071da00000|100%| O|  |TAMS 0x000000071d800000, 0x000000071d800000| Untracked 
| 237|0x000000071da00000, 0x000000071dc00000, 0x000000071dc00000|100%|HS|  |TAMS 0x000000071da00000, 0x000000071da00000| Complete 
| 238|0x000000071dc00000, 0x000000071de00000, 0x000000071de00000|100%| O|  |TAMS 0x000000071dc00000, 0x000000071dc00000| Untracked 
| 239|0x000000071de00000, 0x000000071e000000, 0x000000071e000000|100%| O|  |TAMS 0x000000071de00000, 0x000000071de00000| Untracked 
| 240|0x000000071e000000, 0x000000071e200000, 0x000000071e200000|100%| O|  |TAMS 0x000000071e000000, 0x000000071e000000| Untracked 
| 241|0x000000071e200000, 0x000000071e400000, 0x000000071e400000|100%| O|  |TAMS 0x000000071e200000, 0x000000071e200000| Untracked 
| 242|0x000000071e400000, 0x000000071e600000, 0x000000071e600000|100%|HS|  |TAMS 0x000000071e400000, 0x000000071e400000| Complete 
| 243|0x000000071e600000, 0x000000071e800000, 0x000000071e800000|100%|HS|  |TAMS 0x000000071e600000, 0x000000071e600000| Complete 
| 244|0x000000071e800000, 0x000000071ea00000, 0x000000071ea00000|100%|HS|  |TAMS 0x000000071e800000, 0x000000071e800000| Complete 
| 245|0x000000071ea00000, 0x000000071ec00000, 0x000000071ec00000|100%|HS|  |TAMS 0x000000071ea00000, 0x000000071ea00000| Complete 
| 246|0x000000071ec00000, 0x000000071ee00000, 0x000000071ee00000|100%|HS|  |TAMS 0x000000071ec00000, 0x000000071ec00000| Complete 
| 247|0x000000071ee00000, 0x000000071f000000, 0x000000071f000000|100%| O|  |TAMS 0x000000071ee00000, 0x000000071ee00000| Untracked 
| 248|0x000000071f000000, 0x000000071f200000, 0x000000071f200000|100%|HS|  |TAMS 0x000000071f000000, 0x000000071f000000| Complete 
| 249|0x000000071f200000, 0x000000071f400000, 0x000000071f400000|100%|HS|  |TAMS 0x000000071f200000, 0x000000071f200000| Complete 
| 250|0x000000071f400000, 0x000000071f600000, 0x000000071f600000|100%| O|  |TAMS 0x000000071f400000, 0x000000071f400000| Untracked 
| 251|0x000000071f600000, 0x000000071f800000, 0x000000071f800000|100%| O|  |TAMS 0x000000071f600000, 0x000000071f600000| Untracked 
| 252|0x000000071f800000, 0x000000071fa00000, 0x000000071fa00000|100%| O|  |TAMS 0x000000071f800000, 0x000000071f800000| Untracked 
| 253|0x000000071fa00000, 0x000000071fc00000, 0x000000071fc00000|100%| O|  |TAMS 0x000000071fa00000, 0x000000071fa00000| Untracked 
| 254|0x000000071fc00000, 0x000000071fe00000, 0x000000071fe00000|100%| O|  |TAMS 0x000000071fc00000, 0x000000071fc00000| Untracked 
| 255|0x000000071fe00000, 0x0000000720000000, 0x0000000720000000|100%| O|  |TAMS 0x000000071fe00000, 0x000000071fe00000| Untracked 
| 256|0x0000000720000000, 0x0000000720200000, 0x0000000720200000|100%| O|  |TAMS 0x0000000720000000, 0x0000000720000000| Untracked 
| 257|0x0000000720200000, 0x0000000720400000, 0x0000000720400000|100%| O|  |TAMS 0x0000000720200000, 0x0000000720200000| Untracked 
| 258|0x0000000720400000, 0x0000000720600000, 0x0000000720600000|100%| O|  |TAMS 0x0000000720400000, 0x0000000720400000| Untracked 
| 259|0x0000000720600000, 0x0000000720800000, 0x0000000720800000|100%|HS|  |TAMS 0x0000000720600000, 0x0000000720600000| Complete 
| 260|0x0000000720800000, 0x0000000720a00000, 0x0000000720a00000|100%|HS|  |TAMS 0x0000000720800000, 0x0000000720800000| Complete 
| 261|0x0000000720a00000, 0x0000000720c00000, 0x0000000720c00000|100%|HC|  |TAMS 0x0000000720a00000, 0x0000000720a00000| Complete 
| 262|0x0000000720c00000, 0x0000000720e00000, 0x0000000720e00000|100%|HC|  |TAMS 0x0000000720c00000, 0x0000000720c00000| Complete 
| 263|0x0000000720e00000, 0x0000000721000000, 0x0000000721000000|100%|HC|  |TAMS 0x0000000720e00000, 0x0000000720e00000| Complete 
| 264|0x0000000721000000, 0x0000000721200000, 0x0000000721200000|100%|HC|  |TAMS 0x0000000721000000, 0x0000000721000000| Complete 
| 265|0x0000000721200000, 0x0000000721400000, 0x0000000721400000|100%|HC|  |TAMS 0x0000000721200000, 0x0000000721200000| Complete 
| 266|0x0000000721400000, 0x0000000721600000, 0x0000000721600000|100%| O|  |TAMS 0x0000000721400000, 0x0000000721400000| Untracked 
| 267|0x0000000721600000, 0x0000000721800000, 0x0000000721800000|100%| O|  |TAMS 0x0000000721600000, 0x0000000721600000| Untracked 
| 268|0x0000000721800000, 0x0000000721a00000, 0x0000000721a00000|100%| O|  |TAMS 0x0000000721800000, 0x0000000721800000| Untracked 
| 269|0x0000000721a00000, 0x0000000721c00000, 0x0000000721c00000|100%| O|  |TAMS 0x0000000721a00000, 0x0000000721a00000| Untracked 
| 270|0x0000000721c00000, 0x0000000721e00000, 0x0000000721e00000|100%| O|  |TAMS 0x0000000721c00000, 0x0000000721c00000| Untracked 
| 271|0x0000000721e00000, 0x0000000722000000, 0x0000000722000000|100%| O|  |TAMS 0x0000000721e00000, 0x0000000721e00000| Untracked 
| 272|0x0000000722000000, 0x0000000722200000, 0x0000000722200000|100%| O|  |TAMS 0x0000000722000000, 0x0000000722000000| Untracked 
| 273|0x0000000722200000, 0x0000000722400000, 0x0000000722400000|100%|HS|  |TAMS 0x0000000722200000, 0x0000000722200000| Complete 
| 274|0x0000000722400000, 0x0000000722600000, 0x0000000722600000|100%|HC|  |TAMS 0x0000000722400000, 0x0000000722400000| Complete 
| 275|0x0000000722600000, 0x0000000722800000, 0x0000000722800000|100%|HC|  |TAMS 0x0000000722600000, 0x0000000722600000| Complete 
| 276|0x0000000722800000, 0x0000000722a00000, 0x0000000722a00000|100%|HC|  |TAMS 0x0000000722800000, 0x0000000722800000| Complete 
| 277|0x0000000722a00000, 0x0000000722c00000, 0x0000000722c00000|100%| O|  |TAMS 0x0000000722a00000, 0x0000000722a00000| Untracked 
| 278|0x0000000722c00000, 0x0000000722c66a00, 0x0000000722e00000| 20%| O|  |TAMS 0x0000000722c00000, 0x0000000722c00000| Untracked 
| 279|0x0000000722e00000, 0x0000000722e00000, 0x0000000723000000|  0%| F|  |TAMS 0x0000000722e00000, 0x0000000722e00000| Untracked 
| 280|0x0000000723000000, 0x0000000723000000, 0x0000000723200000|  0%| F|  |TAMS 0x0000000723000000, 0x0000000723000000| Untracked 
| 281|0x0000000723200000, 0x0000000723200000, 0x0000000723400000|  0%| F|  |TAMS 0x0000000723200000, 0x0000000723200000| Untracked 
| 282|0x0000000723400000, 0x0000000723400000, 0x0000000723600000|  0%| F|  |TAMS 0x0000000723400000, 0x0000000723400000| Untracked 
| 283|0x0000000723600000, 0x0000000723600000, 0x0000000723800000|  0%| F|  |TAMS 0x0000000723600000, 0x0000000723600000| Untracked 
| 284|0x0000000723800000, 0x0000000723800000, 0x0000000723a00000|  0%| F|  |TAMS 0x0000000723800000, 0x0000000723800000| Untracked 
| 285|0x0000000723a00000, 0x0000000723a00000, 0x0000000723c00000|  0%| F|  |TAMS 0x0000000723a00000, 0x0000000723a00000| Untracked 
| 286|0x0000000723c00000, 0x0000000723c00000, 0x0000000723e00000|  0%| F|  |TAMS 0x0000000723c00000, 0x0000000723c00000| Untracked 
| 287|0x0000000723e00000, 0x0000000723e00000, 0x0000000724000000|  0%| F|  |TAMS 0x0000000723e00000, 0x0000000723e00000| Untracked 
| 288|0x0000000724000000, 0x0000000724000000, 0x0000000724200000|  0%| F|  |TAMS 0x0000000724000000, 0x0000000724000000| Untracked 
| 289|0x0000000724200000, 0x0000000724200000, 0x0000000724400000|  0%| F|  |TAMS 0x0000000724200000, 0x0000000724200000| Untracked 
| 290|0x0000000724400000, 0x0000000724400000, 0x0000000724600000|  0%| F|  |TAMS 0x0000000724400000, 0x0000000724400000| Untracked 
| 291|0x0000000724600000, 0x0000000724600000, 0x0000000724800000|  0%| F|  |TAMS 0x0000000724600000, 0x0000000724600000| Untracked 
| 292|0x0000000724800000, 0x0000000724800000, 0x0000000724a00000|  0%| F|  |TAMS 0x0000000724800000, 0x0000000724800000| Untracked 
| 293|0x0000000724a00000, 0x0000000724a00000, 0x0000000724c00000|  0%| F|  |TAMS 0x0000000724a00000, 0x0000000724a00000| Untracked 
| 294|0x0000000724c00000, 0x0000000724c00000, 0x0000000724e00000|  0%| F|  |TAMS 0x0000000724c00000, 0x0000000724c00000| Untracked 
| 295|0x0000000724e00000, 0x0000000724e00000, 0x0000000725000000|  0%| F|  |TAMS 0x0000000724e00000, 0x0000000724e00000| Untracked 
| 296|0x0000000725000000, 0x0000000725000000, 0x0000000725200000|  0%| F|  |TAMS 0x0000000725000000, 0x0000000725000000| Untracked 
| 297|0x0000000725200000, 0x0000000725200000, 0x0000000725400000|  0%| F|  |TAMS 0x0000000725200000, 0x0000000725200000| Untracked 
| 298|0x0000000725400000, 0x0000000725400000, 0x0000000725600000|  0%| F|  |TAMS 0x0000000725400000, 0x0000000725400000| Untracked 
| 299|0x0000000725600000, 0x0000000725600000, 0x0000000725800000|  0%| F|  |TAMS 0x0000000725600000, 0x0000000725600000| Untracked 
| 300|0x0000000725800000, 0x0000000725800000, 0x0000000725a00000|  0%| F|  |TAMS 0x0000000725800000, 0x0000000725800000| Untracked 
| 301|0x0000000725a00000, 0x0000000725a00000, 0x0000000725c00000|  0%| F|  |TAMS 0x0000000725a00000, 0x0000000725a00000| Untracked 
| 302|0x0000000725c00000, 0x0000000725c00000, 0x0000000725e00000|  0%| F|  |TAMS 0x0000000725c00000, 0x0000000725c00000| Untracked 
| 303|0x0000000725e00000, 0x0000000725e00000, 0x0000000726000000|  0%| F|  |TAMS 0x0000000725e00000, 0x0000000725e00000| Untracked 
| 304|0x0000000726000000, 0x0000000726000000, 0x0000000726200000|  0%| F|  |TAMS 0x0000000726000000, 0x0000000726000000| Untracked 
| 305|0x0000000726200000, 0x0000000726200000, 0x0000000726400000|  0%| F|  |TAMS 0x0000000726200000, 0x0000000726200000| Untracked 
| 306|0x0000000726400000, 0x0000000726400000, 0x0000000726600000|  0%| F|  |TAMS 0x0000000726400000, 0x0000000726400000| Untracked 
| 307|0x0000000726600000, 0x0000000726600000, 0x0000000726800000|  0%| F|  |TAMS 0x0000000726600000, 0x0000000726600000| Untracked 
| 308|0x0000000726800000, 0x0000000726800000, 0x0000000726a00000|  0%| F|  |TAMS 0x0000000726800000, 0x0000000726800000| Untracked 
| 309|0x0000000726a00000, 0x0000000726a00000, 0x0000000726c00000|  0%| F|  |TAMS 0x0000000726a00000, 0x0000000726a00000| Untracked 
| 310|0x0000000726c00000, 0x0000000726c00000, 0x0000000726e00000|  0%| F|  |TAMS 0x0000000726c00000, 0x0000000726c00000| Untracked 
| 311|0x0000000726e00000, 0x0000000726e00000, 0x0000000727000000|  0%| F|  |TAMS 0x0000000726e00000, 0x0000000726e00000| Untracked 
| 312|0x0000000727000000, 0x0000000727000000, 0x0000000727200000|  0%| F|  |TAMS 0x0000000727000000, 0x0000000727000000| Untracked 
| 313|0x0000000727200000, 0x0000000727200000, 0x0000000727400000|  0%| F|  |TAMS 0x0000000727200000, 0x0000000727200000| Untracked 
| 314|0x0000000727400000, 0x0000000727400000, 0x0000000727600000|  0%| F|  |TAMS 0x0000000727400000, 0x0000000727400000| Untracked 
| 315|0x0000000727600000, 0x0000000727600000, 0x0000000727800000|  0%| F|  |TAMS 0x0000000727600000, 0x0000000727600000| Untracked 
| 316|0x0000000727800000, 0x0000000727800000, 0x0000000727a00000|  0%| F|  |TAMS 0x0000000727800000, 0x0000000727800000| Untracked 
| 317|0x0000000727a00000, 0x0000000727a00000, 0x0000000727c00000|  0%| F|  |TAMS 0x0000000727a00000, 0x0000000727a00000| Untracked 
| 318|0x0000000727c00000, 0x0000000727c00000, 0x0000000727e00000|  0%| F|  |TAMS 0x0000000727c00000, 0x0000000727c00000| Untracked 
| 319|0x0000000727e00000, 0x0000000727e00000, 0x0000000728000000|  0%| F|  |TAMS 0x0000000727e00000, 0x0000000727e00000| Untracked 
| 320|0x0000000728000000, 0x0000000728000000, 0x0000000728200000|  0%| F|  |TAMS 0x0000000728000000, 0x0000000728000000| Untracked 
| 321|0x0000000728200000, 0x0000000728200000, 0x0000000728400000|  0%| F|  |TAMS 0x0000000728200000, 0x0000000728200000| Untracked 
| 322|0x0000000728400000, 0x0000000728400000, 0x0000000728600000|  0%| F|  |TAMS 0x0000000728400000, 0x0000000728400000| Untracked 
| 323|0x0000000728600000, 0x0000000728600000, 0x0000000728800000|  0%| F|  |TAMS 0x0000000728600000, 0x0000000728600000| Untracked 
| 324|0x0000000728800000, 0x0000000728800000, 0x0000000728a00000|  0%| F|  |TAMS 0x0000000728800000, 0x0000000728800000| Untracked 
| 325|0x0000000728a00000, 0x0000000728a00000, 0x0000000728c00000|  0%| F|  |TAMS 0x0000000728a00000, 0x0000000728a00000| Untracked 
| 326|0x0000000728c00000, 0x0000000728c00000, 0x0000000728e00000|  0%| F|  |TAMS 0x0000000728c00000, 0x0000000728c00000| Untracked 
| 327|0x0000000728e00000, 0x0000000728e00000, 0x0000000729000000|  0%| F|  |TAMS 0x0000000728e00000, 0x0000000728e00000| Untracked 
| 328|0x0000000729000000, 0x0000000729000000, 0x0000000729200000|  0%| F|  |TAMS 0x0000000729000000, 0x0000000729000000| Untracked 
| 329|0x0000000729200000, 0x0000000729200000, 0x0000000729400000|  0%| F|  |TAMS 0x0000000729200000, 0x0000000729200000| Untracked 
| 330|0x0000000729400000, 0x0000000729400000, 0x0000000729600000|  0%| F|  |TAMS 0x0000000729400000, 0x0000000729400000| Untracked 
| 331|0x0000000729600000, 0x0000000729600000, 0x0000000729800000|  0%| F|  |TAMS 0x0000000729600000, 0x0000000729600000| Untracked 
| 332|0x0000000729800000, 0x0000000729800000, 0x0000000729a00000|  0%| F|  |TAMS 0x0000000729800000, 0x0000000729800000| Untracked 
| 333|0x0000000729a00000, 0x0000000729a00000, 0x0000000729c00000|  0%| F|  |TAMS 0x0000000729a00000, 0x0000000729a00000| Untracked 
| 334|0x0000000729c00000, 0x0000000729c00000, 0x0000000729e00000|  0%| F|  |TAMS 0x0000000729c00000, 0x0000000729c00000| Untracked 
| 335|0x0000000729e00000, 0x0000000729f33c60, 0x000000072a000000| 60%| S|CS|TAMS 0x0000000729e00000, 0x0000000729e00000| Complete 
| 336|0x000000072a000000, 0x000000072a000000, 0x000000072a200000|  0%| F|  |TAMS 0x000000072a000000, 0x000000072a000000| Untracked 
| 337|0x000000072a200000, 0x000000072a200000, 0x000000072a400000|  0%| F|  |TAMS 0x000000072a200000, 0x000000072a200000| Untracked 
| 338|0x000000072a400000, 0x000000072a400000, 0x000000072a600000|  0%| F|  |TAMS 0x000000072a400000, 0x000000072a400000| Untracked 
| 339|0x000000072a600000, 0x000000072a600000, 0x000000072a800000|  0%| F|  |TAMS 0x000000072a600000, 0x000000072a600000| Untracked 
| 340|0x000000072a800000, 0x000000072a800000, 0x000000072aa00000|  0%| F|  |TAMS 0x000000072a800000, 0x000000072a800000| Untracked 
| 341|0x000000072aa00000, 0x000000072aa00000, 0x000000072ac00000|  0%| F|  |TAMS 0x000000072aa00000, 0x000000072aa00000| Untracked 
| 342|0x000000072ac00000, 0x000000072ac00000, 0x000000072ae00000|  0%| F|  |TAMS 0x000000072ac00000, 0x000000072ac00000| Untracked 
| 343|0x000000072ae00000, 0x000000072ae00000, 0x000000072b000000|  0%| F|  |TAMS 0x000000072ae00000, 0x000000072ae00000| Untracked 
| 344|0x000000072b000000, 0x000000072b000000, 0x000000072b200000|  0%| F|  |TAMS 0x000000072b000000, 0x000000072b000000| Untracked 
| 345|0x000000072b200000, 0x000000072b200000, 0x000000072b400000|  0%| F|  |TAMS 0x000000072b200000, 0x000000072b200000| Untracked 
| 346|0x000000072b400000, 0x000000072b400000, 0x000000072b600000|  0%| F|  |TAMS 0x000000072b400000, 0x000000072b400000| Untracked 
| 347|0x000000072b600000, 0x000000072b600000, 0x000000072b800000|  0%| F|  |TAMS 0x000000072b600000, 0x000000072b600000| Untracked 
| 348|0x000000072b800000, 0x000000072b800000, 0x000000072ba00000|  0%| F|  |TAMS 0x000000072b800000, 0x000000072b800000| Untracked 
| 349|0x000000072ba00000, 0x000000072ba00000, 0x000000072bc00000|  0%| F|  |TAMS 0x000000072ba00000, 0x000000072ba00000| Untracked 
| 350|0x000000072bc00000, 0x000000072bc00000, 0x000000072be00000|  0%| F|  |TAMS 0x000000072bc00000, 0x000000072bc00000| Untracked 
| 351|0x000000072be00000, 0x000000072be00000, 0x000000072c000000|  0%| F|  |TAMS 0x000000072be00000, 0x000000072be00000| Untracked 
| 352|0x000000072c000000, 0x000000072c000000, 0x000000072c200000|  0%| F|  |TAMS 0x000000072c000000, 0x000000072c000000| Untracked 
| 353|0x000000072c200000, 0x000000072c200000, 0x000000072c400000|  0%| F|  |TAMS 0x000000072c200000, 0x000000072c200000| Untracked 
| 354|0x000000072c400000, 0x000000072c400000, 0x000000072c600000|  0%| F|  |TAMS 0x000000072c400000, 0x000000072c400000| Untracked 
| 355|0x000000072c600000, 0x000000072c600000, 0x000000072c800000|  0%| F|  |TAMS 0x000000072c600000, 0x000000072c600000| Untracked 
| 356|0x000000072c800000, 0x000000072c800000, 0x000000072ca00000|  0%| F|  |TAMS 0x000000072c800000, 0x000000072c800000| Untracked 
| 357|0x000000072ca00000, 0x000000072ca00000, 0x000000072cc00000|  0%| F|  |TAMS 0x000000072ca00000, 0x000000072ca00000| Untracked 
| 358|0x000000072cc00000, 0x000000072cc00000, 0x000000072ce00000|  0%| F|  |TAMS 0x000000072cc00000, 0x000000072cc00000| Untracked 
| 359|0x000000072ce00000, 0x000000072ce00000, 0x000000072d000000|  0%| F|  |TAMS 0x000000072ce00000, 0x000000072ce00000| Untracked 
| 360|0x000000072d000000, 0x000000072d000000, 0x000000072d200000|  0%| F|  |TAMS 0x000000072d000000, 0x000000072d000000| Untracked 
| 361|0x000000072d200000, 0x000000072d200000, 0x000000072d400000|  0%| F|  |TAMS 0x000000072d200000, 0x000000072d200000| Untracked 
| 362|0x000000072d400000, 0x000000072d400000, 0x000000072d600000|  0%| F|  |TAMS 0x000000072d400000, 0x000000072d400000| Untracked 
| 363|0x000000072d600000, 0x000000072d600000, 0x000000072d800000|  0%| F|  |TAMS 0x000000072d600000, 0x000000072d600000| Untracked 
| 364|0x000000072d800000, 0x000000072d800000, 0x000000072da00000|  0%| F|  |TAMS 0x000000072d800000, 0x000000072d800000| Untracked 
| 365|0x000000072da00000, 0x000000072da00000, 0x000000072dc00000|  0%| F|  |TAMS 0x000000072da00000, 0x000000072da00000| Untracked 
| 366|0x000000072dc00000, 0x000000072dc00000, 0x000000072de00000|  0%| F|  |TAMS 0x000000072dc00000, 0x000000072dc00000| Untracked 
| 367|0x000000072de00000, 0x000000072de00000, 0x000000072e000000|  0%| F|  |TAMS 0x000000072de00000, 0x000000072de00000| Untracked 
|2045|0x00000007ffa00000, 0x00000007ffc00000, 0x00000007ffc00000|100%| O|  |TAMS 0x00000007ffa00000, 0x00000007ffa00000| Untracked 
|2046|0x00000007ffc00000, 0x00000007ffe00000, 0x00000007ffe00000|100%| O|  |TAMS 0x00000007ffc00000, 0x00000007ffc00000| Untracked 
|2047|0x00000007ffe00000, 0x0000000800000000, 0x0000000800000000|100%| O|  |TAMS 0x00000007ffe00000, 0x00000007ffe00000| Untracked 

Card table byte_map: [0x00000194cf1c0000,0x00000194cf9c0000] _byte_map_base: 0x00000194cb9c0000

Marking Bits (Prev, Next): (CMBitMap*) 0x00000194b7b90250, (CMBitMap*) 0x00000194b7b90290
 Prev Bits: [0x00000194d01c0000, 0x00000194d41c0000)
 Next Bits: [0x00000194d41c0000, 0x00000194d81c0000)

Polling page: 0x00000194b5a40000

Metaspace:

Usage:
  Non-class:    122.48 MB used.
      Class:     19.62 MB used.
       Both:    142.10 MB used.

Virtual space:
  Non-class space:      128.00 MB reserved,     123.56 MB ( 97%) committed,  2 nodes.
      Class space:      416.00 MB reserved,      20.69 MB (  5%) committed,  1 nodes.
             Both:      544.00 MB reserved,     144.25 MB ( 27%) committed. 

Chunk freelists:
   Non-Class:  4.19 MB
       Class:  11.30 MB
        Both:  15.48 MB

MaxMetaspaceSize: 512.00 MB
CompressedClassSpaceSize: 416.00 MB
Initial GC threshold: 21.00 MB
Current GC threshold: 203.56 MB
CDS: on
MetaspaceReclaimPolicy: balanced
 - commit_granule_bytes: 65536.
 - commit_granule_words: 8192.
 - virtual_space_node_default_size: 8388608.
 - enlarge_chunks_in_place: 1.
 - new_chunks_are_fully_committed: 0.
 - uncommit_free_chunks: 1.
 - use_allocation_guard: 0.
 - handle_deallocations: 1.


Internal statistics:

num_allocs_failed_limit: 12.
num_arena_births: 3404.
num_arena_deaths: 2.
num_vsnodes_births: 3.
num_vsnodes_deaths: 0.
num_space_committed: 2307.
num_space_uncommitted: 0.
num_chunks_returned_to_freelist: 15.
num_chunks_taken_from_freelist: 10485.
num_chunk_merges: 9.
num_chunk_splits: 6537.
num_chunks_enlarged: 3835.
num_inconsistent_stats: 0.

CodeHeap 'non-profiled nmethods': size=120000Kb used=17815Kb max_used=18193Kb free=102184Kb
 bounds [0x00000194c7150000, 0x00000194c8320000, 0x00000194ce680000]
CodeHeap 'profiled nmethods': size=120000Kb used=38929Kb max_used=39790Kb free=81070Kb
 bounds [0x00000194bf680000, 0x00000194c1dd0000, 0x00000194c6bb0000]
CodeHeap 'non-nmethods': size=5760Kb used=1863Kb max_used=1941Kb free=3897Kb
 bounds [0x00000194c6bb0000, 0x00000194c6e20000, 0x00000194c7150000]
 total_blobs=21596 nmethods=20630 adapters=877
 compilation: enabled
              stopped_count=0, restarted_count=0
 full_count=0

Compilation events (20 events):
Event: 45.539 Thread 0x000001948731dd70 26390       4       com.android.tools.r8.graph.F0::K0 (11 bytes)
Event: 45.541 Thread 0x00000194da4951d0 nmethod 26371 0x00000194c82a2b90 code [0x00000194c82a2d20, 0x00000194c82a2ed8]
Event: 45.541 Thread 0x00000194da4951d0 26414       4       java.util.Arrays$ArrayList::forEach (43 bytes)
Event: 45.542 Thread 0x000001948731dd70 nmethod 26390 0x00000194c8280d90 code [0x00000194c8280f40, 0x00000194c8281178]
Event: 45.542 Thread 0x000001948731dd70 26413       4       com.android.tools.r8.dex.L::a (184 bytes)
Event: 45.552 Thread 0x00000194da4951d0 nmethod 26414 0x00000194c827fd90 code [0x00000194c827ff40, 0x00000194c8280918]
Event: 45.552 Thread 0x00000194da4951d0 26415       4       com.android.tools.r8.dex.L$$Lambda$3622/0x00000194dd4b06f8::compare (16 bytes)
Event: 45.555 Thread 0x00000194da4a7bb0 26417       3       com.android.tools.r8.graph.O4::j (7 bytes)
Event: 45.556 Thread 0x00000194da4a7bb0 nmethod 26417 0x00000194bf6e1890 code [0x00000194bf6e1a80, 0x00000194bf6e2008]
Event: 45.556 Thread 0x00000194da4a7bb0 26418       3       com.android.tools.r8.graph.O4$$Lambda$3606/0x00000194dd4ac320::<init> (10 bytes)
Event: 45.556 Thread 0x00000194da4a7bb0 nmethod 26418 0x00000194c1879e10 code [0x00000194c1879fc0, 0x00000194c187a178]
Event: 45.560 Thread 0x000001948731dd70 nmethod 26413 0x00000194c8285690 code [0x00000194c82858a0, 0x00000194c8286370]
Event: 45.560 Thread 0x000001948731dd70 26416       4       com.android.tools.r8.graph.O4$$Lambda$3607/0x00000194dd4ac560::test (12 bytes)
Event: 45.561 Thread 0x00000194da4951d0 nmethod 26415 0x00000194c72f3690 code [0x00000194c72f3880, 0x00000194c72f3ff8]
Event: 45.561 Thread 0x00000194da4951d0 26391       4       com.android.tools.r8.graph.F0::E1 (11 bytes)
Event: 45.561 Thread 0x000001948731dd70 nmethod 26416 0x00000194c8285290 code [0x00000194c8285420, 0x00000194c8285518]
Event: 45.562 Thread 0x000001948731dd70 26419       4       com.android.tools.r8.dex.L$$Lambda$3621/0x00000194dd4b04c8::accept (12 bytes)
Event: 45.563 Thread 0x00000194da4951d0 nmethod 26391 0x00000194c827f790 code [0x00000194c827f940, 0x00000194c827fb78]
Event: 45.564 Thread 0x00000194da4951d0 26420       4       com.android.tools.r8.graph.L4::j (32 bytes)
Event: 45.565 Thread 0x00000194da4951d0 nmethod 26420 0x00000194c8284e10 code [0x00000194c8284fa0, 0x00000194c8285118]

GC Heap History (20 events):
Event: 35.670 GC heap after
{Heap after GC invocations=60 (full 0):
 garbage-first heap   total 577536K, used 301294K [0x0000000700000000, 0x0000000800000000)
  region size 2048K, 8 young (16384K), 8 survivors (16384K)
 Metaspace       used 124105K, committed 126272K, reserved 557056K
  class space    used 17255K, committed 18304K, reserved 425984K
}
Event: 35.742 GC heap before
{Heap before GC invocations=60 (full 0):
 garbage-first heap   total 577536K, used 311534K [0x0000000700000000, 0x0000000800000000)
  region size 2048K, 14 young (28672K), 8 survivors (16384K)
 Metaspace       used 124120K, committed 126272K, reserved 557056K
  class space    used 17255K, committed 18304K, reserved 425984K
}
Event: 35.761 GC heap after
{Heap after GC invocations=61 (full 0):
 garbage-first heap   total 753664K, used 296578K [0x0000000700000000, 0x0000000800000000)
  region size 2048K, 2 young (4096K), 2 survivors (4096K)
 Metaspace       used 124120K, committed 126272K, reserved 557056K
  class space    used 17255K, committed 18304K, reserved 425984K
}
Event: 38.541 GC heap before
{Heap before GC invocations=61 (full 0):
 garbage-first heap   total 753664K, used 671362K [0x0000000700000000, 0x0000000800000000)
  region size 2048K, 158 young (323584K), 2 survivors (4096K)
 Metaspace       used 131745K, committed 133824K, reserved 557056K
  class space    used 18498K, committed 19520K, reserved 425984K
}
Event: 38.603 GC heap after
{Heap after GC invocations=62 (full 0):
 garbage-first heap   total 759808K, used 414121K [0x0000000700000000, 0x0000000800000000)
  region size 2048K, 20 young (40960K), 20 survivors (40960K)
 Metaspace       used 131745K, committed 133824K, reserved 557056K
  class space    used 18498K, committed 19520K, reserved 425984K
}
Event: 39.666 GC heap before
{Heap before GC invocations=62 (full 0):
 garbage-first heap   total 759808K, used 592297K [0x0000000700000000, 0x0000000800000000)
  region size 2048K, 107 young (219136K), 20 survivors (40960K)
 Metaspace       used 135141K, committed 137216K, reserved 557056K
  class space    used 18924K, committed 19968K, reserved 425984K
}
Event: 39.756 GC heap after
{Heap after GC invocations=63 (full 0):
 garbage-first heap   total 759808K, used 469640K [0x0000000700000000, 0x0000000800000000)
  region size 2048K, 14 young (28672K), 14 survivors (28672K)
 Metaspace       used 135141K, committed 137216K, reserved 557056K
  class space    used 18924K, committed 19968K, reserved 425984K
}
Event: 40.895 GC heap before
{Heap before GC invocations=63 (full 0):
 garbage-first heap   total 759808K, used 590472K [0x0000000700000000, 0x0000000800000000)
  region size 2048K, 74 young (151552K), 14 survivors (28672K)
 Metaspace       used 137020K, committed 139136K, reserved 557056K
  class space    used 19205K, committed 20224K, reserved 425984K
}
Event: 40.926 GC heap after
{Heap after GC invocations=64 (full 0):
 garbage-first heap   total 759808K, used 485470K [0x0000000700000000, 0x0000000800000000)
  region size 2048K, 7 young (14336K), 7 survivors (14336K)
 Metaspace       used 137020K, committed 139136K, reserved 557056K
  class space    used 19205K, committed 20224K, reserved 425984K
}
Event: 42.018 GC heap before
{Heap before GC invocations=64 (full 0):
 garbage-first heap   total 759808K, used 606302K [0x0000000700000000, 0x0000000800000000)
  region size 2048K, 65 young (133120K), 7 survivors (14336K)
 Metaspace       used 140800K, committed 142912K, reserved 557056K
  class space    used 19532K, committed 20544K, reserved 425984K
}
Event: 42.036 GC heap after
{Heap after GC invocations=65 (full 0):
 garbage-first heap   total 759808K, used 500409K [0x0000000700000000, 0x0000000800000000)
  region size 2048K, 6 young (12288K), 6 survivors (12288K)
 Metaspace       used 140800K, committed 142912K, reserved 557056K
  class space    used 19532K, committed 20544K, reserved 425984K
}
Event: 42.631 GC heap before
{Heap before GC invocations=65 (full 0):
 garbage-first heap   total 759808K, used 619193K [0x0000000700000000, 0x0000000800000000)
  region size 2048K, 63 young (129024K), 6 survivors (12288K)
 Metaspace       used 142186K, committed 144320K, reserved 557056K
  class space    used 19699K, committed 20736K, reserved 425984K
}
Event: 42.647 GC heap after
{Heap after GC invocations=66 (full 0):
 garbage-first heap   total 759808K, used 508113K [0x0000000700000000, 0x0000000800000000)
  region size 2048K, 4 young (8192K), 4 survivors (8192K)
 Metaspace       used 142186K, committed 144320K, reserved 557056K
  class space    used 19699K, committed 20736K, reserved 425984K
}
Event: 43.950 GC heap before
{Heap before GC invocations=66 (full 0):
 garbage-first heap   total 759808K, used 635089K [0x0000000700000000, 0x0000000800000000)
  region size 2048K, 62 young (126976K), 4 survivors (8192K)
 Metaspace       used 145010K, committed 147200K, reserved 557056K
  class space    used 20054K, committed 21120K, reserved 425984K
}
Event: 43.966 GC heap after
{Heap after GC invocations=67 (full 0):
 garbage-first heap   total 759808K, used 529616K [0x0000000700000000, 0x0000000800000000)
  region size 2048K, 8 young (16384K), 8 survivors (16384K)
 Metaspace       used 145010K, committed 147200K, reserved 557056K
  class space    used 20054K, committed 21120K, reserved 425984K
}
Event: 44.752 GC heap before
{Heap before GC invocations=67 (full 0):
 garbage-first heap   total 759808K, used 636112K [0x0000000700000000, 0x0000000800000000)
  region size 2048K, 59 young (120832K), 8 survivors (16384K)
 Metaspace       used 145298K, committed 147520K, reserved 557056K
  class space    used 20080K, committed 21120K, reserved 425984K
}
Event: 44.778 GC heap after
{Heap after GC invocations=68 (full 0):
 garbage-first heap   total 759808K, used 552774K [0x0000000700000000, 0x0000000800000000)
  region size 2048K, 8 young (16384K), 8 survivors (16384K)
 Metaspace       used 145298K, committed 147520K, reserved 557056K
  class space    used 20080K, committed 21120K, reserved 425984K
}
Event: 45.136 GC heap before
{Heap before GC invocations=68 (full 0):
 garbage-first heap   total 759808K, used 651078K [0x0000000700000000, 0x0000000800000000)
  region size 2048K, 50 young (102400K), 8 survivors (16384K)
 Metaspace       used 145377K, committed 147584K, reserved 557056K
  class space    used 20083K, committed 21120K, reserved 425984K
}
Event: 45.150 GC heap after
{Heap after GC invocations=69 (full 0):
 garbage-first heap   total 759808K, used 576670K [0x0000000700000000, 0x0000000800000000)
  region size 2048K, 7 young (14336K), 7 survivors (14336K)
 Metaspace       used 145377K, committed 147584K, reserved 557056K
  class space    used 20083K, committed 21120K, reserved 425984K
}
Event: 45.568 GC heap before
{Heap before GC invocations=69 (full 0):
 garbage-first heap   total 759808K, used 648350K [0x0000000700000000, 0x0000000800000000)
  region size 2048K, 39 young (79872K), 7 survivors (14336K)
 Metaspace       used 145512K, committed 147712K, reserved 557056K
  class space    used 20094K, committed 21184K, reserved 425984K
}

Dll operation events (15 events):
Event: 0.009 Loaded shared library C:\Program Files\Eclipse Adoptium\jdk-17.0.18.8-hotspot\bin\java.dll
Event: 0.025 Loaded shared library C:\Program Files\Eclipse Adoptium\jdk-17.0.18.8-hotspot\bin\jsvml.dll
Event: 0.062 Loaded shared library C:\Program Files\Eclipse Adoptium\jdk-17.0.18.8-hotspot\bin\zip.dll
Event: 0.065 Loaded shared library C:\Program Files\Eclipse Adoptium\jdk-17.0.18.8-hotspot\bin\instrument.dll
Event: 0.068 Loaded shared library C:\Program Files\Eclipse Adoptium\jdk-17.0.18.8-hotspot\bin\net.dll
Event: 0.069 Loaded shared library C:\Program Files\Eclipse Adoptium\jdk-17.0.18.8-hotspot\bin\nio.dll
Event: 0.071 Loaded shared library C:\Program Files\Eclipse Adoptium\jdk-17.0.18.8-hotspot\bin\zip.dll
Event: 0.242 Loaded shared library C:\Program Files\Eclipse Adoptium\jdk-17.0.18.8-hotspot\bin\jimage.dll
Event: 0.411 Loaded shared library C:\Program Files\Eclipse Adoptium\jdk-17.0.18.8-hotspot\bin\verify.dll
Event: 0.452 Loaded shared library C:\Users\hp\.gradle\native\1def1411415f61bf3af743bc5b6707747c0891f09f0c88961ee8f79bc544acac\windows-amd64\native-platform.dll
Event: 0.467 Loaded shared library C:\Users\hp\.gradle\native\0.2.8\x86_64-windows-gnu\gradle-fileevents.dll
Event: 1.376 Loaded shared library C:\Program Files\Eclipse Adoptium\jdk-17.0.18.8-hotspot\bin\management.dll
Event: 1.378 Loaded shared library C:\Program Files\Eclipse Adoptium\jdk-17.0.18.8-hotspot\bin\management_ext.dll
Event: 1.574 Loaded shared library C:\Program Files\Eclipse Adoptium\jdk-17.0.18.8-hotspot\bin\extnet.dll
Event: 1.742 Loaded shared library C:\Program Files\Eclipse Adoptium\jdk-17.0.18.8-hotspot\bin\sunmscapi.dll

Deoptimization events (20 events):
Event: 45.390 Thread 0x00000194fe236c90 Uncommon trap: trap_request=0xffffff45 fr.pc=0x00000194c8243038 relative=0x0000000000000358
Event: 45.390 Thread 0x00000194fe236c90 Uncommon trap: reason=unstable_if action=reinterpret pc=0x00000194c8243038 method=com.android.tools.r8.dex.L.a(II)Lcom/android/tools/r8/dex/G; @ 1837 c2
Event: 45.390 Thread 0x00000194fe236c90 DEOPT PACKING pc=0x00000194c8243038 sp=0x0000008373efefb0
Event: 45.390 Thread 0x00000194fe236c90 DEOPT UNPACKING pc=0x00000194c6c0a1a3 sp=0x0000008373efef28 mode 2
Event: 45.451 Thread 0x00000194fe236c90 Uncommon trap: trap_request=0xffffffc6 fr.pc=0x00000194c8274d40 relative=0x0000000000000620
Event: 45.451 Thread 0x00000194fe236c90 Uncommon trap: reason=bimorphic_or_optimized_type_check action=maybe_recompile pc=0x00000194c8274d40 method=com.android.tools.r8.internal.Jf.a(Lcom/android/tools/r8/graph/J2;Lcom/android/tools/r8/graph/J2;)I @ 12 c2
Event: 45.451 Thread 0x00000194fe236c90 DEOPT PACKING pc=0x00000194c8274d40 sp=0x0000008373efea60
Event: 45.451 Thread 0x00000194fe236c90 DEOPT UNPACKING pc=0x00000194c6c0a1a3 sp=0x0000008373efea18 mode 2
Event: 45.451 Thread 0x00000194fe236c90 Uncommon trap: trap_request=0xffffffc6 fr.pc=0x00000194c8274d40 relative=0x0000000000000620
Event: 45.451 Thread 0x00000194fe236c90 Uncommon trap: reason=bimorphic_or_optimized_type_check action=maybe_recompile pc=0x00000194c8274d40 method=com.android.tools.r8.internal.Jf.a(Lcom/android/tools/r8/graph/J2;Lcom/android/tools/r8/graph/J2;)I @ 12 c2
Event: 45.451 Thread 0x00000194fe236c90 DEOPT PACKING pc=0x00000194c8274d40 sp=0x0000008373efea60
Event: 45.451 Thread 0x00000194fe236c90 DEOPT UNPACKING pc=0x00000194c6c0a1a3 sp=0x0000008373efea18 mode 2
Event: 45.451 Thread 0x00000194fe236c90 Uncommon trap: trap_request=0xffffffc6 fr.pc=0x00000194c8274d40 relative=0x0000000000000620
Event: 45.451 Thread 0x00000194fe236c90 Uncommon trap: reason=bimorphic_or_optimized_type_check action=maybe_recompile pc=0x00000194c8274d40 method=com.android.tools.r8.internal.Jf.a(Lcom/android/tools/r8/graph/J2;Lcom/android/tools/r8/graph/J2;)I @ 12 c2
Event: 45.451 Thread 0x00000194fe236c90 DEOPT PACKING pc=0x00000194c8274d40 sp=0x0000008373efea60
Event: 45.451 Thread 0x00000194fe236c90 DEOPT UNPACKING pc=0x00000194c6c0a1a3 sp=0x0000008373efea18 mode 2
Event: 45.451 Thread 0x00000194fe236c90 Uncommon trap: trap_request=0xffffffc6 fr.pc=0x00000194c8274d40 relative=0x0000000000000620
Event: 45.451 Thread 0x00000194fe236c90 Uncommon trap: reason=bimorphic_or_optimized_type_check action=maybe_recompile pc=0x00000194c8274d40 method=com.android.tools.r8.internal.Jf.a(Lcom/android/tools/r8/graph/J2;Lcom/android/tools/r8/graph/J2;)I @ 12 c2
Event: 45.451 Thread 0x00000194fe236c90 DEOPT PACKING pc=0x00000194c8274d40 sp=0x0000008373efea60
Event: 45.451 Thread 0x00000194fe236c90 DEOPT UNPACKING pc=0x00000194c6c0a1a3 sp=0x0000008373efea18 mode 2

Classes loaded (20 events):
Event: 43.142 Loading class sun/net/spi/DefaultProxySelector$1
Event: 43.142 Loading class sun/net/spi/DefaultProxySelector$1 done
Event: 43.143 Loading class sun/net/spi/DefaultProxySelector$NonProxyInfo
Event: 43.143 Loading class sun/net/spi/DefaultProxySelector$NonProxyInfo done
Event: 43.143 Loading class sun/net/spi/DefaultProxySelector$3
Event: 43.143 Loading class sun/net/spi/DefaultProxySelector$3 done
Event: 43.144 Loading class sun/net/util/SocketExceptions
Event: 43.144 Loading class sun/net/util/SocketExceptions done
Event: 43.194 Loading class java/lang/ProcessBuilder$NullInputStream
Event: 43.195 Loading class java/lang/ProcessBuilder$NullInputStream done
Event: 43.196 Loading class java/util/concurrent/Semaphore$NonfairSync
Event: 43.196 Loading class java/util/concurrent/Semaphore$Sync
Event: 43.196 Loading class java/util/concurrent/Semaphore$Sync done
Event: 43.196 Loading class java/util/concurrent/Semaphore$NonfairSync done
Event: 43.877 Loading class java/util/IdentityHashMap$EntryIterator
Event: 43.877 Loading class java/util/IdentityHashMap$EntryIterator done
Event: 43.882 Loading class java/util/IdentityHashMap$EntryIterator$Entry
Event: 43.882 Loading class java/util/IdentityHashMap$EntryIterator$Entry done
Event: 45.164 Loading class java/nio/ByteBufferAsShortBufferL
Event: 45.164 Loading class java/nio/ByteBufferAsShortBufferL done

Classes unloaded (1 events):
Event: 35.012 Thread 0x00000194da466c50 Unloading class 0x00000194dd135000 'jdk/internal/reflect/GeneratedSerializationConstructorAccessor82'

Classes redefined (0 events):
No events

Internal exceptions (20 events):
Event: 42.925 Thread 0x000001948112af90 Exception <a 'java/lang/NoSuchMethodError'{0x000000072bb87e78}: static Lorg/jetbrains/kotlin/buildtools/api/SourcesChanges$Known;.<clinit>()V> (0x000000072bb87e78) 
thrown [s\src\hotspot\share\prims\jni.cpp, line 1112]
Event: 42.929 Thread 0x000001948112af90 Exception <a 'java/lang/NoSuchMethodError'{0x000000072bbe0ff0}: static Lorg/jetbrains/kotlin/incremental/ClasspathChanges$ClasspathSnapshotEnabled$IncrementalRun$ToBeComputedByIncrementalCompiler;.<clinit>()V> (0x000000072bbe0ff0) 
thrown [s\src\hotspot\share\prims\jni.cpp, line 1112]
Event: 42.929 Thread 0x000001948112af90 Exception <a 'java/lang/NoSuchMethodError'{0x000000072bbe3270}: static Lorg/jetbrains/kotlin/incremental/ClasspathChanges$ClasspathSnapshotEnabled$IncrementalRun;.<clinit>()V> (0x000000072bbe3270) 
thrown [s\src\hotspot\share\prims\jni.cpp, line 1112]
Event: 42.929 Thread 0x000001948112af90 Exception <a 'java/lang/NoSuchMethodError'{0x000000072bbe4fb8}: static Lorg/jetbrains/kotlin/incremental/ClasspathChanges$ClasspathSnapshotEnabled;.<clinit>()V> (0x000000072bbe4fb8) 
thrown [s\src\hotspot\share\prims\jni.cpp, line 1112]
Event: 42.929 Thread 0x000001948112af90 Exception <a 'java/lang/NoSuchMethodError'{0x000000072bbe7048}: static Lorg/jetbrains/kotlin/incremental/ClasspathChanges;.<clinit>()V> (0x000000072bbe7048) 
thrown [s\src\hotspot\share\prims\jni.cpp, line 1112]
Event: 42.937 Thread 0x000001948112af90 Exception <a 'java/lang/NoSuchMethodError'{0x000000072b9aa820}: static Lorg/jetbrains/kotlin/gradle/report/GradleBuildMetricsReporter;.<clinit>()V> (0x000000072b9aa820) 
thrown [s\src\hotspot\share\prims\jni.cpp, line 1112]
Event: 42.937 Thread 0x000001948112af90 Exception <a 'java/lang/NoSuchMethodError'{0x000000072b9ada40}: static Lorg/jetbrains/kotlin/build/report/metrics/BuildMetricsReporterImpl;.<clinit>()V> (0x000000072b9ada40) 
thrown [s\src\hotspot\share\prims\jni.cpp, line 1112]
Event: 42.940 Thread 0x000001948112af90 Exception <a 'java/lang/NoSuchMethodError'{0x000000072b732ed8}: static Lorg/jetbrains/kotlin/build/report/metrics/GcMetrics;.<clinit>()V> (0x000000072b732ed8) 
thrown [s\src\hotspot\share\prims\jni.cpp, line 1112]
Event: 43.100 Thread 0x00000194fe235340 Exception <a 'java/lang/NoSuchMethodError'{0x0000000729ee51b0}: 'long java.lang.invoke.DirectMethodHandle$Holder.invokeStaticInit(java.lang.Object)'> (0x0000000729ee51b0) 
thrown [s\src\hotspot\share\interpreter\linkResolver.cpp, line 759]
Event: 43.144 Thread 0x00000194fe235340 Exception <a 'java/net/ConnectException'{0x0000000729c31f70}: Connection refused: connect> (0x0000000729c31f70) 
thrown [s\src\hotspot\share\prims\jni.cpp, line 535]
Event: 43.144 Thread 0x00000194fe235340 Exception <a 'java/net/SocketException'{0x0000000729c32b48}: Socket is not connected: shutdown> (0x0000000729c32b48) 
thrown [s\src\hotspot\share\prims\jni.cpp, line 535]
Event: 43.161 Thread 0x00000194fe235340 Exception <a 'java/net/ConnectException'{0x0000000729c34328}: Connection refused: connect> (0x0000000729c34328) 
thrown [s\src\hotspot\share\prims\jni.cpp, line 535]
Event: 43.161 Thread 0x00000194fe235340 Exception <a 'java/net/SocketException'{0x0000000729c34bb0}: Socket is not connected: shutdown> (0x0000000729c34bb0) 
thrown [s\src\hotspot\share\prims\jni.cpp, line 535]
Event: 43.177 Thread 0x00000194fe235340 Exception <a 'java/net/ConnectException'{0x0000000729c35930}: Connection refused: connect> (0x0000000729c35930) 
thrown [s\src\hotspot\share\prims\jni.cpp, line 535]
Event: 43.177 Thread 0x00000194fe235340 Exception <a 'java/net/SocketException'{0x0000000729c361b8}: Socket is not connected: shutdown> (0x0000000729c361b8) 
thrown [s\src\hotspot\share\prims\jni.cpp, line 535]
Event: 43.182 Thread 0x00000194fe235340 Exception <a 'java/lang/NoSuchMethodError'{0x0000000729db5b10}: 'int java.lang.invoke.DirectMethodHandle$Holder.invokeStatic(java.lang.Object, long)'> (0x0000000729db5b10) 
thrown [s\src\hotspot\share\interpreter\linkResolver.cpp, line 759]
Event: 43.186 Thread 0x00000194fe235340 Exception <a 'java/lang/NoSuchMethodError'{0x0000000729a0faf8}: 'int java.lang.invoke.DirectMethodHandle$Holder.invokeStatic(java.lang.Object, java.lang.Object, java.lang.Object, int)'> (0x0000000729a0faf8) 
thrown [s\src\hotspot\share\interpreter\linkResolver.cpp, line 759]
Event: 44.098 Thread 0x00000194fe236c90 Implicit null exception at 0x00000194c826bbbb to 0x00000194c826cd68
Event: 44.495 Thread 0x00000194fe236c90 Exception <a 'java/lang/IncompatibleClassChangeError'{0x000000072a08a238}: Found class java.lang.Object, but interface was expected> (0x000000072a08a238) 
thrown [s\src\hotspot\share\interpreter\linkResolver.cpp, line 826]
Event: 44.976 Thread 0x00000194fe236c90 Implicit null exception at 0x00000194c8195f4c to 0x00000194c8196254

VM Operations (20 events):
Event: 43.966 Executing VM operation: G1CollectForAllocation done
Event: 44.603 Executing VM operation: ICBufferFull
Event: 44.613 Executing VM operation: ICBufferFull done
Event: 44.689 Executing VM operation: HandshakeAllThreads
Event: 44.706 Executing VM operation: HandshakeAllThreads done
Event: 44.749 Executing VM operation: HandshakeAllThreads
Event: 44.750 Executing VM operation: HandshakeAllThreads done
Event: 44.752 Executing VM operation: G1CollectForAllocation
Event: 44.778 Executing VM operation: G1CollectForAllocation done
Event: 44.961 Executing VM operation: HandshakeAllThreads
Event: 44.962 Executing VM operation: HandshakeAllThreads done
Event: 45.136 Executing VM operation: G1CollectForAllocation
Event: 45.150 Executing VM operation: G1CollectForAllocation done
Event: 45.166 Executing VM operation: HandshakeAllThreads
Event: 45.167 Executing VM operation: HandshakeAllThreads done
Event: 45.236 Executing VM operation: HandshakeAllThreads
Event: 45.250 Executing VM operation: HandshakeAllThreads done
Event: 45.308 Executing VM operation: ICBufferFull
Event: 45.309 Executing VM operation: ICBufferFull done
Event: 45.568 Executing VM operation: G1CollectForAllocation

Memory protections (0 events):
No events

Nmethod flushes (20 events):
Event: 45.282 Thread 0x00000194da4ac9d0 flushing  nmethod 0x00000194c1d0f990
Event: 45.282 Thread 0x00000194da4ac9d0 flushing  nmethod 0x00000194c1d10810
Event: 45.282 Thread 0x00000194da4ac9d0 flushing  nmethod 0x00000194c1d11310
Event: 45.282 Thread 0x00000194da4ac9d0 flushing  nmethod 0x00000194c1d11a90
Event: 45.282 Thread 0x00000194da4ac9d0 flushing  nmethod 0x00000194c1d17d90
Event: 45.282 Thread 0x00000194da4ac9d0 flushing  nmethod 0x00000194c1d18210
Event: 45.282 Thread 0x00000194da4ac9d0 flushing  nmethod 0x00000194c1d28890
Event: 45.282 Thread 0x00000194da4ac9d0 flushing  nmethod 0x00000194c1d29790
Event: 45.282 Thread 0x00000194da4ac9d0 flushing osr nmethod 0x00000194c1d2a210
Event: 45.282 Thread 0x00000194da4ac9d0 flushing  nmethod 0x00000194c1d2aa10
Event: 45.282 Thread 0x00000194da4ac9d0 flushing  nmethod 0x00000194c1d2b410
Event: 45.282 Thread 0x00000194da4ac9d0 flushing  nmethod 0x00000194c1d2b810
Event: 45.282 Thread 0x00000194da4ac9d0 flushing  nmethod 0x00000194c1d2bc90
Event: 45.282 Thread 0x00000194da4ac9d0 flushing  nmethod 0x00000194c1d2cc10
Event: 45.282 Thread 0x00000194da4ac9d0 flushing  nmethod 0x00000194c1d2d610
Event: 45.282 Thread 0x00000194da4ac9d0 flushing  nmethod 0x00000194c1d30b10
Event: 45.282 Thread 0x00000194da4ac9d0 flushing  nmethod 0x00000194c1d32b10
Event: 45.282 Thread 0x00000194da4ac9d0 flushing  nmethod 0x00000194c1d3d590
Event: 45.282 Thread 0x00000194da4ac9d0 flushing  nmethod 0x00000194c1d3d910
Event: 45.282 Thread 0x00000194da4ac9d0 flushing  nmethod 0x00000194c1d45a10

Events (20 events):
Event: 38.181 Thread 0x00000194fe2385e0 Thread added: 0x00000194fe239510
Event: 38.192 Thread 0x00000194fe239510 Thread added: 0x00000194fe238af0
Event: 38.194 Thread 0x00000194fe238af0 Thread added: 0x00000194fe239a20
Event: 38.195 Thread 0x00000194fe239a20 Thread added: 0x00000194fe236270
Event: 38.196 Thread 0x00000194fe236270 Thread added: 0x00000194fe236c90
Event: 38.197 Thread 0x00000194fe236c90 Thread added: 0x00000194fe239f30
Event: 38.198 Thread 0x00000194fe239f30 Thread added: 0x00000194fe236780
Event: 38.199 Thread 0x00000194fe236780 Thread added: 0x00000194fe23a950
Event: 38.409 Thread 0x00000194da4a7bb0 Thread added: 0x000001948731fd50
Event: 39.952 Thread 0x000001948731fd50 Thread exited: 0x000001948731fd50
Event: 40.034 Thread 0x00000194da4a7bb0 Thread added: 0x00000194fb8e84a0
Event: 40.035 Thread 0x00000194da4a7bb0 Thread added: 0x0000019489b9f380
Event: 42.941 Thread 0x000001948112af90 Thread added: 0x00000194fe23c7b0
Event: 43.218 Thread 0x00000194fe235340 Thread added: 0x00000194fdaca390
Event: 43.662 Thread 0x0000019489b9f380 Thread exited: 0x0000019489b9f380
Event: 43.662 Thread 0x00000194fb8e84a0 Thread exited: 0x00000194fb8e84a0
Event: 43.884 Thread 0x00000194da4a7bb0 Thread added: 0x000001948731dd70
Event: 43.888 Thread 0x00000194da4a7bb0 Thread added: 0x000001948731e2c0
Event: 44.209 Thread 0x00000194fdaca390 Thread exited: 0x00000194fdaca390
Event: 44.230 Thread 0x00000194fe235340 Thread added: 0x00000194fdaca390


Dynamic libraries:
0x00007ff7b0260000 - 0x00007ff7b026e000 	C:\Program Files\Eclipse Adoptium\jdk-17.0.18.8-hotspot\bin\java.exe
0x00007ffa2f780000 - 0x00007ffa2f9e7000 	C:\WINDOWS\SYSTEM32\ntdll.dll
0x00007ffa2eb90000 - 0x00007ffa2ec59000 	C:\WINDOWS\System32\KERNEL32.DLL
0x00007ffa2d100000 - 0x00007ffa2d4f7000 	C:\WINDOWS\System32\KERNELBASE.dll
0x00007ffa2c3b0000 - 0x00007ffa2c4fb000 	C:\WINDOWS\System32\ucrtbase.dll
0x00007ffa1cab0000 - 0x00007ffa1cac8000 	C:\Program Files\Eclipse Adoptium\jdk-17.0.18.8-hotspot\bin\jli.dll
0x00007ffa19cf0000 - 0x00007ffa19d0e000 	C:\Program Files\Eclipse Adoptium\jdk-17.0.18.8-hotspot\bin\VCRUNTIME140.dll
0x00007ffa2e2d0000 - 0x00007ffa2e496000 	C:\WINDOWS\System32\USER32.dll
0x00007ffa2d0d0000 - 0x00007ffa2d0f7000 	C:\WINDOWS\System32\win32u.dll
0x00007ffa0d3e0000 - 0x00007ffa0d672000 	C:\WINDOWS\WinSxS\amd64_microsoft.windows.common-controls_6595b64144ccf1df_6.0.26100.8328_none_3e08182ce334b678\COMCTL32.dll
0x00007ffa2ef10000 - 0x00007ffa2ef3b000 	C:\WINDOWS\System32\GDI32.dll
0x00007ffa2ec60000 - 0x00007ffa2ed09000 	C:\WINDOWS\System32\msvcrt.dll
0x00007ffa2c500000 - 0x00007ffa2c62c000 	C:\WINDOWS\System32\gdi32full.dll
0x00007ffa2c270000 - 0x00007ffa2c313000 	C:\WINDOWS\System32\msvcp_win.dll
0x00007ffa2e190000 - 0x00007ffa2e1c2000 	C:\WINDOWS\System32\IMM32.DLL
0x00007ffa15b40000 - 0x00007ffa15b4c000 	C:\Program Files\Eclipse Adoptium\jdk-17.0.18.8-hotspot\bin\vcruntime140_1.dll
0x00007ff9d3940000 - 0x00007ff9d39cd000 	C:\Program Files\Eclipse Adoptium\jdk-17.0.18.8-hotspot\bin\msvcp140.dll
0x00007ff9b3ee0000 - 0x00007ff9b4b4b000 	C:\Program Files\Eclipse Adoptium\jdk-17.0.18.8-hotspot\bin\server\jvm.dll
0x00007ffa2e4a0000 - 0x00007ffa2e556000 	C:\WINDOWS\System32\ADVAPI32.dll
0x00007ffa2e640000 - 0x00007ffa2e6e7000 	C:\WINDOWS\System32\sechost.dll
0x00007ffa2ef40000 - 0x00007ffa2f058000 	C:\WINDOWS\System32\RPCRT4.dll
0x00007ffa2f6b0000 - 0x00007ffa2f730000 	C:\WINDOWS\System32\WS2_32.dll
0x00007ffa2c010000 - 0x00007ffa2c06e000 	C:\WINDOWS\SYSTEM32\POWRPROF.dll
0x00007ffa112c0000 - 0x00007ffa112f6000 	C:\WINDOWS\SYSTEM32\WINMM.dll
0x00007ffa1dca0000 - 0x00007ffa1dcab000 	C:\WINDOWS\SYSTEM32\VERSION.dll
0x00007ffa2bff0000 - 0x00007ffa2c004000 	C:\WINDOWS\SYSTEM32\UMPDC.dll
0x00007ffa2af40000 - 0x00007ffa2af5b000 	C:\WINDOWS\SYSTEM32\kernel.appcore.dll
0x00007ffa15b30000 - 0x00007ffa15b3a000 	C:\Program Files\Eclipse Adoptium\jdk-17.0.18.8-hotspot\bin\jimage.dll
0x00007ffa2a010000 - 0x00007ffa2a252000 	C:\WINDOWS\SYSTEM32\DBGHELP.DLL
0x00007ffa2dd80000 - 0x00007ffa2e103000 	C:\WINDOWS\System32\combase.dll
0x00007ffa2e890000 - 0x00007ffa2e969000 	C:\WINDOWS\System32\OLEAUT32.dll
0x00007ffa004a0000 - 0x00007ffa004db000 	C:\WINDOWS\SYSTEM32\dbgcore.DLL
0x00007ffa2d020000 - 0x00007ffa2d0c8000 	C:\WINDOWS\System32\bcryptPrimitives.dll
0x00007ffa15b20000 - 0x00007ffa15b2e000 	C:\Program Files\Eclipse Adoptium\jdk-17.0.18.8-hotspot\bin\instrument.dll
0x00007ffa0bba0000 - 0x00007ffa0bbc5000 	C:\Program Files\Eclipse Adoptium\jdk-17.0.18.8-hotspot\bin\java.dll
0x00007ff9d1f50000 - 0x00007ff9d2027000 	C:\Program Files\Eclipse Adoptium\jdk-17.0.18.8-hotspot\bin\jsvml.dll
0x00007ffa2d600000 - 0x00007ffa2dd6e000 	C:\WINDOWS\System32\SHELL32.dll
0x00007ffa2c7b0000 - 0x00007ffa2d01c000 	C:\WINDOWS\System32\windows.storage.dll
0x00007ffa2e1d0000 - 0x00007ffa2e2c6000 	C:\WINDOWS\System32\SHCORE.dll
0x00007ffa2d500000 - 0x00007ffa2d566000 	C:\WINDOWS\System32\shlwapi.dll
0x00007ffa2c0d0000 - 0x00007ffa2c0f9000 	C:\WINDOWS\SYSTEM32\profapi.dll
0x00007ffa10a10000 - 0x00007ffa10a28000 	C:\Program Files\Eclipse Adoptium\jdk-17.0.18.8-hotspot\bin\zip.dll
0x00007ff9ff400000 - 0x00007ff9ff41a000 	C:\Program Files\Eclipse Adoptium\jdk-17.0.18.8-hotspot\bin\net.dll
0x00007ffa23ec0000 - 0x00007ffa23fe9000 	C:\WINDOWS\SYSTEM32\WINHTTP.dll
0x00007ffa2b4b0000 - 0x00007ffa2b51c000 	C:\WINDOWS\system32\mswsock.dll
0x00007ff9ff3e0000 - 0x00007ff9ff3f6000 	C:\Program Files\Eclipse Adoptium\jdk-17.0.18.8-hotspot\bin\nio.dll
0x00007ffa0e240000 - 0x00007ffa0e250000 	C:\Program Files\Eclipse Adoptium\jdk-17.0.18.8-hotspot\bin\verify.dll
0x00007ff9dbaf0000 - 0x00007ff9dbb17000 	C:\Users\hp\.gradle\native\1def1411415f61bf3af743bc5b6707747c0891f09f0c88961ee8f79bc544acac\windows-amd64\native-platform.dll
0x00007ff9d2a30000 - 0x00007ff9d2aa7000 	C:\Users\hp\.gradle\native\0.2.8\x86_64-windows-gnu\gradle-fileevents.dll
0x00007ffa0d6b0000 - 0x00007ffa0d6ba000 	C:\Program Files\Eclipse Adoptium\jdk-17.0.18.8-hotspot\bin\management.dll
0x00007ffa0bbf0000 - 0x00007ffa0bbfc000 	C:\Program Files\Eclipse Adoptium\jdk-17.0.18.8-hotspot\bin\management_ext.dll
0x00007ffa2ed10000 - 0x00007ffa2ed18000 	C:\WINDOWS\System32\PSAPI.DLL
0x00007ffa2a960000 - 0x00007ffa2a992000 	C:\WINDOWS\SYSTEM32\IPHLPAPI.DLL
0x00007ffa2ef00000 - 0x00007ffa2ef0a000 	C:\WINDOWS\System32\NSI.dll
0x00007ffa25e70000 - 0x00007ffa25e8d000 	C:\WINDOWS\SYSTEM32\dhcpcsvc6.DLL
0x00007ffa25e40000 - 0x00007ffa25e65000 	C:\WINDOWS\SYSTEM32\dhcpcsvc.DLL
0x00007ffa2aa00000 - 0x00007ffa2ab32000 	C:\WINDOWS\SYSTEM32\DNSAPI.dll
0x00007ffa0bb50000 - 0x00007ffa0bb59000 	C:\Program Files\Eclipse Adoptium\jdk-17.0.18.8-hotspot\bin\extnet.dll
0x00007ffa2b790000 - 0x00007ffa2b7ab000 	C:\WINDOWS\SYSTEM32\CRYPTSP.dll
0x00007ffa2aea0000 - 0x00007ffa2aed9000 	C:\WINDOWS\system32\rsaenh.dll
0x00007ffa2b560000 - 0x00007ffa2b593000 	C:\WINDOWS\SYSTEM32\USERENV.dll
0x00007ffa2c0a0000 - 0x00007ffa2c0ca000 	C:\WINDOWS\SYSTEM32\bcrypt.dll
0x00007ffa2b7b0000 - 0x00007ffa2b7bc000 	C:\WINDOWS\SYSTEM32\CRYPTBASE.dll
0x00007ff9fce50000 - 0x00007ff9fce5e000 	C:\Program Files\Eclipse Adoptium\jdk-17.0.18.8-hotspot\bin\sunmscapi.dll
0x00007ffa2c630000 - 0x00007ffa2c7a8000 	C:\WINDOWS\System32\CRYPT32.dll
0x00007ffa2b9b0000 - 0x00007ffa2b9e0000 	C:\WINDOWS\SYSTEM32\ncrypt.dll
0x00007ffa2b960000 - 0x00007ffa2b99f000 	C:\WINDOWS\SYSTEM32\NTASN1.dll
0x00007ff9b28d0000 - 0x00007ff9b28d8000 	C:\WINDOWS\system32\wshunix.dll
0x00007ffa29690000 - 0x00007ffa29730000 	C:\WINDOWS\system32\apphelp.dll

dbghelp: loaded successfully - version: 4.0.5 - missing functions: none
symbol engine: initialized successfully - sym options: 0x614 - pdb path: .;C:\Program Files\Eclipse Adoptium\jdk-17.0.18.8-hotspot\bin;C:\WINDOWS\SYSTEM32;C:\WINDOWS\WinSxS\amd64_microsoft.windows.common-controls_6595b64144ccf1df_6.0.26100.8328_none_3e08182ce334b678;C:\Program Files\Eclipse Adoptium\jdk-17.0.18.8-hotspot\bin\server;C:\Users\hp\.gradle\native\1def1411415f61bf3af743bc5b6707747c0891f09f0c88961ee8f79bc544acac\windows-amd64;C:\Users\hp\.gradle\native\0.2.8\x86_64-windows-gnu

VM Arguments:
jvm_args: --add-opens=java.base/java.lang=ALL-UNNAMED --add-opens=java.base/java.lang.invoke=ALL-UNNAMED --add-opens=java.base/java.util=ALL-UNNAMED --add-opens=java.prefs/java.util.prefs=ALL-UNNAMED --add-exports=jdk.compiler/com.sun.tools.javac.api=ALL-UNNAMED --add-exports=jdk.compiler/com.sun.tools.javac.util=ALL-UNNAMED --add-opens=java.base/java.util=ALL-UNNAMED --add-opens=java.prefs/java.util.prefs=ALL-UNNAMED --add-opens=java.base/java.nio.charset=ALL-UNNAMED --add-opens=java.base/java.net=ALL-UNNAMED --add-opens=java.base/java.util.concurrent=ALL-UNNAMED --add-opens=java.base/java.util.concurrent.atomic=ALL-UNNAMED --add-opens=java.xml/javax.xml.namespace=ALL-UNNAMED -XX:MaxMetaspaceSize=512m --enable-native-access=ALL-UNNAMED -Xmx4096m -Dfile.encoding=UTF-8 -Duser.country=IN -Duser.language=en -Duser.variant -javaagent:C:\Users\hp\.gradle\wrapper\dists\gradle-9.0.0-bin\d6wjpkvcgsg3oed0qlfss3wgl\gradle-9.0.0\lib\agents\gradle-instrumentation-agent-9.0.0.jar 
java_command: org.gradle.launcher.daemon.bootstrap.GradleDaemon 9.0.0
java_class_path (initial): C:\Users\hp\.gradle\wrapper\dists\gradle-9.0.0-bin\d6wjpkvcgsg3oed0qlfss3wgl\gradle-9.0.0\lib\gradle-daemon-main-9.0.0.jar
Launcher Type: SUN_STANDARD

[Global flags]
     intx CICompilerCount                          = 4                                         {product} {ergonomic}
   size_t CompressedClassSpaceSize                 = 436207616                                 {product} {ergonomic}
     uint ConcGCThreads                            = 2                                         {product} {ergonomic}
     uint G1ConcRefinementThreads                  = 8                                         {product} {ergonomic}
   size_t G1HeapRegionSize                         = 2097152                                   {product} {ergonomic}
    uintx GCDrainStackTargetSize                   = 64                                        {product} {ergonomic}
   size_t InitialHeapSize                          = 266338304                                 {product} {ergonomic}
   size_t MarkStackSize                            = 4194304                                   {product} {ergonomic}
   size_t MaxHeapSize                              = 4294967296                                {product} {command line}
   size_t MaxMetaspaceSize                         = 536870912                                 {product} {command line}
   size_t MaxNewSize                               = 2575302656                                {product} {ergonomic}
   size_t MinHeapDeltaBytes                        = 2097152                                   {product} {ergonomic}
   size_t MinHeapSize                              = 8388608                                   {product} {ergonomic}
    uintx NonNMethodCodeHeapSize                   = 5839372                                {pd product} {ergonomic}
    uintx NonProfiledCodeHeapSize                  = 122909434                              {pd product} {ergonomic}
    uintx ProfiledCodeHeapSize                     = 122909434                              {pd product} {ergonomic}
    uintx ReservedCodeCacheSize                    = 251658240                              {pd product} {ergonomic}
     bool SegmentedCodeCache                       = true                                      {product} {ergonomic}
   size_t SoftMaxHeapSize                          = 4294967296                             {manageable} {ergonomic}
     bool UseCompressedClassPointers               = true                           {product lp64_product} {ergonomic}
     bool UseCompressedOops                        = true                           {product lp64_product} {ergonomic}
     bool UseG1GC                                  = true                                      {product} {ergonomic}
     bool UseLargePagesIndividualAllocation        = false                                  {pd product} {ergonomic}

Logging:
Log output configuration:
 #0: stdout all=warning uptime,level,tags
 #1: stderr all=off uptime,level,tags

Environment Variables:
JAVA_HOME=C:\Program Files\Java\jdk-24
PATH=D:\RNProjs\UISApp\GroceryApp\node_modules\.bin;D:\RNProjs\UISApp\GroceryApp\node_modules\.bin;D:\RNProjs\UISApp\node_modules\.bin;D:\RNProjs\node_modules\.bin;D:\node_modules\.bin;C:\Users\hp\AppData\Roaming\npm\node_modules\npm\node_modules\@npmcli\run-script\lib\node-gyp-bin;C:\Program Files\Eclipse Adoptium\jdk-17.0.18.8-hotspot\bin;C:\Program Files\Microsoft MPI\Bin\;C:\Program Files\Common Files\Oracle\Java\javapath;C:\windows\system32;C:\windows;C:\windows\System32\Wbem;C:\windows\System32\WindowsPowerShell\v1.0\;C:\windows\System32\OpenSSH\;C:\Program Files (x86)\NVIDIA Corporation\PhysX\Common;C:\Program Files\NVIDIA Corporation\NVIDIA NvDLISR;C:\WINDOWS\system32;C:\WINDOWS;C:\WINDOWS\System32\Wbem;C:\WINDOWS\System32\WindowsPowerShell\v1.0\;C:\WINDOWS\System32\OpenSSH\;C:\Program Files\Git\cmd;C:\Program Files\nodejs\;C:\Program Files\Microsoft SQL Server\150\Tools\Binn\;C:\Program Files\Microsoft SQL Server\Client SDK\ODBC\170\Tools\Binn\;C:\Program Files (x86)\Microsoft SQL Server\160\Tools\Binn\;C:\Program Files\Microsoft SQL Server\160\Tools\Binn\;C:\Program Files\Microsoft SQL Server\160\DTS\Binn\;C:\Program Files (x86)\Microsoft SQL Server\160\DTS\Binn\;C:\Program Files\dotnet\;C:\Program Files\GitHub CLI\;C:\Users\hp\AppData\Local\Android\Sdk\platform-tools;C:\Users\hp\AppData\Local\Android\Sdk\emulator;C:\Users\hp\AppData\Local\Microsoft\WindowsApps;C:\Users\hp\AppData\Local\Programs\Microsoft VS Code\bin;C:\Users\hp\AppData\Roaming\npm;C:\Users\hp\.dotnet\tools;C:\Users\hp\AppData\Local\Programs\cursor\resources\app\bin;C:\Users\hp\AppData\Local\Programs\Antigravity\bin;c:\Users\hp\.cursor\extensions\vscjava.vscode-java-debug-0.59.0-universal\bundled\scripts\noConfigScripts
USERNAME=hp
LANG=en_US.UTF-8
OS=Windows_NT
PROCESSOR_IDENTIFIER=Intel64 Family 6 Model 140 Stepping 1, GenuineIntel
TMP=C:\Users\hp\AppData\Local\Temp
TEMP=C:\Users\hp\AppData\Local\Temp



Periodic native trim disabled


---------------  S Y S T E M  ---------------

OS:
 Windows 11 , 64 bit Build 26100 (10.0.26100.8328)
OS uptime: 6 days 8:26 hours
Hyper-V role detected

CPU: total 8 (initial active 8) (4 cores per cpu, 2 threads per core) family 6 model 140 stepping 1 microcode 0xa4, cx8, cmov, fxsr, ht, mmx, 3dnowpref, sse, sse2, sse3, ssse3, sse4.1, sse4.2, popcnt, lzcnt, tsc, tscinvbit, avx, avx2, aes, erms, clmul, bmi1, bmi2, adx, avx512f, avx512dq, avx512cd, avx512bw, avx512vl, sha, fma, vzeroupper, avx512_vpopcntdq, avx512_vpclmulqdq, avx512_vaes, avx512_vnni, clflush, clflushopt, clwb, avx512_vbmi2, avx512_vbmi, hv
Processor Information for all 8 processors :
  Max Mhz: 3302, Current Mhz: 3302, Mhz Limit: 3302

Memory: 4k page, system-wide physical 16129M (991M free)
TotalPageFile size 51365M (AvailPageFile size 363M)
current process WorkingSet (physical memory assigned to process): 1104M, peak: 1166M
current process commit charge ("private bytes"): 1195M, peak: 1781M

vm_info: OpenJDK 64-Bit Server VM (17.0.18+8) for windows-amd64 JRE (17.0.18+8), built on Jan 20 2026 22:28:22 by "admin" with MS VC++ 17.12 (VS2022)

END.
