#
# There is insufficient memory for the Java Runtime Environment to continue.
# Native memory allocation (malloc) failed to allocate 1670784 bytes. Error detail: Chunk::new
# Possible reasons:
#   The system is out of physical RAM or swap space
#   This process is running with CompressedOops enabled, and the Java Heap may be blocking the growth of the native heap
# Possible solutions:
#   Reduce memory load on the system
#   Increase physical memory or swap space
#   Check if swap backing store is full
#   Decrease Java heap size (-Xmx/-Xms)
#   Decrease number of Java threads
#   Decrease Java thread stack sizes (-Xss)
#   Set larger code cache with -XX:ReservedCodeCacheSize=
#   JVM is running with Zero Based Compressed Oops mode in which the Java heap is
#     placed in the first 32GB address space. The Java Heap base address is the
#     maximum limit for the native heap growth. Please use -XX:HeapBaseMinAddress
#     to set the Java Heap base and to place the Java Heap above 32GB virtual address.
# This output file may be truncated or incomplete.
#
#  Out of Memory Error (arena.cpp:191), pid=18476, tid=29500
#
# JRE version: OpenJDK Runtime Environment Temurin-17.0.18+8 (17.0.18+8) (build 17.0.18+8)
# Java VM: OpenJDK 64-Bit Server VM Temurin-17.0.18+8 (17.0.18+8, mixed mode, sharing, tiered, compressed oops, compressed class ptrs, g1 gc, windows-amd64)
# No core dump will be written. Minidumps are not enabled by default on client versions of Windows
#

---------------  S U M M A R Y ------------

Command Line: --add-opens=java.base/java.lang=ALL-UNNAMED --add-opens=java.base/java.lang.invoke=ALL-UNNAMED --add-opens=java.base/java.util=ALL-UNNAMED --add-opens=java.prefs/java.util.prefs=ALL-UNNAMED --add-exports=jdk.compiler/com.sun.tools.javac.api=ALL-UNNAMED --add-exports=jdk.compiler/com.sun.tools.javac.util=ALL-UNNAMED --add-opens=java.base/java.util=ALL-UNNAMED --add-opens=java.prefs/java.util.prefs=ALL-UNNAMED --add-opens=java.base/java.nio.charset=ALL-UNNAMED --add-opens=java.base/java.net=ALL-UNNAMED --add-opens=java.base/java.util.concurrent=ALL-UNNAMED --add-opens=java.base/java.util.concurrent.atomic=ALL-UNNAMED --add-opens=java.xml/javax.xml.namespace=ALL-UNNAMED -XX:MaxMetaspaceSize=512m --enable-native-access=ALL-UNNAMED -Xmx4096m -Dfile.encoding=UTF-8 -Duser.country=IN -Duser.language=en -Duser.variant -javaagent:C:\Users\hp\.gradle\wrapper\dists\gradle-9.0.0-bin\d6wjpkvcgsg3oed0qlfss3wgl\gradle-9.0.0\lib\agents\gradle-instrumentation-agent-9.0.0.jar org.gradle.launcher.daemon.bootstrap.GradleDaemon 9.0.0

Host: 11th Gen Intel(R) Core(TM) i7-11370H @ 3.30GHz, 8 cores, 15G,  Windows 11 , 64 bit Build 26100 (10.0.26100.8328)
Time: Mon May 11 18:57:01 2026 India Standard Time elapsed time: 4631.479287 seconds (0d 1h 17m 11s)

---------------  T H R E A D  ---------------

Current thread (0x0000025f9eac7120):  JavaThread "C2 CompilerThread0" daemon [_thread_in_native, id=29500, stack(0x0000006af6200000,0x0000006af6300000)]


Current CompileTask:
C2:4631479 26215       4       org.gradle.api.internal.attributes.DefaultImmutableAttributesContainer::<init> (212 bytes)

Stack: [0x0000006af6200000,0x0000006af6300000]
Native frames: (J=compiled Java code, j=interpreted, Vv=VM code, C=native code)
V  [jvm.dll+0x6846f9]
V  [jvm.dll+0x839ea5]
V  [jvm.dll+0x83b91e]
V  [jvm.dll+0x83bfa3]
V  [jvm.dll+0x248eff]
V  [jvm.dll+0xad496]
V  [jvm.dll+0xadb3c]
V  [jvm.dll+0x368c1e]
V  [jvm.dll+0x333055]
V  [jvm.dll+0x3324ba]
V  [jvm.dll+0x219db9]
V  [jvm.dll+0x219200]
V  [jvm.dll+0x1a4920]
V  [jvm.dll+0x22989a]
V  [jvm.dll+0x227a4b]
V  [jvm.dll+0x7f0658]
V  [jvm.dll+0x7eaaec]
V  [jvm.dll+0x6835c7]
C  [ucrtbase.dll+0x37b0]
C  [KERNEL32.DLL+0x2e957]
C  [ntdll.dll+0x427c]


---------------  P R O C E S S  ---------------

Threads class SMR info:
_java_thread_list=0x0000025f9ee52c90, length=108, elements={
0x0000025ff911efa0, 0x0000025fff5583f0, 0x0000025fff559a30, 0x0000025f9eac3f40,
0x0000025f9eac4810, 0x0000025f9eac5c50, 0x0000025f9eac6520, 0x0000025f9eac7120,
0x0000025f9ead5910, 0x0000025f9eadc280, 0x0000025f9ebcfd20, 0x0000025f9ecc3750,
0x0000025fbfb24ac0, 0x0000025fbfac3390, 0x0000025fbfe93080, 0x0000025fbfe73580,
0x0000025fbfe749c0, 0x0000025fbfe73a90, 0x0000025fbfe73fa0, 0x0000025fbfe76310,
0x0000025fc1a1c670, 0x0000025fc1a19df0, 0x0000025fbef2f610, 0x0000025fc12751f0,
0x0000025fc1277050, 0x0000025fc1278490, 0x0000025fc1274ce0, 0x0000025fbef2dcc0,
0x0000025fc2189760, 0x0000025fc218bad0, 0x0000025fbef2c880, 0x0000025fbef2b440,
0x0000025fbef2cd90, 0x0000025fbef2aa20, 0x0000025fbef2d2a0, 0x0000025fbef2a000,
0x0000025fbef2b950, 0x0000025fbef2a510, 0x0000025fbef2be60, 0x0000025fbef29af0,
0x0000025fbef2e6e0, 0x0000025fbef2fb20, 0x0000025fbef2c370, 0x0000025fbef30030,
0x0000025fbef2ebf0, 0x0000025fbef2d7b0, 0x0000025fbef2e1d0, 0x0000025fbef2f100,
0x0000025fbef30540, 0x0000025fbef30a50, 0x0000025fc1a1cb80, 0x0000025fc1a1d090,
0x0000025fc1a1d5a0, 0x0000025fc1a1dab0, 0x0000025fc1a1a810, 0x0000025fc1a1dfc0,
0x0000025fc1a1e4d0, 0x0000025fc1a1ad20, 0x0000025fc1a1e9e0, 0x0000025fc1a1b230,
0x0000025fc1a1eef0, 0x0000025fc1a1f400, 0x0000025fc1a21260, 0x0000025fc1a1f910,
0x0000025fc1a1fe20, 0x0000025fc1a20330, 0x0000025fc1a20840, 0x0000025fca7a6d80,
0x0000025fca7a35d0, 0x0000025fca7a3ae0, 0x0000025fca7a3ff0, 0x0000025fca7a4500,
0x0000025fca7a4a10, 0x0000025fca7a86d0, 0x0000025fca7a4f20, 0x0000025fca7a77a0,
0x0000025fca7a8be0, 0x0000025fca7a5430, 0x0000025fca7a9b10, 0x0000025fca7aa020,
0x0000025fca7aa530, 0x0000025fca7aaa40, 0x0000025fca7aaf50, 0x0000025fc12738a0,
0x0000025fc1272460, 0x0000025fc1271020, 0x0000025fc1272970, 0x0000025fc1272e80,
0x0000025fc1273390, 0x0000025fc1273db0, 0x0000025fc1271a40, 0x0000025fc12742c0,
0x0000025fc1270b10, 0x0000025fc1271530, 0x0000025fc1271f50, 0x0000025fc1275c10,
0x0000025fc1276120, 0x0000025fc1277560, 0x0000025fc1276630, 0x0000025fcc155a10,
0x0000025fcc152260, 0x0000025fcc1536a0, 0x0000025fcc155f20, 0x0000025fcc156940,
0x0000025fcc153190, 0x0000025fcc153bb0, 0x0000025fcc157870, 0x0000025fcc157d80
}

Java Threads: ( => current thread )
  0x0000025ff911efa0 JavaThread "main" [_thread_blocked, id=26860, stack(0x0000006af5500000,0x0000006af5600000)]
  0x0000025fff5583f0 JavaThread "Reference Handler" daemon [_thread_blocked, id=19268, stack(0x0000006af5c00000,0x0000006af5d00000)]
  0x0000025fff559a30 JavaThread "Finalizer" daemon [_thread_blocked, id=12388, stack(0x0000006af5d00000,0x0000006af5e00000)]
  0x0000025f9eac3f40 JavaThread "Signal Dispatcher" daemon [_thread_blocked, id=11864, stack(0x0000006af5e00000,0x0000006af5f00000)]
  0x0000025f9eac4810 JavaThread "Attach Listener" daemon [_thread_blocked, id=25500, stack(0x0000006af5f00000,0x0000006af6000000)]
  0x0000025f9eac5c50 JavaThread "Service Thread" daemon [_thread_blocked, id=14960, stack(0x0000006af6000000,0x0000006af6100000)]
  0x0000025f9eac6520 JavaThread "Monitor Deflation Thread" daemon [_thread_blocked, id=10900, stack(0x0000006af6100000,0x0000006af6200000)]
=>0x0000025f9eac7120 JavaThread "C2 CompilerThread0" daemon [_thread_in_native, id=29500, stack(0x0000006af6200000,0x0000006af6300000)]
  0x0000025f9ead5910 JavaThread "C1 CompilerThread0" daemon [_thread_blocked, id=21672, stack(0x0000006af6300000,0x0000006af6400000)]
  0x0000025f9eadc280 JavaThread "Sweeper thread" daemon [_thread_blocked, id=13364, stack(0x0000006af6400000,0x0000006af6500000)]
  0x0000025f9ebcfd20 JavaThread "Common-Cleaner" daemon [_thread_blocked, id=33744, stack(0x0000006af6500000,0x0000006af6600000)]
  0x0000025f9ecc3750 JavaThread "Notification Thread" daemon [_thread_blocked, id=25724, stack(0x0000006af6600000,0x0000006af6700000)]
  0x0000025fbfb24ac0 JavaThread "Daemon health stats" [_thread_blocked, id=16428, stack(0x0000006af6900000,0x0000006af6a00000)]
  0x0000025fbfac3390 JavaThread "Incoming local TCP Connector on port 64169" [_thread_in_native, id=19724, stack(0x0000006af6f00000,0x0000006af7000000)]
  0x0000025fbfe93080 JavaThread "Daemon periodic checks" [_thread_blocked, id=24476, stack(0x0000006af7000000,0x0000006af7100000)]
  0x0000025fbfe73580 JavaThread "Cache worker for journal cache (C:\Users\hp\.gradle\caches\journal-1)" [_thread_blocked, id=21908, stack(0x0000006af6800000,0x0000006af6900000)]
  0x0000025fbfe749c0 JavaThread "File lock request listener" [_thread_in_native, id=27812, stack(0x0000006af7800000,0x0000006af7900000)]
  0x0000025fbfe73a90 JavaThread "Cache worker for file hash cache (C:\Users\hp\.gradle\caches\9.0.0\fileHashes)" [_thread_blocked, id=6896, stack(0x0000006af7900000,0x0000006af7a00000)]
  0x0000025fbfe73fa0 JavaThread "File watcher server" daemon [_thread_in_native, id=20752, stack(0x0000006af8100000,0x0000006af8200000)]
  0x0000025fbfe76310 JavaThread "File watcher consumer" daemon [_thread_blocked, id=23972, stack(0x0000006af8200000,0x0000006af8300000)]
  0x0000025fc1a1c670 JavaThread "Cache worker for file content cache (C:\Users\hp\.gradle\caches\9.0.0\fileContent)" [_thread_blocked, id=15916, stack(0x0000006af7b00000,0x0000006af7c00000)]
  0x0000025fc1a19df0 JavaThread "jar transforms" [_thread_blocked, id=26568, stack(0x0000006af8a00000,0x0000006af8b00000)]
  0x0000025fbef2f610 JavaThread "Memory manager" [_thread_blocked, id=21236, stack(0x0000006afa600000,0x0000006afa700000)]
  0x0000025fc12751f0 JavaThread "jar transforms Thread 2" [_thread_blocked, id=24808, stack(0x0000006afef00000,0x0000006aff000000)]
  0x0000025fc1277050 JavaThread "jar transforms Thread 3" [_thread_blocked, id=11828, stack(0x0000006aff000000,0x0000006aff100000)]
  0x0000025fc1278490 JavaThread "jar transforms Thread 4" [_thread_blocked, id=28960, stack(0x0000006afd900000,0x0000006afda00000)]
  0x0000025fc1274ce0 JavaThread "jar transforms Thread 5" [_thread_blocked, id=10008, stack(0x0000006afa700000,0x0000006afa800000)]
  0x0000025fbef2dcc0 JavaThread "jar transforms Thread 6" [_thread_blocked, id=32496, stack(0x0000006aff600000,0x0000006aff700000)]
  0x0000025fc2189760 JavaThread "jar transforms Thread 7" [_thread_blocked, id=33864, stack(0x0000006aff700000,0x0000006aff800000)]
  0x0000025fc218bad0 JavaThread "jar transforms Thread 8" [_thread_blocked, id=19808, stack(0x0000006aff900000,0x0000006affa00000)]
  0x0000025fbef2c880 JavaThread "Daemon Thread 3" [_thread_blocked, id=1608, stack(0x0000006a80000000,0x0000006a80100000)]
  0x0000025fbef2b440 JavaThread "Handler for socket connection from /127.0.0.1:64169 to /127.0.0.1:65133" [_thread_in_native, id=27632, stack(0x0000006a80100000,0x0000006a80200000)]
  0x0000025fbef2cd90 JavaThread "Cancel handler" [_thread_blocked, id=3000, stack(0x0000006a80200000,0x0000006a80300000)]
  0x0000025fbef2aa20 JavaThread "Daemon worker Thread 3" [_thread_in_native, id=17916, stack(0x0000006a80300000,0x0000006a80400000)]
  0x0000025fbef2d2a0 JavaThread "Asynchronous log dispatcher for DefaultDaemonConnection: socket connection from /127.0.0.1:64169 to /127.0.0.1:65133" [_thread_blocked, id=4400, stack(0x0000006a80400000,0x0000006a80500000)]
  0x0000025fbef2a000 JavaThread "Stdin handler" [_thread_blocked, id=22256, stack(0x0000006a80500000,0x0000006a80600000)]
  0x0000025fbef2b950 JavaThread "Daemon client event forwarder" [_thread_blocked, id=23112, stack(0x0000006a80600000,0x0000006a80700000)]
  0x0000025fbef2a510 JavaThread "Cache worker for file hash cache (D:\RNProjs\UISApp\GroceryApp\android\.gradle\9.0.0\fileHashes)" [_thread_blocked, id=13196, stack(0x0000006a80700000,0x0000006a80800000)]
  0x0000025fbef2be60 JavaThread "Cache worker for Build Output Cleanup Cache (D:\RNProjs\UISApp\GroceryApp\android\.gradle\buildOutputCleanup)" [_thread_blocked, id=29148, stack(0x0000006a80800000,0x0000006a80900000)]
  0x0000025fbef29af0 JavaThread "Cache worker for checksums cache (D:\RNProjs\UISApp\GroceryApp\android\.gradle\9.0.0\checksums)" [_thread_blocked, id=31352, stack(0x0000006a80900000,0x0000006a80a00000)]
  0x0000025fbef2e6e0 JavaThread "Cache worker for cache directory md-supplier (C:\Users\hp\.gradle\caches\9.0.0\md-supplier)" [_thread_blocked, id=8904, stack(0x0000006a80a00000,0x0000006a80b00000)]
  0x0000025fbef2fb20 JavaThread "Cache worker for cache directory md-rule (C:\Users\hp\.gradle\caches\9.0.0\md-rule)" [_thread_blocked, id=23720, stack(0x0000006a80b00000,0x0000006a80c00000)]
  0x0000025fbef2c370 JavaThread "Cache worker for Build Output Cleanup Cache (D:\RNProjs\UISApp\GroceryApp\node_modules\@react-native\gradle-plugin\.gradle\buildOutputCleanup)" [_thread_blocked, id=12396, stack(0x0000006a80c00000,0x0000006a80d00000)]
  0x0000025fbef30030 JavaThread "Unconstrained build operations" [_thread_blocked, id=27596, stack(0x0000006a80d00000,0x0000006a80e00000)]
  0x0000025fbef2ebf0 JavaThread "Unconstrained build operations Thread 2" [_thread_blocked, id=15108, stack(0x0000006a80e00000,0x0000006a80f00000)]
  0x0000025fbef2d7b0 JavaThread "Unconstrained build operations Thread 3" [_thread_blocked, id=28784, stack(0x0000006a80f00000,0x0000006a81000000)]
  0x0000025fbef2e1d0 JavaThread "Unconstrained build operations Thread 4" [_thread_blocked, id=5820, stack(0x0000006a81000000,0x0000006a81100000)]
  0x0000025fbef2f100 JavaThread "Unconstrained build operations Thread 5" [_thread_blocked, id=17184, stack(0x0000006a81100000,0x0000006a81200000)]
  0x0000025fbef30540 JavaThread "Unconstrained build operations Thread 6" [_thread_blocked, id=2512, stack(0x0000006a81200000,0x0000006a81300000)]
  0x0000025fbef30a50 JavaThread "Unconstrained build operations Thread 7" [_thread_blocked, id=17116, stack(0x0000006a81300000,0x0000006a81400000)]
  0x0000025fc1a1cb80 JavaThread "Unconstrained build operations Thread 8" [_thread_blocked, id=16400, stack(0x0000006a81400000,0x0000006a81500000)]
  0x0000025fc1a1d090 JavaThread "Unconstrained build operations Thread 9" [_thread_blocked, id=25952, stack(0x0000006a81500000,0x0000006a81600000)]
  0x0000025fc1a1d5a0 JavaThread "Unconstrained build operations Thread 10" [_thread_blocked, id=27264, stack(0x0000006a81600000,0x0000006a81700000)]
  0x0000025fc1a1dab0 JavaThread "Unconstrained build operations Thread 11" [_thread_blocked, id=1900, stack(0x0000006a81700000,0x0000006a81800000)]
  0x0000025fc1a1a810 JavaThread "Unconstrained build operations Thread 12" [_thread_blocked, id=18816, stack(0x0000006a81800000,0x0000006a81900000)]
  0x0000025fc1a1dfc0 JavaThread "Unconstrained build operations Thread 13" [_thread_blocked, id=28452, stack(0x0000006a81900000,0x0000006a81a00000)]
  0x0000025fc1a1e4d0 JavaThread "Unconstrained build operations Thread 14" [_thread_blocked, id=27040, stack(0x0000006a81a00000,0x0000006a81b00000)]
  0x0000025fc1a1ad20 JavaThread "Unconstrained build operations Thread 15" [_thread_blocked, id=5788, stack(0x0000006a81b00000,0x0000006a81c00000)]
  0x0000025fc1a1e9e0 JavaThread "Unconstrained build operations Thread 16" [_thread_blocked, id=23900, stack(0x0000006a81c00000,0x0000006a81d00000)]
  0x0000025fc1a1b230 JavaThread "Unconstrained build operations Thread 17" [_thread_blocked, id=22332, stack(0x0000006a81d00000,0x0000006a81e00000)]
  0x0000025fc1a1eef0 JavaThread "Unconstrained build operations Thread 18" [_thread_blocked, id=34708, stack(0x0000006a81e00000,0x0000006a81f00000)]
  0x0000025fc1a1f400 JavaThread "build event listener" [_thread_blocked, id=32640, stack(0x0000006a81f00000,0x0000006a82000000)]
  0x0000025fc1a21260 JavaThread "ForkJoinPool.commonPool-worker-15" daemon [_thread_blocked, id=28296, stack(0x0000006a82000000,0x0000006a82100000)]
  0x0000025fc1a1f910 JavaThread "ForkJoinPool.commonPool-worker-16" daemon [_thread_blocked, id=13560, stack(0x0000006a82100000,0x0000006a82200000)]
  0x0000025fc1a1fe20 JavaThread "ForkJoinPool.commonPool-worker-17" daemon [_thread_blocked, id=9512, stack(0x0000006a82200000,0x0000006a82300000)]
  0x0000025fc1a20330 JavaThread "ForkJoinPool.commonPool-worker-18" daemon [_thread_blocked, id=25788, stack(0x0000006a82300000,0x0000006a82400000)]
  0x0000025fc1a20840 JavaThread "ForkJoinPool.commonPool-worker-20" daemon [_thread_blocked, id=31192, stack(0x0000006a82400000,0x0000006a82500000)]
  0x0000025fca7a6d80 JavaThread "ForkJoinPool.commonPool-worker-19" daemon [_thread_blocked, id=10828, stack(0x0000006a82500000,0x0000006a82600000)]
  0x0000025fca7a35d0 JavaThread "ForkJoinPool.commonPool-worker-21" daemon [_thread_blocked, id=11876, stack(0x0000006a82600000,0x0000006a82700000)]
  0x0000025fca7a3ae0 JavaThread "included builds" [_thread_blocked, id=24216, stack(0x0000006a82700000,0x0000006a82800000)]
  0x0000025fca7a3ff0 JavaThread "included builds Thread 2" [_thread_blocked, id=27456, stack(0x0000006a82800000,0x0000006a82900000)]
  0x0000025fca7a4500 JavaThread "Execution worker" [_thread_blocked, id=17496, stack(0x0000006a82900000,0x0000006a82a00000)]
  0x0000025fca7a4a10 JavaThread "Execution worker Thread 2" [_thread_blocked, id=15064, stack(0x0000006a82a00000,0x0000006a82b00000)]
  0x0000025fca7a86d0 JavaThread "Execution worker Thread 3" [_thread_blocked, id=28908, stack(0x0000006a82b00000,0x0000006a82c00000)]
  0x0000025fca7a4f20 JavaThread "Execution worker Thread 4" [_thread_blocked, id=4116, stack(0x0000006a82c00000,0x0000006a82d00000)]
  0x0000025fca7a77a0 JavaThread "Execution worker Thread 5" [_thread_blocked, id=26692, stack(0x0000006a82d00000,0x0000006a82e00000)]
  0x0000025fca7a8be0 JavaThread "Execution worker Thread 6" [_thread_blocked, id=18936, stack(0x0000006a82e00000,0x0000006a82f00000)]
  0x0000025fca7a5430 JavaThread "Execution worker Thread 7" [_thread_blocked, id=10068, stack(0x0000006a82f00000,0x0000006a83000000)]
  0x0000025fca7a9b10 JavaThread "Cache worker for execution history cache (D:\RNProjs\UISApp\GroceryApp\node_modules\@react-native\gradle-plugin\.gradle\9.0.0\executionHistory)" [_thread_blocked, id=30812, stack(0x0000006a83000000,0x0000006a83100000)]
  0x0000025fca7aa020 JavaThread "Unconstrained build operations Thread 19" [_thread_blocked, id=8252, stack(0x0000006a83100000,0x0000006a83200000)]
  0x0000025fca7aa530 JavaThread "Unconstrained build operations Thread 20" [_thread_blocked, id=28300, stack(0x0000006a83200000,0x0000006a83300000)]
  0x0000025fca7aaa40 JavaThread "Unconstrained build operations Thread 21" [_thread_blocked, id=6756, stack(0x0000006a83300000,0x0000006a83400000)]
  0x0000025fca7aaf50 JavaThread "Unconstrained build operations Thread 22" [_thread_blocked, id=204, stack(0x0000006a83400000,0x0000006a83500000)]
  0x0000025fc12738a0 JavaThread "Unconstrained build operations Thread 23" [_thread_blocked, id=22876, stack(0x0000006a83500000,0x0000006a83600000)]
  0x0000025fc1272460 JavaThread "Unconstrained build operations Thread 24" [_thread_blocked, id=15076, stack(0x0000006a83600000,0x0000006a83700000)]
  0x0000025fc1271020 JavaThread "Unconstrained build operations Thread 25" [_thread_blocked, id=25684, stack(0x0000006a83700000,0x0000006a83800000)]
  0x0000025fc1272970 JavaThread "Unconstrained build operations Thread 26" [_thread_blocked, id=29892, stack(0x0000006a83800000,0x0000006a83900000)]
  0x0000025fc1272e80 JavaThread "Unconstrained build operations Thread 27" [_thread_blocked, id=10612, stack(0x0000006a83900000,0x0000006a83a00000)]
  0x0000025fc1273390 JavaThread "Unconstrained build operations Thread 28" [_thread_blocked, id=25340, stack(0x0000006a83a00000,0x0000006a83b00000)]
  0x0000025fc1273db0 JavaThread "Unconstrained build operations Thread 29" [_thread_blocked, id=5240, stack(0x0000006a83b00000,0x0000006a83c00000)]
  0x0000025fc1271a40 JavaThread "Unconstrained build operations Thread 30" [_thread_blocked, id=21524, stack(0x0000006a83c00000,0x0000006a83d00000)]
  0x0000025fc12742c0 JavaThread "Unconstrained build operations Thread 31" [_thread_blocked, id=24240, stack(0x0000006a83d00000,0x0000006a83e00000)]
  0x0000025fc1270b10 JavaThread "Unconstrained build operations Thread 32" [_thread_blocked, id=10324, stack(0x0000006a83e00000,0x0000006a83f00000)]
  0x0000025fc1271530 JavaThread "Unconstrained build operations Thread 33" [_thread_blocked, id=13324, stack(0x0000006a83f00000,0x0000006a84000000)]
  0x0000025fc1271f50 JavaThread "Unconstrained build operations Thread 34" [_thread_blocked, id=5476, stack(0x0000006a84000000,0x0000006a84100000)]
  0x0000025fc1275c10 JavaThread "Unconstrained build operations Thread 35" [_thread_blocked, id=21796, stack(0x0000006a84100000,0x0000006a84200000)]
  0x0000025fc1276120 JavaThread "Unconstrained build operations Thread 36" [_thread_blocked, id=30036, stack(0x0000006a84200000,0x0000006a84300000)]
  0x0000025fc1277560 JavaThread "Unconstrained build operations Thread 37" [_thread_blocked, id=3720, stack(0x0000006a84300000,0x0000006a84400000)]
  0x0000025fc1276630 JavaThread "Unconstrained build operations Thread 38" [_thread_blocked, id=22476, stack(0x0000006a84400000,0x0000006a84500000)]
  0x0000025fcc155a10 JavaThread "Unconstrained build operations Thread 39" [_thread_blocked, id=17716, stack(0x0000006a84500000,0x0000006a84600000)]
  0x0000025fcc152260 JavaThread "Unconstrained build operations Thread 40" [_thread_blocked, id=16592, stack(0x0000006a84600000,0x0000006a84700000)]
  0x0000025fcc1536a0 JavaThread "Unconstrained build operations Thread 41" [_thread_blocked, id=16084, stack(0x0000006a84700000,0x0000006a84800000)]
  0x0000025fcc155f20 JavaThread "Unconstrained build operations Thread 42" [_thread_blocked, id=32980, stack(0x0000006a84800000,0x0000006a84900000)]
  0x0000025fcc156940 JavaThread "Unconstrained build operations Thread 43" [_thread_blocked, id=19284, stack(0x0000006a84900000,0x0000006a84a00000)]
  0x0000025fcc153190 JavaThread "Unconstrained build operations Thread 44" [_thread_blocked, id=20488, stack(0x0000006a84a00000,0x0000006a84b00000)]
  0x0000025fcc153bb0 JavaThread "Unconstrained build operations Thread 45" [_thread_blocked, id=12064, stack(0x0000006a84b00000,0x0000006a84c00000)]
  0x0000025fcc157870 JavaThread "Unconstrained build operations Thread 46" [_thread_blocked, id=27796, stack(0x0000006a84c00000,0x0000006a84d00000)]
  0x0000025fcc157d80 JavaThread "Unconstrained build operations Thread 47" [_thread_blocked, id=5676, stack(0x0000006a84d00000,0x0000006a84e00000)]

Other Threads:
  0x0000025fff550c90 VMThread "VM Thread" [stack: 0x0000006af5b00000,0x0000006af5c00000] [id=31996]
  0x0000025ff911fc30 WatcherThread [stack: 0x0000006af6700000,0x0000006af6800000] [id=5228]
  0x0000025ff9190150 GCTaskThread "GC Thread#0" [stack: 0x0000006af5600000,0x0000006af5700000] [id=8988]
  0x0000025f9edcd250 GCTaskThread "GC Thread#1" [stack: 0x0000006af6a00000,0x0000006af6b00000] [id=9832]
  0x0000025f9ee69520 GCTaskThread "GC Thread#2" [stack: 0x0000006af6b00000,0x0000006af6c00000] [id=26420]
  0x0000025fbe33d340 GCTaskThread "GC Thread#3" [stack: 0x0000006af6c00000,0x0000006af6d00000] [id=22844]
  0x0000025fbe33d600 GCTaskThread "GC Thread#4" [stack: 0x0000006af6d00000,0x0000006af6e00000] [id=31548]
  0x0000025fbe33d8c0 GCTaskThread "GC Thread#5" [stack: 0x0000006af6e00000,0x0000006af6f00000] [id=32844]
  0x0000025fc0edf8d0 GCTaskThread "GC Thread#6" [stack: 0x0000006af7c00000,0x0000006af7d00000] [id=7120]
  0x0000025fc0ede2d0 GCTaskThread "GC Thread#7" [stack: 0x0000006af7d00000,0x0000006af7e00000] [id=31096]
  0x0000025ff91a0fb0 ConcurrentGCThread "G1 Main Marker" [stack: 0x0000006af5700000,0x0000006af5800000] [id=21492]
  0x0000025ff91a18e0 ConcurrentGCThread "G1 Conc#0" [stack: 0x0000006af5800000,0x0000006af5900000] [id=11168]
  0x0000025fc0ede010 ConcurrentGCThread "G1 Conc#1" [stack: 0x0000006af7e00000,0x0000006af7f00000] [id=6064]
  0x0000025fff40be70 ConcurrentGCThread "G1 Refine#0" [stack: 0x0000006af5900000,0x0000006af5a00000] [id=11416]
  0x0000025fc04db130 ConcurrentGCThread "G1 Refine#1" [stack: 0x0000006af8300000,0x0000006af8400000] [id=7040]
  0x0000025fc03de480 ConcurrentGCThread "G1 Refine#2" [stack: 0x0000006af8400000,0x0000006af8500000] [id=32340]
  0x0000025fc2353f90 ConcurrentGCThread "G1 Refine#3" [stack: 0x0000006af8500000,0x0000006af8600000] [id=25996]
  0x0000025fcb427600 ConcurrentGCThread "G1 Refine#4" [stack: 0x0000006a87600000,0x0000006a87700000] [id=12984]
  0x0000025fcb428a90 ConcurrentGCThread "G1 Refine#5" [stack: 0x0000006a87700000,0x0000006a87800000] [id=3228]
  0x0000025fcb425b90 ConcurrentGCThread "G1 Refine#6" [stack: 0x0000006a87800000,0x0000006a87900000] [id=19204]
  0x0000025fcb4278f0 ConcurrentGCThread "G1 Refine#7" [stack: 0x0000006a87900000,0x0000006a87a00000] [id=2620]
  0x0000025fff40c7b0 ConcurrentGCThread "G1 Service" [stack: 0x0000006af5a00000,0x0000006af5b00000] [id=22076]

Threads with active compile tasks:
C2 CompilerThread0  4631519 26215       4       org.gradle.api.internal.attributes.DefaultImmutableAttributesContainer::<init> (212 bytes)

VM state: not at safepoint (normal execution)

VM Mutex/Monitor currently owned by a thread: None

Heap address: 0x0000000700000000, size: 4096 MB, Compressed Oops mode: Zero based, Oop shift amount: 3

CDS archive(s) mapped at: [0x0000025f9f000000-0x0000025f9fbb0000-0x0000025f9fbb0000), size 12255232, SharedBaseAddress: 0x0000025f9f000000, ArchiveRelocationMode: 1.
Compressed class space mapped at: 0x0000025fa0000000-0x0000025fba000000, reserved size: 436207616
Narrow klass base: 0x0000025f9f000000, Narrow klass shift: 0, Narrow klass range: 0x100000000

GC Precious Log:
 CPUs: 8 total, 8 available
 Memory: 16129M
 Large Page Support: Disabled
 NUMA Support: Disabled
 Compressed Oops: Enabled (Zero based)
 Heap Region Size: 2M
 Heap Min Capacity: 8M
 Heap Initial Capacity: 254M
 Heap Max Capacity: 4G
 Pre-touch: Disabled
 Parallel Workers: 8
 Concurrent Workers: 2
 Concurrent Refinement Workers: 8
 Periodic GC: Disabled

Heap:
 garbage-first heap   total 598016K, used 460052K [0x0000000700000000, 0x0000000800000000)
  region size 2048K, 34 young (69632K), 4 survivors (8192K)
 Metaspace       used 129680K, committed 132224K, reserved 557056K
  class space    used 17794K, committed 19008K, reserved 425984K

Heap Regions: E=young(eden), S=young(survivor), O=old, HS=humongous(starts), HC=humongous(continues), CS=collection set, F=free, OA=open archive, CA=closed archive, TAMS=top-at-mark-start (previous, next)
|   0|0x0000000700000000, 0x0000000700200000, 0x0000000700200000|100%|HS|  |TAMS 0x0000000700200000, 0x0000000700000000| Complete 
|   1|0x0000000700200000, 0x0000000700400000, 0x0000000700400000|100%|HC|  |TAMS 0x0000000700400000, 0x0000000700200000| Complete 
|   2|0x0000000700400000, 0x0000000700600000, 0x0000000700600000|100%| O|  |TAMS 0x0000000700600000, 0x0000000700400000| Untracked 
|   3|0x0000000700600000, 0x0000000700800000, 0x0000000700800000|100%| O|  |TAMS 0x0000000700800000, 0x0000000700600000| Untracked 
|   4|0x0000000700800000, 0x0000000700a00000, 0x0000000700a00000|100%| O|  |TAMS 0x0000000700a00000, 0x0000000700800000| Untracked 
|   5|0x0000000700a00000, 0x0000000700c00000, 0x0000000700c00000|100%| O|  |TAMS 0x0000000700c00000, 0x0000000700a00000| Untracked 
|   6|0x0000000700c00000, 0x0000000700e00000, 0x0000000700e00000|100%| O|  |TAMS 0x0000000700e00000, 0x0000000700c00000| Untracked 
|   7|0x0000000700e00000, 0x0000000701000000, 0x0000000701000000|100%| O|  |TAMS 0x0000000701000000, 0x0000000700e00000| Untracked 
|   8|0x0000000701000000, 0x0000000701200000, 0x0000000701200000|100%| O|  |TAMS 0x0000000701200000, 0x0000000701000000| Untracked 
|   9|0x0000000701200000, 0x0000000701400000, 0x0000000701400000|100%| O|  |TAMS 0x0000000701400000, 0x0000000701200000| Untracked 
|  10|0x0000000701400000, 0x0000000701600000, 0x0000000701600000|100%| O|  |TAMS 0x0000000701600000, 0x0000000701400000| Untracked 
|  11|0x0000000701600000, 0x0000000701800000, 0x0000000701800000|100%| O|  |TAMS 0x0000000701800000, 0x0000000701600000| Untracked 
|  12|0x0000000701800000, 0x0000000701a00000, 0x0000000701a00000|100%| O|  |TAMS 0x0000000701a00000, 0x0000000701800000| Untracked 
|  13|0x0000000701a00000, 0x0000000701c00000, 0x0000000701c00000|100%| O|  |TAMS 0x0000000701c00000, 0x0000000701a00000| Untracked 
|  14|0x0000000701c00000, 0x0000000701e00000, 0x0000000701e00000|100%| O|  |TAMS 0x0000000701e00000, 0x0000000701c00000| Untracked 
|  15|0x0000000701e00000, 0x0000000702000000, 0x0000000702000000|100%| O|  |TAMS 0x0000000702000000, 0x0000000701e00000| Untracked 
|  16|0x0000000702000000, 0x0000000702200000, 0x0000000702200000|100%| O|  |TAMS 0x0000000702200000, 0x0000000702000000| Untracked 
|  17|0x0000000702200000, 0x0000000702400000, 0x0000000702400000|100%| O|  |TAMS 0x0000000702400000, 0x0000000702200000| Untracked 
|  18|0x0000000702400000, 0x0000000702600000, 0x0000000702600000|100%|HS|  |TAMS 0x0000000702600000, 0x0000000702400000| Complete 
|  19|0x0000000702600000, 0x0000000702800000, 0x0000000702800000|100%|HC|  |TAMS 0x0000000702800000, 0x0000000702600000| Complete 
|  20|0x0000000702800000, 0x0000000702a00000, 0x0000000702a00000|100%|HS|  |TAMS 0x0000000702a00000, 0x0000000702800000| Complete 
|  21|0x0000000702a00000, 0x0000000702c00000, 0x0000000702c00000|100%|HC|  |TAMS 0x0000000702c00000, 0x0000000702a00000| Complete 
|  22|0x0000000702c00000, 0x0000000702e00000, 0x0000000702e00000|100%| O|  |TAMS 0x0000000702e00000, 0x0000000702c00000| Untracked 
|  23|0x0000000702e00000, 0x0000000703000000, 0x0000000703000000|100%| O|  |TAMS 0x0000000703000000, 0x0000000702e00000| Untracked 
|  24|0x0000000703000000, 0x0000000703200000, 0x0000000703200000|100%| O|  |TAMS 0x0000000703000000, 0x0000000703000000| Untracked 
|  25|0x0000000703200000, 0x0000000703400000, 0x0000000703400000|100%| O|  |TAMS 0x0000000703200000, 0x0000000703200000| Untracked 
|  26|0x0000000703400000, 0x0000000703600000, 0x0000000703600000|100%| O|  |TAMS 0x0000000703600000, 0x0000000703400000| Untracked 
|  27|0x0000000703600000, 0x0000000703800000, 0x0000000703800000|100%| O|  |TAMS 0x0000000703800000, 0x0000000703600000| Untracked 
|  28|0x0000000703800000, 0x0000000703a00000, 0x0000000703a00000|100%| O|  |TAMS 0x0000000703a00000, 0x0000000703800000| Untracked 
|  29|0x0000000703a00000, 0x0000000703c00000, 0x0000000703c00000|100%| O|  |TAMS 0x0000000703c00000, 0x0000000703a00000| Untracked 
|  30|0x0000000703c00000, 0x0000000703e00000, 0x0000000703e00000|100%| O|  |TAMS 0x0000000703e00000, 0x0000000703c00000| Untracked 
|  31|0x0000000703e00000, 0x0000000704000000, 0x0000000704000000|100%| O|  |TAMS 0x0000000703e00000, 0x0000000703e00000| Untracked 
|  32|0x0000000704000000, 0x0000000704200000, 0x0000000704200000|100%| O|  |TAMS 0x0000000704000000, 0x0000000704000000| Untracked 
|  33|0x0000000704200000, 0x0000000704400000, 0x0000000704400000|100%| O|  |TAMS 0x0000000704400000, 0x0000000704200000| Untracked 
|  34|0x0000000704400000, 0x0000000704600000, 0x0000000704600000|100%| O|  |TAMS 0x0000000704600000, 0x0000000704400000| Untracked 
|  35|0x0000000704600000, 0x0000000704800000, 0x0000000704800000|100%| O|  |TAMS 0x0000000704600000, 0x0000000704600000| Untracked 
|  36|0x0000000704800000, 0x0000000704a00000, 0x0000000704a00000|100%| O|  |TAMS 0x0000000704a00000, 0x0000000704800000| Untracked 
|  37|0x0000000704a00000, 0x0000000704c00000, 0x0000000704c00000|100%| O|  |TAMS 0x0000000704c00000, 0x0000000704a00000| Untracked 
|  38|0x0000000704c00000, 0x0000000704e00000, 0x0000000704e00000|100%| O|  |TAMS 0x0000000704c00000, 0x0000000704c00000| Untracked 
|  39|0x0000000704e00000, 0x0000000705000000, 0x0000000705000000|100%| O|  |TAMS 0x0000000705000000, 0x0000000704e00000| Untracked 
|  40|0x0000000705000000, 0x0000000705200000, 0x0000000705200000|100%| O|  |TAMS 0x0000000705000000, 0x0000000705000000| Untracked 
|  41|0x0000000705200000, 0x0000000705400000, 0x0000000705400000|100%| O|  |TAMS 0x0000000705200000, 0x0000000705200000| Untracked 
|  42|0x0000000705400000, 0x0000000705600000, 0x0000000705600000|100%| O|  |TAMS 0x0000000705600000, 0x0000000705400000| Untracked 
|  43|0x0000000705600000, 0x0000000705800000, 0x0000000705800000|100%| O|  |TAMS 0x0000000705800000, 0x0000000705600000| Untracked 
|  44|0x0000000705800000, 0x0000000705a00000, 0x0000000705a00000|100%| O|  |TAMS 0x0000000705a00000, 0x0000000705800000| Untracked 
|  45|0x0000000705a00000, 0x0000000705c00000, 0x0000000705c00000|100%| O|  |TAMS 0x0000000705c00000, 0x0000000705a00000| Untracked 
|  46|0x0000000705c00000, 0x0000000705e00000, 0x0000000705e00000|100%| O|  |TAMS 0x0000000705e00000, 0x0000000705c00000| Untracked 
|  47|0x0000000705e00000, 0x0000000706000000, 0x0000000706000000|100%| O|  |TAMS 0x0000000706000000, 0x0000000705e00000| Untracked 
|  48|0x0000000706000000, 0x0000000706200000, 0x0000000706200000|100%| O|  |TAMS 0x0000000706200000, 0x0000000706000000| Untracked 
|  49|0x0000000706200000, 0x0000000706400000, 0x0000000706400000|100%| O|  |TAMS 0x0000000706400000, 0x0000000706200000| Untracked 
|  50|0x0000000706400000, 0x0000000706600000, 0x0000000706600000|100%| O|  |TAMS 0x0000000706600000, 0x0000000706400000| Untracked 
|  51|0x0000000706600000, 0x0000000706800000, 0x0000000706800000|100%| O|  |TAMS 0x0000000706800000, 0x0000000706600000| Untracked 
|  52|0x0000000706800000, 0x0000000706a00000, 0x0000000706a00000|100%| O|  |TAMS 0x0000000706800000, 0x0000000706800000| Untracked 
|  53|0x0000000706a00000, 0x0000000706c00000, 0x0000000706c00000|100%| O|  |TAMS 0x0000000706a00000, 0x0000000706a00000| Untracked 
|  54|0x0000000706c00000, 0x0000000706e00000, 0x0000000706e00000|100%| O|  |TAMS 0x0000000706e00000, 0x0000000706c00000| Untracked 
|  55|0x0000000706e00000, 0x0000000707000000, 0x0000000707000000|100%| O|  |TAMS 0x0000000706e00000, 0x0000000706e00000| Untracked 
|  56|0x0000000707000000, 0x0000000707200000, 0x0000000707200000|100%| O|  |TAMS 0x0000000707000000, 0x0000000707000000| Untracked 
|  57|0x0000000707200000, 0x0000000707400000, 0x0000000707400000|100%| O|  |TAMS 0x0000000707400000, 0x0000000707200000| Untracked 
|  58|0x0000000707400000, 0x0000000707600000, 0x0000000707600000|100%|HS|  |TAMS 0x0000000707600000, 0x0000000707400000| Complete 
|  59|0x0000000707600000, 0x0000000707800000, 0x0000000707800000|100%|HC|  |TAMS 0x0000000707800000, 0x0000000707600000| Complete 
|  60|0x0000000707800000, 0x0000000707a00000, 0x0000000707a00000|100%| O|  |TAMS 0x0000000707a00000, 0x0000000707800000| Untracked 
|  61|0x0000000707a00000, 0x0000000707c00000, 0x0000000707c00000|100%| O|  |TAMS 0x0000000707c00000, 0x0000000707a00000| Untracked 
|  62|0x0000000707c00000, 0x0000000707e00000, 0x0000000707e00000|100%| O|  |TAMS 0x0000000707e00000, 0x0000000707c00000| Untracked 
|  63|0x0000000707e00000, 0x0000000708000000, 0x0000000708000000|100%| O|  |TAMS 0x0000000708000000, 0x0000000707e00000| Untracked 
|  64|0x0000000708000000, 0x0000000708200000, 0x0000000708200000|100%| O|  |TAMS 0x0000000708200000, 0x0000000708000000| Untracked 
|  65|0x0000000708200000, 0x0000000708400000, 0x0000000708400000|100%| O|  |TAMS 0x0000000708400000, 0x0000000708200000| Untracked 
|  66|0x0000000708400000, 0x0000000708600000, 0x0000000708600000|100%| O|  |TAMS 0x0000000708600000, 0x0000000708400000| Untracked 
|  67|0x0000000708600000, 0x0000000708800000, 0x0000000708800000|100%| O|  |TAMS 0x0000000708800000, 0x0000000708600000| Untracked 
|  68|0x0000000708800000, 0x0000000708a00000, 0x0000000708a00000|100%| O|  |TAMS 0x0000000708a00000, 0x0000000708800000| Untracked 
|  69|0x0000000708a00000, 0x0000000708c00000, 0x0000000708c00000|100%| O|  |TAMS 0x0000000708c00000, 0x0000000708a00000| Untracked 
|  70|0x0000000708c00000, 0x0000000708e00000, 0x0000000708e00000|100%| O|  |TAMS 0x0000000708c9ee00, 0x0000000708c00000| Untracked 
|  71|0x0000000708e00000, 0x0000000709000000, 0x0000000709000000|100%| O|  |TAMS 0x0000000708e00000, 0x0000000708e00000| Untracked 
|  72|0x0000000709000000, 0x0000000709200000, 0x0000000709200000|100%| O|  |TAMS 0x0000000709000000, 0x0000000709000000| Untracked 
|  73|0x0000000709200000, 0x0000000709400000, 0x0000000709400000|100%| O|  |TAMS 0x0000000709200000, 0x0000000709200000| Untracked 
|  74|0x0000000709400000, 0x0000000709600000, 0x0000000709600000|100%| O|  |TAMS 0x0000000709400000, 0x0000000709400000| Untracked 
|  75|0x0000000709600000, 0x0000000709800000, 0x0000000709800000|100%| O|  |TAMS 0x0000000709600000, 0x0000000709600000| Untracked 
|  76|0x0000000709800000, 0x0000000709a00000, 0x0000000709a00000|100%| O|  |TAMS 0x0000000709800000, 0x0000000709800000| Untracked 
|  77|0x0000000709a00000, 0x0000000709c00000, 0x0000000709c00000|100%| O|  |TAMS 0x0000000709a00000, 0x0000000709a00000| Untracked 
|  78|0x0000000709c00000, 0x0000000709e00000, 0x0000000709e00000|100%| O|  |TAMS 0x0000000709c00000, 0x0000000709c00000| Untracked 
|  79|0x0000000709e00000, 0x000000070a000000, 0x000000070a000000|100%| O|  |TAMS 0x0000000709e00000, 0x0000000709e00000| Untracked 
|  80|0x000000070a000000, 0x000000070a200000, 0x000000070a200000|100%| O|  |TAMS 0x000000070a000000, 0x000000070a000000| Untracked 
|  81|0x000000070a200000, 0x000000070a400000, 0x000000070a400000|100%| O|  |TAMS 0x000000070a200000, 0x000000070a200000| Untracked 
|  82|0x000000070a400000, 0x000000070a600000, 0x000000070a600000|100%| O|  |TAMS 0x000000070a400000, 0x000000070a400000| Untracked 
|  83|0x000000070a600000, 0x000000070a800000, 0x000000070a800000|100%| O|  |TAMS 0x000000070a600000, 0x000000070a600000| Untracked 
|  84|0x000000070a800000, 0x000000070aa00000, 0x000000070aa00000|100%| O|  |TAMS 0x000000070a800000, 0x000000070a800000| Untracked 
|  85|0x000000070aa00000, 0x000000070ac00000, 0x000000070ac00000|100%| O|  |TAMS 0x000000070aa00000, 0x000000070aa00000| Untracked 
|  86|0x000000070ac00000, 0x000000070ae00000, 0x000000070ae00000|100%| O|  |TAMS 0x000000070ac00000, 0x000000070ac00000| Untracked 
|  87|0x000000070ae00000, 0x000000070b000000, 0x000000070b000000|100%| O|  |TAMS 0x000000070ae00000, 0x000000070ae00000| Untracked 
|  88|0x000000070b000000, 0x000000070b200000, 0x000000070b200000|100%| O|  |TAMS 0x000000070b000000, 0x000000070b000000| Untracked 
|  89|0x000000070b200000, 0x000000070b400000, 0x000000070b400000|100%| O|  |TAMS 0x000000070b200000, 0x000000070b200000| Untracked 
|  90|0x000000070b400000, 0x000000070b600000, 0x000000070b600000|100%| O|  |TAMS 0x000000070b400000, 0x000000070b400000| Untracked 
|  91|0x000000070b600000, 0x000000070b800000, 0x000000070b800000|100%| O|  |TAMS 0x000000070b600000, 0x000000070b600000| Untracked 
|  92|0x000000070b800000, 0x000000070ba00000, 0x000000070ba00000|100%| O|  |TAMS 0x000000070b800000, 0x000000070b800000| Untracked 
|  93|0x000000070ba00000, 0x000000070bc00000, 0x000000070bc00000|100%| O|  |TAMS 0x000000070ba00000, 0x000000070ba00000| Untracked 
|  94|0x000000070bc00000, 0x000000070be00000, 0x000000070be00000|100%| O|  |TAMS 0x000000070bc00000, 0x000000070bc00000| Untracked 
|  95|0x000000070be00000, 0x000000070c000000, 0x000000070c000000|100%| O|  |TAMS 0x000000070be00000, 0x000000070be00000| Untracked 
|  96|0x000000070c000000, 0x000000070c200000, 0x000000070c200000|100%| O|  |TAMS 0x000000070c000000, 0x000000070c000000| Untracked 
|  97|0x000000070c200000, 0x000000070c400000, 0x000000070c400000|100%| O|  |TAMS 0x000000070c200000, 0x000000070c200000| Untracked 
|  98|0x000000070c400000, 0x000000070c600000, 0x000000070c600000|100%|HS|  |TAMS 0x000000070c400000, 0x000000070c400000| Complete 
|  99|0x000000070c600000, 0x000000070c800000, 0x000000070c800000|100%| O|  |TAMS 0x000000070c600000, 0x000000070c600000| Untracked 
| 100|0x000000070c800000, 0x000000070ca00000, 0x000000070ca00000|100%| O|  |TAMS 0x000000070c800000, 0x000000070c800000| Untracked 
| 101|0x000000070ca00000, 0x000000070cc00000, 0x000000070cc00000|100%| O|  |TAMS 0x000000070ca00000, 0x000000070ca00000| Untracked 
| 102|0x000000070cc00000, 0x000000070ce00000, 0x000000070ce00000|100%| O|  |TAMS 0x000000070cc00000, 0x000000070cc00000| Untracked 
| 103|0x000000070ce00000, 0x000000070d000000, 0x000000070d000000|100%| O|  |TAMS 0x000000070ce00000, 0x000000070ce00000| Untracked 
| 104|0x000000070d000000, 0x000000070d200000, 0x000000070d200000|100%| O|  |TAMS 0x000000070d000000, 0x000000070d000000| Untracked 
| 105|0x000000070d200000, 0x000000070d400000, 0x000000070d400000|100%| O|  |TAMS 0x000000070d200000, 0x000000070d200000| Untracked 
| 106|0x000000070d400000, 0x000000070d600000, 0x000000070d600000|100%| O|  |TAMS 0x000000070d400000, 0x000000070d400000| Untracked 
| 107|0x000000070d600000, 0x000000070d800000, 0x000000070d800000|100%|HS|  |TAMS 0x000000070d600000, 0x000000070d600000| Complete 
| 108|0x000000070d800000, 0x000000070da00000, 0x000000070da00000|100%|HS|  |TAMS 0x000000070d800000, 0x000000070d800000| Complete 
| 109|0x000000070da00000, 0x000000070dc00000, 0x000000070dc00000|100%| O|  |TAMS 0x000000070da00000, 0x000000070da00000| Untracked 
| 110|0x000000070dc00000, 0x000000070de00000, 0x000000070de00000|100%| O|  |TAMS 0x000000070dc00000, 0x000000070dc00000| Untracked 
| 111|0x000000070de00000, 0x000000070e000000, 0x000000070e000000|100%| O|  |TAMS 0x000000070de00000, 0x000000070de00000| Untracked 
| 112|0x000000070e000000, 0x000000070e200000, 0x000000070e200000|100%| O|  |TAMS 0x000000070e000000, 0x000000070e000000| Untracked 
| 113|0x000000070e200000, 0x000000070e400000, 0x000000070e400000|100%| O|  |TAMS 0x000000070e200000, 0x000000070e200000| Untracked 
| 114|0x000000070e400000, 0x000000070e600000, 0x000000070e600000|100%| O|  |TAMS 0x000000070e400000, 0x000000070e400000| Untracked 
| 115|0x000000070e600000, 0x000000070e800000, 0x000000070e800000|100%| O|  |TAMS 0x000000070e600000, 0x000000070e600000| Untracked 
| 116|0x000000070e800000, 0x000000070ea00000, 0x000000070ea00000|100%| O|  |TAMS 0x000000070e800000, 0x000000070e800000| Untracked 
| 117|0x000000070ea00000, 0x000000070ec00000, 0x000000070ec00000|100%| O|  |TAMS 0x000000070ea00000, 0x000000070ea00000| Untracked 
| 118|0x000000070ec00000, 0x000000070ee00000, 0x000000070ee00000|100%| O|  |TAMS 0x000000070ec00000, 0x000000070ec00000| Untracked 
| 119|0x000000070ee00000, 0x000000070f000000, 0x000000070f000000|100%| O|  |TAMS 0x000000070ee00000, 0x000000070ee00000| Untracked 
| 120|0x000000070f000000, 0x000000070f200000, 0x000000070f200000|100%| O|  |TAMS 0x000000070f000000, 0x000000070f000000| Untracked 
| 121|0x000000070f200000, 0x000000070f400000, 0x000000070f400000|100%| O|  |TAMS 0x000000070f200000, 0x000000070f200000| Untracked 
| 122|0x000000070f400000, 0x000000070f600000, 0x000000070f600000|100%| O|  |TAMS 0x000000070f400000, 0x000000070f400000| Untracked 
| 123|0x000000070f600000, 0x000000070f800000, 0x000000070f800000|100%| O|  |TAMS 0x000000070f600000, 0x000000070f600000| Untracked 
| 124|0x000000070f800000, 0x000000070fa00000, 0x000000070fa00000|100%| O|  |TAMS 0x000000070f800000, 0x000000070f800000| Untracked 
| 125|0x000000070fa00000, 0x000000070fc00000, 0x000000070fc00000|100%| O|  |TAMS 0x000000070fa00000, 0x000000070fa00000| Untracked 
| 126|0x000000070fc00000, 0x000000070fe00000, 0x000000070fe00000|100%| O|  |TAMS 0x000000070fc00000, 0x000000070fc00000| Untracked 
| 127|0x000000070fe00000, 0x0000000710000000, 0x0000000710000000|100%| O|  |TAMS 0x000000070fe00000, 0x000000070fe00000| Untracked 
| 128|0x0000000710000000, 0x0000000710200000, 0x0000000710200000|100%| O|  |TAMS 0x0000000710000000, 0x0000000710000000| Untracked 
| 129|0x0000000710200000, 0x0000000710400000, 0x0000000710400000|100%| O|  |TAMS 0x0000000710200000, 0x0000000710200000| Untracked 
| 130|0x0000000710400000, 0x0000000710600000, 0x0000000710600000|100%| O|  |TAMS 0x0000000710400000, 0x0000000710400000| Untracked 
| 131|0x0000000710600000, 0x0000000710800000, 0x0000000710800000|100%| O|  |TAMS 0x0000000710600000, 0x0000000710600000| Untracked 
| 132|0x0000000710800000, 0x0000000710a00000, 0x0000000710a00000|100%| O|  |TAMS 0x0000000710800000, 0x0000000710800000| Untracked 
| 133|0x0000000710a00000, 0x0000000710c00000, 0x0000000710c00000|100%| O|  |TAMS 0x0000000710a00000, 0x0000000710a00000| Untracked 
| 134|0x0000000710c00000, 0x0000000710e00000, 0x0000000710e00000|100%| O|  |TAMS 0x0000000710c00000, 0x0000000710c00000| Untracked 
| 135|0x0000000710e00000, 0x0000000711000000, 0x0000000711000000|100%| O|  |TAMS 0x0000000710e00000, 0x0000000710e00000| Untracked 
| 136|0x0000000711000000, 0x0000000711200000, 0x0000000711200000|100%| O|  |TAMS 0x0000000711000000, 0x0000000711000000| Untracked 
| 137|0x0000000711200000, 0x0000000711400000, 0x0000000711400000|100%| O|  |TAMS 0x0000000711200000, 0x0000000711200000| Untracked 
| 138|0x0000000711400000, 0x0000000711600000, 0x0000000711600000|100%| O|  |TAMS 0x0000000711400000, 0x0000000711400000| Untracked 
| 139|0x0000000711600000, 0x0000000711800000, 0x0000000711800000|100%| O|  |TAMS 0x0000000711600000, 0x0000000711600000| Untracked 
| 140|0x0000000711800000, 0x0000000711a00000, 0x0000000711a00000|100%| O|  |TAMS 0x0000000711800000, 0x0000000711800000| Untracked 
| 141|0x0000000711a00000, 0x0000000711c00000, 0x0000000711c00000|100%| O|  |TAMS 0x0000000711a00000, 0x0000000711a00000| Untracked 
| 142|0x0000000711c00000, 0x0000000711e00000, 0x0000000711e00000|100%| O|  |TAMS 0x0000000711c00000, 0x0000000711c00000| Untracked 
| 143|0x0000000711e00000, 0x0000000712000000, 0x0000000712000000|100%| O|  |TAMS 0x0000000711e00000, 0x0000000711e00000| Untracked 
| 144|0x0000000712000000, 0x0000000712200000, 0x0000000712200000|100%| O|  |TAMS 0x0000000712000000, 0x0000000712000000| Untracked 
| 145|0x0000000712200000, 0x0000000712400000, 0x0000000712400000|100%| O|  |TAMS 0x0000000712200000, 0x0000000712200000| Untracked 
| 146|0x0000000712400000, 0x0000000712600000, 0x0000000712600000|100%| O|  |TAMS 0x0000000712400000, 0x0000000712400000| Untracked 
| 147|0x0000000712600000, 0x0000000712800000, 0x0000000712800000|100%| O|  |TAMS 0x0000000712600000, 0x0000000712600000| Untracked 
| 148|0x0000000712800000, 0x0000000712a00000, 0x0000000712a00000|100%| O|  |TAMS 0x0000000712800000, 0x0000000712800000| Untracked 
| 149|0x0000000712a00000, 0x0000000712c00000, 0x0000000712c00000|100%| O|  |TAMS 0x0000000712a00000, 0x0000000712a00000| Untracked 
| 150|0x0000000712c00000, 0x0000000712e00000, 0x0000000712e00000|100%| O|  |TAMS 0x0000000712c00000, 0x0000000712c00000| Untracked 
| 151|0x0000000712e00000, 0x0000000713000000, 0x0000000713000000|100%| O|  |TAMS 0x0000000712e00000, 0x0000000712e00000| Untracked 
| 152|0x0000000713000000, 0x0000000713200000, 0x0000000713200000|100%| O|  |TAMS 0x0000000713000000, 0x0000000713000000| Untracked 
| 153|0x0000000713200000, 0x0000000713400000, 0x0000000713400000|100%| O|  |TAMS 0x0000000713200000, 0x0000000713200000| Untracked 
| 154|0x0000000713400000, 0x0000000713600000, 0x0000000713600000|100%| O|  |TAMS 0x0000000713400000, 0x0000000713400000| Untracked 
| 155|0x0000000713600000, 0x0000000713800000, 0x0000000713800000|100%| O|  |TAMS 0x0000000713600000, 0x0000000713600000| Untracked 
| 156|0x0000000713800000, 0x0000000713a00000, 0x0000000713a00000|100%| O|  |TAMS 0x0000000713800000, 0x0000000713800000| Untracked 
| 157|0x0000000713a00000, 0x0000000713c00000, 0x0000000713c00000|100%| O|  |TAMS 0x0000000713a00000, 0x0000000713a00000| Untracked 
| 158|0x0000000713c00000, 0x0000000713e00000, 0x0000000713e00000|100%| O|  |TAMS 0x0000000713c00000, 0x0000000713c00000| Untracked 
| 159|0x0000000713e00000, 0x0000000714000000, 0x0000000714000000|100%| O|  |TAMS 0x0000000713e00000, 0x0000000713e00000| Untracked 
| 160|0x0000000714000000, 0x0000000714200000, 0x0000000714200000|100%| O|  |TAMS 0x0000000714000000, 0x0000000714000000| Untracked 
| 161|0x0000000714200000, 0x0000000714400000, 0x0000000714400000|100%| O|  |TAMS 0x0000000714200000, 0x0000000714200000| Untracked 
| 162|0x0000000714400000, 0x0000000714600000, 0x0000000714600000|100%| O|  |TAMS 0x0000000714400000, 0x0000000714400000| Untracked 
| 163|0x0000000714600000, 0x0000000714800000, 0x0000000714800000|100%| O|  |TAMS 0x0000000714600000, 0x0000000714600000| Untracked 
| 164|0x0000000714800000, 0x0000000714a00000, 0x0000000714a00000|100%| O|  |TAMS 0x0000000714800000, 0x0000000714800000| Untracked 
| 165|0x0000000714a00000, 0x0000000714c00000, 0x0000000714c00000|100%| O|  |TAMS 0x0000000714a00000, 0x0000000714a00000| Untracked 
| 166|0x0000000714c00000, 0x0000000714e00000, 0x0000000714e00000|100%| O|  |TAMS 0x0000000714c00000, 0x0000000714c00000| Untracked 
| 167|0x0000000714e00000, 0x0000000715000000, 0x0000000715000000|100%| O|  |TAMS 0x0000000714e00000, 0x0000000714e00000| Untracked 
| 168|0x0000000715000000, 0x0000000715200000, 0x0000000715200000|100%| O|  |TAMS 0x0000000715000000, 0x0000000715000000| Untracked 
| 169|0x0000000715200000, 0x0000000715400000, 0x0000000715400000|100%| O|  |TAMS 0x0000000715200000, 0x0000000715200000| Untracked 
| 170|0x0000000715400000, 0x0000000715600000, 0x0000000715600000|100%| O|  |TAMS 0x0000000715400000, 0x0000000715400000| Untracked 
| 171|0x0000000715600000, 0x0000000715800000, 0x0000000715800000|100%| O|  |TAMS 0x0000000715600000, 0x0000000715600000| Untracked 
| 172|0x0000000715800000, 0x0000000715a00000, 0x0000000715a00000|100%| O|  |TAMS 0x0000000715800000, 0x0000000715800000| Untracked 
| 173|0x0000000715a00000, 0x0000000715c00000, 0x0000000715c00000|100%| O|  |TAMS 0x0000000715a00000, 0x0000000715a00000| Untracked 
| 174|0x0000000715c00000, 0x0000000715e00000, 0x0000000715e00000|100%| O|  |TAMS 0x0000000715c00000, 0x0000000715c00000| Untracked 
| 175|0x0000000715e00000, 0x0000000716000000, 0x0000000716000000|100%| O|  |TAMS 0x0000000715e00000, 0x0000000715e00000| Untracked 
| 176|0x0000000716000000, 0x0000000716200000, 0x0000000716200000|100%| O|  |TAMS 0x0000000716000000, 0x0000000716000000| Untracked 
| 177|0x0000000716200000, 0x0000000716400000, 0x0000000716400000|100%| O|  |TAMS 0x0000000716200000, 0x0000000716200000| Untracked 
| 178|0x0000000716400000, 0x0000000716600000, 0x0000000716600000|100%| O|  |TAMS 0x0000000716400000, 0x0000000716400000| Untracked 
| 179|0x0000000716600000, 0x0000000716800000, 0x0000000716800000|100%| O|  |TAMS 0x0000000716600000, 0x0000000716600000| Untracked 
| 180|0x0000000716800000, 0x0000000716a00000, 0x0000000716a00000|100%| O|  |TAMS 0x0000000716800000, 0x0000000716800000| Untracked 
| 181|0x0000000716a00000, 0x0000000716c00000, 0x0000000716c00000|100%| O|  |TAMS 0x0000000716a00000, 0x0000000716a00000| Untracked 
| 182|0x0000000716c00000, 0x0000000716e00000, 0x0000000716e00000|100%| O|  |TAMS 0x0000000716c00000, 0x0000000716c00000| Untracked 
| 183|0x0000000716e00000, 0x0000000717000000, 0x0000000717000000|100%| O|  |TAMS 0x0000000716e00000, 0x0000000716e00000| Untracked 
| 184|0x0000000717000000, 0x0000000717200000, 0x0000000717200000|100%| O|  |TAMS 0x0000000717000000, 0x0000000717000000| Untracked 
| 185|0x0000000717200000, 0x0000000717400000, 0x0000000717400000|100%| O|  |TAMS 0x0000000717200000, 0x0000000717200000| Untracked 
| 186|0x0000000717400000, 0x0000000717600000, 0x0000000717600000|100%| O|  |TAMS 0x0000000717400000, 0x0000000717400000| Untracked 
| 187|0x0000000717600000, 0x0000000717800000, 0x0000000717800000|100%| O|  |TAMS 0x0000000717600000, 0x0000000717600000| Untracked 
| 188|0x0000000717800000, 0x0000000717a00000, 0x0000000717a00000|100%| O|  |TAMS 0x0000000717800000, 0x0000000717800000| Untracked 
| 189|0x0000000717a00000, 0x0000000717c00000, 0x0000000717c00000|100%| O|  |TAMS 0x0000000717a00000, 0x0000000717a00000| Untracked 
| 190|0x0000000717c00000, 0x0000000717e00000, 0x0000000717e00000|100%| O|  |TAMS 0x0000000717c00000, 0x0000000717c00000| Untracked 
| 191|0x0000000717e00000, 0x0000000718000000, 0x0000000718000000|100%| O|  |TAMS 0x0000000717e00000, 0x0000000717e00000| Untracked 
| 192|0x0000000718000000, 0x0000000718200000, 0x0000000718200000|100%| O|  |TAMS 0x0000000718000000, 0x0000000718000000| Untracked 
| 193|0x0000000718200000, 0x00000007182fac00, 0x0000000718400000| 48%| O|  |TAMS 0x0000000718200000, 0x0000000718200000| Untracked 
| 194|0x0000000718400000, 0x0000000718400000, 0x0000000718600000|  0%| F|  |TAMS 0x0000000718400000, 0x0000000718400000| Untracked 
| 195|0x0000000718600000, 0x0000000718600000, 0x0000000718800000|  0%| F|  |TAMS 0x0000000718600000, 0x0000000718600000| Untracked 
| 196|0x0000000718800000, 0x0000000718800000, 0x0000000718a00000|  0%| F|  |TAMS 0x0000000718800000, 0x0000000718800000| Untracked 
| 197|0x0000000718a00000, 0x0000000718a00000, 0x0000000718c00000|  0%| F|  |TAMS 0x0000000718a00000, 0x0000000718a00000| Untracked 
| 198|0x0000000718c00000, 0x0000000718c00000, 0x0000000718e00000|  0%| F|  |TAMS 0x0000000718c00000, 0x0000000718c00000| Untracked 
| 199|0x0000000718e00000, 0x0000000718e00000, 0x0000000719000000|  0%| F|  |TAMS 0x0000000718e00000, 0x0000000718e00000| Untracked 
| 200|0x0000000719000000, 0x0000000719000000, 0x0000000719200000|  0%| F|  |TAMS 0x0000000719000000, 0x0000000719000000| Untracked 
| 201|0x0000000719200000, 0x0000000719200000, 0x0000000719400000|  0%| F|  |TAMS 0x0000000719200000, 0x0000000719200000| Untracked 
| 202|0x0000000719400000, 0x0000000719400000, 0x0000000719600000|  0%| F|  |TAMS 0x0000000719400000, 0x0000000719400000| Untracked 
| 203|0x0000000719600000, 0x0000000719600000, 0x0000000719800000|  0%| F|  |TAMS 0x0000000719600000, 0x0000000719600000| Untracked 
| 204|0x0000000719800000, 0x0000000719800000, 0x0000000719a00000|  0%| F|  |TAMS 0x0000000719800000, 0x0000000719800000| Untracked 
| 205|0x0000000719a00000, 0x0000000719a00000, 0x0000000719c00000|  0%| F|  |TAMS 0x0000000719a00000, 0x0000000719a00000| Untracked 
| 206|0x0000000719c00000, 0x0000000719c00000, 0x0000000719e00000|  0%| F|  |TAMS 0x0000000719c00000, 0x0000000719c00000| Untracked 
| 207|0x0000000719e00000, 0x0000000719e00000, 0x000000071a000000|  0%| F|  |TAMS 0x0000000719e00000, 0x0000000719e00000| Untracked 
| 208|0x000000071a000000, 0x000000071a000000, 0x000000071a200000|  0%| F|  |TAMS 0x000000071a000000, 0x000000071a000000| Untracked 
| 209|0x000000071a200000, 0x000000071a200000, 0x000000071a400000|  0%| F|  |TAMS 0x000000071a200000, 0x000000071a200000| Untracked 
| 210|0x000000071a400000, 0x000000071a400000, 0x000000071a600000|  0%| F|  |TAMS 0x000000071a400000, 0x000000071a400000| Untracked 
| 211|0x000000071a600000, 0x000000071a600000, 0x000000071a800000|  0%| F|  |TAMS 0x000000071a600000, 0x000000071a600000| Untracked 
| 212|0x000000071a800000, 0x000000071a800000, 0x000000071aa00000|  0%| F|  |TAMS 0x000000071a800000, 0x000000071a800000| Untracked 
| 213|0x000000071aa00000, 0x000000071aa00000, 0x000000071ac00000|  0%| F|  |TAMS 0x000000071aa00000, 0x000000071aa00000| Untracked 
| 214|0x000000071ac00000, 0x000000071ac00000, 0x000000071ae00000|  0%| F|  |TAMS 0x000000071ac00000, 0x000000071ac00000| Untracked 
| 215|0x000000071ae00000, 0x000000071ae00000, 0x000000071b000000|  0%| F|  |TAMS 0x000000071ae00000, 0x000000071ae00000| Untracked 
| 216|0x000000071b000000, 0x000000071b000000, 0x000000071b200000|  0%| F|  |TAMS 0x000000071b000000, 0x000000071b000000| Untracked 
| 217|0x000000071b200000, 0x000000071b200000, 0x000000071b400000|  0%| F|  |TAMS 0x000000071b200000, 0x000000071b200000| Untracked 
| 218|0x000000071b400000, 0x000000071b400000, 0x000000071b600000|  0%| F|  |TAMS 0x000000071b400000, 0x000000071b400000| Untracked 
| 219|0x000000071b600000, 0x000000071b600000, 0x000000071b800000|  0%| F|  |TAMS 0x000000071b600000, 0x000000071b600000| Untracked 
| 220|0x000000071b800000, 0x000000071b800000, 0x000000071ba00000|  0%| F|  |TAMS 0x000000071b800000, 0x000000071b800000| Untracked 
| 221|0x000000071ba00000, 0x000000071ba00000, 0x000000071bc00000|  0%| F|  |TAMS 0x000000071ba00000, 0x000000071ba00000| Untracked 
| 222|0x000000071bc00000, 0x000000071bc00000, 0x000000071be00000|  0%| F|  |TAMS 0x000000071bc00000, 0x000000071bc00000| Untracked 
| 223|0x000000071be00000, 0x000000071be00000, 0x000000071c000000|  0%| F|  |TAMS 0x000000071be00000, 0x000000071be00000| Untracked 
| 224|0x000000071c000000, 0x000000071c000000, 0x000000071c200000|  0%| F|  |TAMS 0x000000071c000000, 0x000000071c000000| Untracked 
| 225|0x000000071c200000, 0x000000071c200000, 0x000000071c400000|  0%| F|  |TAMS 0x000000071c200000, 0x000000071c200000| Untracked 
| 226|0x000000071c400000, 0x000000071c400000, 0x000000071c600000|  0%| F|  |TAMS 0x000000071c400000, 0x000000071c400000| Untracked 
| 227|0x000000071c600000, 0x000000071c600000, 0x000000071c800000|  0%| F|  |TAMS 0x000000071c600000, 0x000000071c600000| Untracked 
| 228|0x000000071c800000, 0x000000071c800000, 0x000000071ca00000|  0%| F|  |TAMS 0x000000071c800000, 0x000000071c800000| Untracked 
| 229|0x000000071ca00000, 0x000000071ca00000, 0x000000071cc00000|  0%| F|  |TAMS 0x000000071ca00000, 0x000000071ca00000| Untracked 
| 230|0x000000071cc00000, 0x000000071cc00000, 0x000000071ce00000|  0%| F|  |TAMS 0x000000071cc00000, 0x000000071cc00000| Untracked 
| 231|0x000000071ce00000, 0x000000071ce00000, 0x000000071d000000|  0%| F|  |TAMS 0x000000071ce00000, 0x000000071ce00000| Untracked 
| 232|0x000000071d000000, 0x000000071d000000, 0x000000071d200000|  0%| F|  |TAMS 0x000000071d000000, 0x000000071d000000| Untracked 
| 233|0x000000071d200000, 0x000000071d24a660, 0x000000071d400000| 14%| S|CS|TAMS 0x000000071d200000, 0x000000071d200000| Complete 
| 234|0x000000071d400000, 0x000000071d600000, 0x000000071d600000|100%| S|CS|TAMS 0x000000071d400000, 0x000000071d400000| Complete 
| 235|0x000000071d600000, 0x000000071d800000, 0x000000071d800000|100%| S|CS|TAMS 0x000000071d600000, 0x000000071d600000| Complete 
| 236|0x000000071d800000, 0x000000071d800000, 0x000000071da00000|  0%| F|  |TAMS 0x000000071d800000, 0x000000071d800000| Untracked 
| 237|0x000000071da00000, 0x000000071da00000, 0x000000071dc00000|  0%| F|  |TAMS 0x000000071da00000, 0x000000071da00000| Untracked 
| 238|0x000000071dc00000, 0x000000071de00000, 0x000000071de00000|100%| S|CS|TAMS 0x000000071dc00000, 0x000000071dc00000| Complete 
| 239|0x000000071de00000, 0x000000071de00000, 0x000000071e000000|  0%| F|  |TAMS 0x000000071de00000, 0x000000071de00000| Untracked 
| 240|0x000000071e000000, 0x000000071e000000, 0x000000071e200000|  0%| F|  |TAMS 0x000000071e000000, 0x000000071e000000| Untracked 
| 241|0x000000071e200000, 0x000000071e200000, 0x000000071e400000|  0%| F|  |TAMS 0x000000071e200000, 0x000000071e200000| Untracked 
| 242|0x000000071e400000, 0x000000071e400000, 0x000000071e600000|  0%| F|  |TAMS 0x000000071e400000, 0x000000071e400000| Untracked 
| 243|0x000000071e600000, 0x000000071e600000, 0x000000071e800000|  0%| F|  |TAMS 0x000000071e600000, 0x000000071e600000| Untracked 
| 244|0x000000071e800000, 0x000000071e800000, 0x000000071ea00000|  0%| F|  |TAMS 0x000000071e800000, 0x000000071e800000| Untracked 
| 245|0x000000071ea00000, 0x000000071ea00000, 0x000000071ec00000|  0%| F|  |TAMS 0x000000071ea00000, 0x000000071ea00000| Untracked 
| 246|0x000000071ec00000, 0x000000071ec00000, 0x000000071ee00000|  0%| F|  |TAMS 0x000000071ec00000, 0x000000071ec00000| Untracked 
| 247|0x000000071ee00000, 0x000000071ee00000, 0x000000071f000000|  0%| F|  |TAMS 0x000000071ee00000, 0x000000071ee00000| Untracked 
| 248|0x000000071f000000, 0x000000071f000000, 0x000000071f200000|  0%| F|  |TAMS 0x000000071f000000, 0x000000071f000000| Untracked 
| 249|0x000000071f200000, 0x000000071f200000, 0x000000071f400000|  0%| F|  |TAMS 0x000000071f200000, 0x000000071f200000| Untracked 
| 250|0x000000071f400000, 0x000000071f400000, 0x000000071f600000|  0%| F|  |TAMS 0x000000071f400000, 0x000000071f400000| Untracked 
| 251|0x000000071f600000, 0x000000071f600000, 0x000000071f800000|  0%| F|  |TAMS 0x000000071f600000, 0x000000071f600000| Untracked 
| 252|0x000000071f800000, 0x000000071f800000, 0x000000071fa00000|  0%| F|  |TAMS 0x000000071f800000, 0x000000071f800000| Untracked 
| 253|0x000000071fa00000, 0x000000071fa00000, 0x000000071fc00000|  0%| F|  |TAMS 0x000000071fa00000, 0x000000071fa00000| Untracked 
| 254|0x000000071fc00000, 0x000000071fc00000, 0x000000071fe00000|  0%| F|  |TAMS 0x000000071fc00000, 0x000000071fc00000| Untracked 
| 255|0x000000071fe00000, 0x000000071fe00000, 0x0000000720000000|  0%| F|  |TAMS 0x000000071fe00000, 0x000000071fe00000| Untracked 
| 256|0x0000000720000000, 0x0000000720000000, 0x0000000720200000|  0%| F|  |TAMS 0x0000000720000000, 0x0000000720000000| Untracked 
| 257|0x0000000720200000, 0x0000000720200000, 0x0000000720400000|  0%| F|  |TAMS 0x0000000720200000, 0x0000000720200000| Untracked 
| 258|0x0000000720400000, 0x0000000720400000, 0x0000000720600000|  0%| F|  |TAMS 0x0000000720400000, 0x0000000720400000| Untracked 
| 259|0x0000000720600000, 0x0000000720600000, 0x0000000720800000|  0%| F|  |TAMS 0x0000000720600000, 0x0000000720600000| Untracked 
| 260|0x0000000720800000, 0x0000000720800000, 0x0000000720a00000|  0%| F|  |TAMS 0x0000000720800000, 0x0000000720800000| Untracked 
| 261|0x0000000720a00000, 0x0000000720a00000, 0x0000000720c00000|  0%| F|  |TAMS 0x0000000720a00000, 0x0000000720a00000| Untracked 
| 262|0x0000000720c00000, 0x0000000720c6b780, 0x0000000720e00000| 20%| E|  |TAMS 0x0000000720c00000, 0x0000000720c00000| Complete 
| 263|0x0000000720e00000, 0x0000000721000000, 0x0000000721000000|100%| E|CS|TAMS 0x0000000720e00000, 0x0000000720e00000| Complete 
| 264|0x0000000721000000, 0x0000000721200000, 0x0000000721200000|100%| E|  |TAMS 0x0000000721000000, 0x0000000721000000| Complete 
| 265|0x0000000721200000, 0x0000000721400000, 0x0000000721400000|100%| E|CS|TAMS 0x0000000721200000, 0x0000000721200000| Complete 
| 266|0x0000000721400000, 0x0000000721600000, 0x0000000721600000|100%| E|CS|TAMS 0x0000000721400000, 0x0000000721400000| Complete 
| 267|0x0000000721600000, 0x0000000721800000, 0x0000000721800000|100%| E|CS|TAMS 0x0000000721600000, 0x0000000721600000| Complete 
| 268|0x0000000721800000, 0x0000000721a00000, 0x0000000721a00000|100%| E|CS|TAMS 0x0000000721800000, 0x0000000721800000| Complete 
| 269|0x0000000721a00000, 0x0000000721c00000, 0x0000000721c00000|100%| E|CS|TAMS 0x0000000721a00000, 0x0000000721a00000| Complete 
| 270|0x0000000721c00000, 0x0000000721e00000, 0x0000000721e00000|100%| E|CS|TAMS 0x0000000721c00000, 0x0000000721c00000| Complete 
| 271|0x0000000721e00000, 0x0000000722000000, 0x0000000722000000|100%| E|CS|TAMS 0x0000000721e00000, 0x0000000721e00000| Complete 
| 272|0x0000000722000000, 0x0000000722200000, 0x0000000722200000|100%| E|CS|TAMS 0x0000000722000000, 0x0000000722000000| Complete 
| 273|0x0000000722200000, 0x0000000722400000, 0x0000000722400000|100%| E|CS|TAMS 0x0000000722200000, 0x0000000722200000| Complete 
| 274|0x0000000722400000, 0x0000000722600000, 0x0000000722600000|100%| E|CS|TAMS 0x0000000722400000, 0x0000000722400000| Complete 
| 275|0x0000000722600000, 0x0000000722800000, 0x0000000722800000|100%| E|CS|TAMS 0x0000000722600000, 0x0000000722600000| Complete 
| 276|0x0000000722800000, 0x0000000722a00000, 0x0000000722a00000|100%| E|CS|TAMS 0x0000000722800000, 0x0000000722800000| Complete 
| 277|0x0000000722a00000, 0x0000000722c00000, 0x0000000722c00000|100%| E|CS|TAMS 0x0000000722a00000, 0x0000000722a00000| Complete 
| 278|0x0000000722c00000, 0x0000000722e00000, 0x0000000722e00000|100%| E|CS|TAMS 0x0000000722c00000, 0x0000000722c00000| Complete 
| 279|0x0000000722e00000, 0x0000000723000000, 0x0000000723000000|100%| E|CS|TAMS 0x0000000722e00000, 0x0000000722e00000| Complete 
| 280|0x0000000723000000, 0x0000000723200000, 0x0000000723200000|100%| E|CS|TAMS 0x0000000723000000, 0x0000000723000000| Complete 
| 281|0x0000000723200000, 0x0000000723400000, 0x0000000723400000|100%| E|CS|TAMS 0x0000000723200000, 0x0000000723200000| Complete 
| 282|0x0000000723400000, 0x0000000723600000, 0x0000000723600000|100%| E|CS|TAMS 0x0000000723400000, 0x0000000723400000| Complete 
| 283|0x0000000723600000, 0x0000000723800000, 0x0000000723800000|100%| E|CS|TAMS 0x0000000723600000, 0x0000000723600000| Complete 
| 284|0x0000000723800000, 0x0000000723a00000, 0x0000000723a00000|100%| E|CS|TAMS 0x0000000723800000, 0x0000000723800000| Complete 
| 285|0x0000000723a00000, 0x0000000723c00000, 0x0000000723c00000|100%| E|CS|TAMS 0x0000000723a00000, 0x0000000723a00000| Complete 
| 286|0x0000000723c00000, 0x0000000723e00000, 0x0000000723e00000|100%| E|CS|TAMS 0x0000000723c00000, 0x0000000723c00000| Complete 
| 287|0x0000000723e00000, 0x0000000724000000, 0x0000000724000000|100%| E|CS|TAMS 0x0000000723e00000, 0x0000000723e00000| Complete 
| 288|0x0000000724000000, 0x0000000724200000, 0x0000000724200000|100%| E|CS|TAMS 0x0000000724000000, 0x0000000724000000| Complete 
| 289|0x0000000724200000, 0x0000000724400000, 0x0000000724400000|100%| E|CS|TAMS 0x0000000724200000, 0x0000000724200000| Complete 
| 290|0x0000000724400000, 0x0000000724600000, 0x0000000724600000|100%| E|CS|TAMS 0x0000000724400000, 0x0000000724400000| Complete 
| 291|0x0000000724600000, 0x0000000724800000, 0x0000000724800000|100%| E|CS|TAMS 0x0000000724600000, 0x0000000724600000| Complete 

Card table byte_map: [0x0000025ffba50000,0x0000025ffc250000] _byte_map_base: 0x0000025ff8250000

Marking Bits (Prev, Next): (CMBitMap*) 0x0000025ff91906c0, (CMBitMap*) 0x0000025ff9190680
 Prev Bits: [0x0000025f9aab0000, 0x0000025f9eab0000)
 Next Bits: [0x0000025f96ab0000, 0x0000025f9aab0000)

Polling page: 0x0000025ff8e10000

Metaspace:

Usage:
  Non-class:    109.26 MB used.
      Class:     17.38 MB used.
       Both:    126.64 MB used.

Virtual space:
  Non-class space:      128.00 MB reserved,     110.56 MB ( 86%) committed,  2 nodes.
      Class space:      416.00 MB reserved,      18.56 MB (  4%) committed,  1 nodes.
             Both:      544.00 MB reserved,     129.12 MB ( 24%) committed. 

Chunk freelists:
   Non-Class:  656.00 KB
       Class:  13.31 MB
        Both:  13.95 MB

MaxMetaspaceSize: 512.00 MB
CompressedClassSpaceSize: 416.00 MB
Initial GC threshold: 21.00 MB
Current GC threshold: 167.50 MB
CDS: on
MetaspaceReclaimPolicy: balanced
 - commit_granule_bytes: 65536.
 - commit_granule_words: 8192.
 - virtual_space_node_default_size: 8388608.
 - enlarge_chunks_in_place: 1.
 - new_chunks_are_fully_committed: 0.
 - uncommit_free_chunks: 1.
 - use_allocation_guard: 0.
 - handle_deallocations: 1.


Internal statistics:

num_allocs_failed_limit: 9.
num_arena_births: 4228.
num_arena_deaths: 0.
num_vsnodes_births: 3.
num_vsnodes_deaths: 0.
num_space_committed: 2065.
num_space_uncommitted: 0.
num_chunks_returned_to_freelist: 9.
num_chunks_taken_from_freelist: 10969.
num_chunk_merges: 9.
num_chunk_splits: 6547.
num_chunks_enlarged: 3389.
num_inconsistent_stats: 0.

CodeHeap 'non-profiled nmethods': size=120000Kb used=20245Kb max_used=20245Kb free=99754Kb
 bounds [0x0000025f8f580000, 0x0000025f90950000, 0x0000025f96ab0000]
CodeHeap 'profiled nmethods': size=120000Kb used=42085Kb max_used=42085Kb free=77914Kb
 bounds [0x0000025f87ab0000, 0x0000025f8a3d0000, 0x0000025f8efe0000]
CodeHeap 'non-nmethods': size=5760Kb used=1833Kb max_used=1916Kb free=3926Kb
 bounds [0x0000025f8efe0000, 0x0000025f8f250000, 0x0000025f8f580000]
 total_blobs=22346 nmethods=21414 adapters=842
 compilation: enabled
              stopped_count=0, restarted_count=0
 full_count=0

Compilation events (20 events):
Event: 4631.280 Thread 0x0000025f9ead5910 nmethod 26214 0x0000025f8a3c8390 code [0x0000025f8a3c8520, 0x0000025f8a3c8638]
Event: 4631.295 Thread 0x0000025f9eac7120 26215       4       org.gradle.api.internal.attributes.DefaultImmutableAttributesContainer::<init> (212 bytes)
Event: 4631.297 Thread 0x0000025f9ead5910 26217       1       org.gradle.api.internal.artifacts.transform.TransformStepNode::getInputArtifact (5 bytes)
Event: 4631.297 Thread 0x0000025f9ead5910 nmethod 26217 0x0000025f90944b90 code [0x0000025f90944d20, 0x0000025f90944df8]
Event: 4631.297 Thread 0x0000025f9ead5910 26218       1       org.gradle.api.internal.artifacts.configurations.DefaultArtifactCollection$ArtifactSetResult::access$000 (5 bytes)
Event: 4631.298 Thread 0x0000025f9ead5910 nmethod 26218 0x0000025f90944e90 code [0x0000025f90945020, 0x0000025f909450d8]
Event: 4631.355 Thread 0x0000025f9ead5910 26219       3       java.math.MutableBigInteger::toBigInteger (28 bytes)
Event: 4631.356 Thread 0x0000025f9ead5910 nmethod 26219 0x0000025f8a3c8710 code [0x0000025f8a3c88e0, 0x0000025f8a3c8b78]
Event: 4631.384 Thread 0x0000025f9ead5910 26220       3       java.lang.Long::toString (139 bytes)
Event: 4631.385 Thread 0x0000025f9ead5910 nmethod 26220 0x0000025f8a3c8c90 code [0x0000025f8a3c8e80, 0x0000025f8a3c9458]
Event: 4631.433 Thread 0x0000025f9ead5910 26221       3       com.google.gson.stream.JsonReader::nextNull (82 bytes)
Event: 4631.437 Thread 0x0000025f9ead5910 nmethod 26221 0x0000025f8a3c9690 code [0x0000025f8a3c9920, 0x0000025f8a3ca498]
Event: 4631.458 Thread 0x0000025f9ead5910 26222   !   3       org.gradle.internal.resources.LockCache::getOrRegisterResourceLock (30 bytes)
Event: 4631.459 Thread 0x0000025f9ead5910 nmethod 26222 0x0000025f8a3ca890 code [0x0000025f8a3caa80, 0x0000025f8a3cb0b8]
Event: 4631.459 Thread 0x0000025f9ead5910 26223       3       org.gradle.internal.resources.LockCache$1::<init> (20 bytes)
Event: 4631.459 Thread 0x0000025f9ead5910 nmethod 26223 0x0000025f8a3cb310 code [0x0000025f8a3cb4c0, 0x0000025f8a3cb758]
Event: 4631.462 Thread 0x0000025f9ead5910 26224       1       org.gradle.api.internal.DefaultNamedDomainObjectCollection::getElementsAsDynamicObject (5 bytes)
Event: 4631.463 Thread 0x0000025f9ead5910 nmethod 26224 0x0000025f90945190 code [0x0000025f90945320, 0x0000025f909453f8]
Event: 4631.472 Thread 0x0000025f9ead5910 26225       1       org.gradle.api.internal.project.DefaultProject::getParentIdentifier (5 bytes)
Event: 4631.473 Thread 0x0000025f9ead5910 nmethod 26225 0x0000025f90945490 code [0x0000025f90945620, 0x0000025f909456f8]

GC Heap History (20 events):
Event: 94.314 GC heap before
{Heap before GC invocations=87 (full 0):
 garbage-first heap   total 497664K, used 420405K [0x0000000700000000, 0x0000000800000000)
  region size 2048K, 54 young (110592K), 3 survivors (6144K)
 Metaspace       used 123114K, committed 125184K, reserved 557056K
  class space    used 17068K, committed 18048K, reserved 425984K
}
Event: 94.331 GC heap after
{Heap after GC invocations=88 (full 0):
 garbage-first heap   total 497664K, used 320954K [0x0000000700000000, 0x0000000800000000)
  region size 2048K, 5 young (10240K), 5 survivors (10240K)
 Metaspace       used 123114K, committed 125184K, reserved 557056K
  class space    used 17068K, committed 18048K, reserved 425984K
}
Event: 94.951 GC heap before
{Heap before GC invocations=88 (full 0):
 garbage-first heap   total 497664K, used 421306K [0x0000000700000000, 0x0000000800000000)
  region size 2048K, 55 young (112640K), 5 survivors (10240K)
 Metaspace       used 123122K, committed 125184K, reserved 557056K
  class space    used 17068K, committed 18048K, reserved 425984K
}
Event: 94.971 GC heap after
{Heap after GC invocations=89 (full 0):
 garbage-first heap   total 497664K, used 323626K [0x0000000700000000, 0x0000000800000000)
  region size 2048K, 5 young (10240K), 5 survivors (10240K)
 Metaspace       used 123122K, committed 125184K, reserved 557056K
  class space    used 17068K, committed 18048K, reserved 425984K
}
Event: 131.811 GC heap before
{Heap before GC invocations=89 (full 0):
 garbage-first heap   total 497664K, used 423978K [0x0000000700000000, 0x0000000800000000)
  region size 2048K, 54 young (110592K), 5 survivors (10240K)
 Metaspace       used 123932K, committed 125952K, reserved 557056K
  class space    used 17140K, committed 18112K, reserved 425984K
}
Event: 131.830 GC heap after
{Heap after GC invocations=90 (full 0):
 garbage-first heap   total 598016K, used 324863K [0x0000000700000000, 0x0000000800000000)
  region size 2048K, 4 young (8192K), 4 survivors (8192K)
 Metaspace       used 123932K, committed 125952K, reserved 557056K
  class space    used 17140K, committed 18112K, reserved 425984K
}
Event: 1383.342 GC heap before
{Heap before GC invocations=90 (full 0):
 garbage-first heap   total 598016K, used 511231K [0x0000000700000000, 0x0000000800000000)
  region size 2048K, 96 young (196608K), 4 survivors (8192K)
 Metaspace       used 127369K, committed 129536K, reserved 557056K
  class space    used 17575K, committed 18624K, reserved 425984K
}
Event: 1383.452 GC heap after
{Heap after GC invocations=91 (full 0):
 garbage-first heap   total 598016K, used 333776K [0x0000000700000000, 0x0000000800000000)
  region size 2048K, 9 young (18432K), 9 survivors (18432K)
 Metaspace       used 127369K, committed 129536K, reserved 557056K
  class space    used 17575K, committed 18624K, reserved 425984K
}
Event: 1386.517 GC heap before
{Heap before GC invocations=91 (full 0):
 garbage-first heap   total 598016K, used 495568K [0x0000000700000000, 0x0000000800000000)
  region size 2048K, 89 young (182272K), 9 survivors (18432K)
 Metaspace       used 128000K, committed 130304K, reserved 557056K
  class space    used 17635K, committed 18752K, reserved 425984K
}
Event: 1386.544 GC heap after
{Heap after GC invocations=92 (full 0):
 garbage-first heap   total 598016K, used 355622K [0x0000000700000000, 0x0000000800000000)
  region size 2048K, 12 young (24576K), 12 survivors (24576K)
 Metaspace       used 128000K, committed 130304K, reserved 557056K
  class space    used 17635K, committed 18752K, reserved 425984K
}
Event: 1388.092 GC heap before
{Heap before GC invocations=92 (full 0):
 garbage-first heap   total 598016K, used 494886K [0x0000000700000000, 0x0000000800000000)
  region size 2048K, 80 young (163840K), 12 survivors (24576K)
 Metaspace       used 128360K, committed 130688K, reserved 557056K
  class space    used 17657K, committed 18752K, reserved 425984K
}
Event: 1388.124 GC heap after
{Heap after GC invocations=93 (full 0):
 garbage-first heap   total 598016K, used 376623K [0x0000000700000000, 0x0000000800000000)
  region size 2048K, 10 young (20480K), 10 survivors (20480K)
 Metaspace       used 128360K, committed 130688K, reserved 557056K
  class space    used 17657K, committed 18752K, reserved 425984K
}
Event: 1389.167 GC heap before
{Heap before GC invocations=93 (full 0):
 garbage-first heap   total 598016K, used 497455K [0x0000000700000000, 0x0000000800000000)
  region size 2048K, 69 young (141312K), 10 survivors (20480K)
 Metaspace       used 128918K, committed 131392K, reserved 557056K
  class space    used 17731K, committed 18944K, reserved 425984K
}
Event: 1389.200 GC heap after
{Heap after GC invocations=94 (full 0):
 garbage-first heap   total 598016K, used 395767K [0x0000000700000000, 0x0000000800000000)
  region size 2048K, 9 young (18432K), 9 survivors (18432K)
 Metaspace       used 128918K, committed 131392K, reserved 557056K
  class space    used 17731K, committed 18944K, reserved 425984K
}
Event: 1390.974 GC heap before
{Heap before GC invocations=94 (full 0):
 garbage-first heap   total 598016K, used 496119K [0x0000000700000000, 0x0000000800000000)
  region size 2048K, 59 young (120832K), 9 survivors (18432K)
 Metaspace       used 129212K, committed 131776K, reserved 557056K
  class space    used 17764K, committed 19008K, reserved 425984K
}
Event: 1391.000 GC heap after
{Heap after GC invocations=95 (full 0):
 garbage-first heap   total 598016K, used 403799K [0x0000000700000000, 0x0000000800000000)
  region size 2048K, 4 young (8192K), 4 survivors (8192K)
 Metaspace       used 129212K, committed 131776K, reserved 557056K
  class space    used 17764K, committed 19008K, reserved 425984K
}
Event: 1412.451 GC heap before
{Heap before GC invocations=95 (full 0):
 garbage-first heap   total 598016K, used 502103K [0x0000000700000000, 0x0000000800000000)
  region size 2048K, 53 young (108544K), 4 survivors (8192K)
 Metaspace       used 129389K, committed 131904K, reserved 557056K
  class space    used 17776K, committed 19008K, reserved 425984K
}
Event: 1412.457 GC heap after
{Heap after GC invocations=96 (full 0):
 garbage-first heap   total 598016K, used 402129K [0x0000000700000000, 0x0000000800000000)
  region size 2048K, 3 young (6144K), 3 survivors (6144K)
 Metaspace       used 129389K, committed 131904K, reserved 557056K
  class space    used 17776K, committed 19008K, reserved 425984K
}
Event: 4629.580 GC heap before
{Heap before GC invocations=96 (full 0):
 garbage-first heap   total 598016K, used 506577K [0x0000000700000000, 0x0000000800000000)
  region size 2048K, 55 young (112640K), 3 survivors (6144K)
 Metaspace       used 129489K, committed 131968K, reserved 557056K
  class space    used 17776K, committed 19008K, reserved 425984K
}
Event: 4629.655 GC heap after
{Heap after GC invocations=97 (full 0):
 garbage-first heap   total 598016K, used 402708K [0x0000000700000000, 0x0000000800000000)
  region size 2048K, 4 young (8192K), 4 survivors (8192K)
 Metaspace       used 129489K, committed 131968K, reserved 557056K
  class space    used 17776K, committed 19008K, reserved 425984K
}

Dll operation events (15 events):
Event: 0.011 Loaded shared library C:\Program Files\Eclipse Adoptium\jdk-17.0.18.8-hotspot\bin\java.dll
Event: 0.026 Loaded shared library C:\Program Files\Eclipse Adoptium\jdk-17.0.18.8-hotspot\bin\jsvml.dll
Event: 0.068 Loaded shared library C:\Program Files\Eclipse Adoptium\jdk-17.0.18.8-hotspot\bin\zip.dll
Event: 0.072 Loaded shared library C:\Program Files\Eclipse Adoptium\jdk-17.0.18.8-hotspot\bin\instrument.dll
Event: 0.077 Loaded shared library C:\Program Files\Eclipse Adoptium\jdk-17.0.18.8-hotspot\bin\net.dll
Event: 0.079 Loaded shared library C:\Program Files\Eclipse Adoptium\jdk-17.0.18.8-hotspot\bin\nio.dll
Event: 0.081 Loaded shared library C:\Program Files\Eclipse Adoptium\jdk-17.0.18.8-hotspot\bin\zip.dll
Event: 0.332 Loaded shared library C:\Program Files\Eclipse Adoptium\jdk-17.0.18.8-hotspot\bin\jimage.dll
Event: 0.553 Loaded shared library C:\Program Files\Eclipse Adoptium\jdk-17.0.18.8-hotspot\bin\verify.dll
Event: 0.590 Loaded shared library C:\Users\hp\.gradle\native\1def1411415f61bf3af743bc5b6707747c0891f09f0c88961ee8f79bc544acac\windows-amd64\native-platform.dll
Event: 0.609 Loaded shared library C:\Users\hp\.gradle\native\0.2.8\x86_64-windows-gnu\gradle-fileevents.dll
Event: 1.761 Loaded shared library C:\Program Files\Eclipse Adoptium\jdk-17.0.18.8-hotspot\bin\management.dll
Event: 1.764 Loaded shared library C:\Program Files\Eclipse Adoptium\jdk-17.0.18.8-hotspot\bin\management_ext.dll
Event: 2.028 Loaded shared library C:\Program Files\Eclipse Adoptium\jdk-17.0.18.8-hotspot\bin\extnet.dll
Event: 2.274 Loaded shared library C:\Program Files\Eclipse Adoptium\jdk-17.0.18.8-hotspot\bin\sunmscapi.dll

Deoptimization events (20 events):
Event: 4628.858 Thread 0x0000025fbef2aa20 Uncommon trap: trap_request=0xffffffc6 fr.pc=0x0000025f8f5e69a0 relative=0x0000000000000cc0
Event: 4628.858 Thread 0x0000025fbef2aa20 Uncommon trap: reason=bimorphic_or_optimized_type_check action=maybe_recompile pc=0x0000025f8f5e69a0 method=org.gradle.internal.buildoption.DefaultInternalOptions.getOption(Lorg/gradle/internal/buildoption/InternalOption;)Lorg/gradle/internal/buildoption/
Event: 4628.858 Thread 0x0000025fbef2aa20 DEOPT PACKING pc=0x0000025f8f5e69a0 sp=0x0000006a803fc420
Event: 4628.858 Thread 0x0000025fbef2aa20 DEOPT UNPACKING pc=0x0000025f8f03a1a3 sp=0x0000006a803fc3e8 mode 2
Event: 4629.798 Thread 0x0000025fbef2aa20 Uncommon trap: trap_request=0xffffffde fr.pc=0x0000025f8fda77a0 relative=0x0000000000000180
Event: 4629.798 Thread 0x0000025fbef2aa20 Uncommon trap: reason=class_check action=maybe_recompile pc=0x0000025f8fda77a0 method=org.gradle.internal.lazy.UnsafeLazy.get()Ljava/lang/Object; @ 12 c2
Event: 4629.798 Thread 0x0000025fbef2aa20 DEOPT PACKING pc=0x0000025f8fda77a0 sp=0x0000006a803f90d0
Event: 4629.798 Thread 0x0000025fbef2aa20 DEOPT UNPACKING pc=0x0000025f8f03a1a3 sp=0x0000006a803f9088 mode 2
Event: 4630.069 Thread 0x0000025fbef2aa20 Uncommon trap: trap_request=0xffffffbe fr.pc=0x0000025f907dcc5c relative=0x0000000000005a3c
Event: 4630.069 Thread 0x0000025fbef2aa20 Uncommon trap: reason=profile_predicate action=maybe_recompile pc=0x0000025f907dcc5c method=org.gradle.api.internal.artifacts.ivyservice.resolveengine.result.ComponentSelectionReasonSerializer.write(Lorg/gradle/internal/serialize/Encoder;Lorg/gradle/api/a
Event: 4630.069 Thread 0x0000025fbef2aa20 DEOPT PACKING pc=0x0000025f907dcc5c sp=0x0000006a803f5ed0
Event: 4630.070 Thread 0x0000025fbef2aa20 DEOPT UNPACKING pc=0x0000025f8f03a1a3 sp=0x0000006a803f5c50 mode 2
Event: 4630.108 Thread 0x0000025fbef2aa20 Uncommon trap: trap_request=0xffffffc6 fr.pc=0x0000025f8fec2b48 relative=0x00000000000002e8
Event: 4630.108 Thread 0x0000025fbef2aa20 Uncommon trap: reason=bimorphic_or_optimized_type_check action=maybe_recompile pc=0x0000025f8fec2b48 method=org.gradle.api.internal.plugins.DefaultPluginRegistry$PluginIdLookupCacheKey.hashCode()I @ 4 c2
Event: 4630.108 Thread 0x0000025fbef2aa20 DEOPT PACKING pc=0x0000025f8fec2b48 sp=0x0000006a803f70e0
Event: 4630.108 Thread 0x0000025fbef2aa20 DEOPT UNPACKING pc=0x0000025f8f03a1a3 sp=0x0000006a803f7070 mode 2
Event: 4630.468 Thread 0x0000025fbef2aa20 Uncommon trap: trap_request=0xffffffbe fr.pc=0x0000025f90905448 relative=0x00000000000001a8
Event: 4630.468 Thread 0x0000025fbef2aa20 Uncommon trap: reason=profile_predicate action=maybe_recompile pc=0x0000025f90905448 method=java.util.LinkedHashMap.valuesToArray([Ljava/lang/Object;)[Ljava/lang/Object; @ 12 c2
Event: 4630.468 Thread 0x0000025fbef2aa20 DEOPT PACKING pc=0x0000025f90905448 sp=0x0000006a803f6ab0
Event: 4630.468 Thread 0x0000025fbef2aa20 DEOPT UNPACKING pc=0x0000025f8f03a1a3 sp=0x0000006a803f6a68 mode 2

Classes loaded (20 events):
Event: 147.130 Loading class java/util/regex/Pattern$1
Event: 147.131 Loading class java/util/regex/Pattern$1 done
Event: 147.973 Loading class java/nio/file/StandardCopyOption
Event: 147.974 Loading class java/nio/file/StandardCopyOption done
Event: 147.975 Loading class sun/nio/fs/WindowsFileCopy
Event: 147.975 Loading class sun/nio/fs/WindowsFileCopy done
Event: 147.987 Loading class sun/nio/fs/WindowsSecurity$Privilege
Event: 147.987 Loading class sun/nio/fs/WindowsSecurity$Privilege done
Event: 148.369 Loading class java/util/Locale$1
Event: 148.369 Loading class java/util/Locale$1 done
Event: 148.387 Loading class java/util/concurrent/CompletableFuture$AsyncRun
Event: 148.388 Loading class java/util/concurrent/CompletableFuture$AsyncRun done
Event: 1382.278 Loading class jdk/internal/math/FormattedFloatingDecimal$Form
Event: 1382.291 Loading class jdk/internal/math/FormattedFloatingDecimal$Form done
Event: 1382.292 Loading class jdk/internal/math/FormattedFloatingDecimal
Event: 1382.303 Loading class jdk/internal/math/FormattedFloatingDecimal done
Event: 1382.303 Loading class jdk/internal/math/FormattedFloatingDecimal$1
Event: 1382.306 Loading class jdk/internal/math/FormattedFloatingDecimal$1 done
Event: 1382.310 Loading class jdk/internal/math/FormattedFloatingDecimal$2
Event: 1382.311 Loading class jdk/internal/math/FormattedFloatingDecimal$2 done

Classes unloaded (0 events):
No events

Classes redefined (0 events):
No events

Internal exceptions (20 events):
Event: 4629.141 Thread 0x0000025fbef2aa20 Exception <a 'sun/nio/fs/WindowsException'{0x000000071e7105c0}> (0x000000071e7105c0) 
thrown [s\src\hotspot\share\prims\jni.cpp, line 516]
Event: 4629.143 Thread 0x0000025fbef2aa20 Exception <a 'sun/nio/fs/WindowsException'{0x000000071e711990}> (0x000000071e711990) 
thrown [s\src\hotspot\share\prims\jni.cpp, line 516]
Event: 4629.143 Thread 0x0000025fbef2aa20 Exception <a 'sun/nio/fs/WindowsException'{0x000000071e712d50}> (0x000000071e712d50) 
thrown [s\src\hotspot\share\prims\jni.cpp, line 516]
Event: 4629.150 Thread 0x0000025fbef2aa20 Exception <a 'sun/nio/fs/WindowsException'{0x000000071e7140e8}> (0x000000071e7140e8) 
thrown [s\src\hotspot\share\prims\jni.cpp, line 516]
Event: 4629.325 Thread 0x0000025fbef2aa20 Exception <a 'sun/nio/fs/WindowsException'{0x000000071e7b4978}> (0x000000071e7b4978) 
thrown [s\src\hotspot\share\prims\jni.cpp, line 516]
Event: 4629.325 Thread 0x0000025fbef2aa20 Exception <a 'sun/nio/fs/WindowsException'{0x000000071e7b6520}> (0x000000071e7b6520) 
thrown [s\src\hotspot\share\prims\jni.cpp, line 516]
Event: 4629.326 Thread 0x0000025fbef2aa20 Exception <a 'sun/nio/fs/WindowsException'{0x000000071e7b7e30}> (0x000000071e7b7e30) 
thrown [s\src\hotspot\share\prims\jni.cpp, line 516]
Event: 4629.326 Thread 0x0000025fbef2aa20 Exception <a 'sun/nio/fs/WindowsException'{0x000000071e7b9718}> (0x000000071e7b9718) 
thrown [s\src\hotspot\share\prims\jni.cpp, line 516]
Event: 4629.803 Thread 0x0000025fbef2aa20 Exception <a 'sun/nio/fs/WindowsException'{0x00000007235d6a28}> (0x00000007235d6a28) 
thrown [s\src\hotspot\share\prims\jni.cpp, line 516]
Event: 4629.804 Thread 0x0000025fbef2aa20 Exception <a 'sun/nio/fs/WindowsException'{0x00000007235d84d8}> (0x00000007235d84d8) 
thrown [s\src\hotspot\share\prims\jni.cpp, line 516]
Event: 4629.804 Thread 0x0000025fbef2aa20 Exception <a 'sun/nio/fs/WindowsException'{0x00000007235dab08}> (0x00000007235dab08) 
thrown [s\src\hotspot\share\prims\jni.cpp, line 516]
Event: 4631.040 Thread 0x0000025fca7a5430 Exception <a 'sun/nio/fs/WindowsException'{0x0000000721455e08}> (0x0000000721455e08) 
thrown [s\src\hotspot\share\prims\jni.cpp, line 516]
Event: 4631.041 Thread 0x0000025fca7a5430 Exception <a 'sun/nio/fs/WindowsException'{0x0000000721457eb0}> (0x0000000721457eb0) 
thrown [s\src\hotspot\share\prims\jni.cpp, line 516]
Event: 4631.042 Thread 0x0000025fca7a5430 Exception <a 'sun/nio/fs/WindowsException'{0x0000000721459ea8}> (0x0000000721459ea8) 
thrown [s\src\hotspot\share\prims\jni.cpp, line 516]
Event: 4631.042 Thread 0x0000025fca7a5430 Exception <a 'sun/nio/fs/WindowsException'{0x000000072145bb58}> (0x000000072145bb58) 
thrown [s\src\hotspot\share\prims\jni.cpp, line 516]
Event: 4631.060 Thread 0x0000025fca7a5430 Exception <a 'sun/nio/fs/WindowsException'{0x0000000721467478}> (0x0000000721467478) 
thrown [s\src\hotspot\share\prims\jni.cpp, line 516]
Event: 4631.214 Thread 0x0000025fca7a5430 Exception <a 'sun/nio/fs/WindowsException'{0x00000007212f7ee0}> (0x00000007212f7ee0) 
thrown [s\src\hotspot\share\prims\jni.cpp, line 516]
Event: 4631.215 Thread 0x0000025fca7a5430 Exception <a 'sun/nio/fs/WindowsException'{0x00000007212fa018}> (0x00000007212fa018) 
thrown [s\src\hotspot\share\prims\jni.cpp, line 516]
Event: 4631.215 Thread 0x0000025fca7a5430 Exception <a 'sun/nio/fs/WindowsException'{0x00000007212fc0b0}> (0x00000007212fc0b0) 
thrown [s\src\hotspot\share\prims\jni.cpp, line 516]
Event: 4631.215 Thread 0x0000025fca7a5430 Exception <a 'sun/nio/fs/WindowsException'{0x00000007212fde00}> (0x00000007212fde00) 
thrown [s\src\hotspot\share\prims\jni.cpp, line 516]

VM Operations (20 events):
Event: 2572.512 Executing VM operation: Cleanup
Event: 2572.512 Executing VM operation: Cleanup done
Event: 2742.473 Executing VM operation: Cleanup
Event: 2742.473 Executing VM operation: Cleanup done
Event: 3188.168 Executing VM operation: Cleanup
Event: 3188.168 Executing VM operation: Cleanup done
Event: 3500.045 Executing VM operation: Cleanup
Event: 3500.045 Executing VM operation: Cleanup done
Event: 4106.421 Executing VM operation: Cleanup
Event: 4106.422 Executing VM operation: Cleanup done
Event: 4139.682 Executing VM operation: Cleanup
Event: 4139.683 Executing VM operation: Cleanup done
Event: 4592.605 Executing VM operation: Cleanup
Event: 4592.605 Executing VM operation: Cleanup done
Event: 4628.844 Executing VM operation: Cleanup
Event: 4628.845 Executing VM operation: Cleanup done
Event: 4629.578 Executing VM operation: G1CollectForAllocation
Event: 4629.655 Executing VM operation: G1CollectForAllocation done
Event: 4630.660 Executing VM operation: Cleanup
Event: 4630.661 Executing VM operation: Cleanup done

Memory protections (0 events):
No events

Nmethod flushes (20 events):
Event: 1385.734 Thread 0x0000025f9eadc280 flushing  nmethod 0x0000025f89d7a690
Event: 1385.734 Thread 0x0000025f9eadc280 flushing  nmethod 0x0000025f89da1210
Event: 1385.734 Thread 0x0000025f9eadc280 flushing  nmethod 0x0000025f89da2310
Event: 1385.734 Thread 0x0000025f9eadc280 flushing  nmethod 0x0000025f89e37010
Event: 1385.734 Thread 0x0000025f9eadc280 flushing  nmethod 0x0000025f89e3df90
Event: 1385.734 Thread 0x0000025f9eadc280 flushing  nmethod 0x0000025f89e45990
Event: 1385.734 Thread 0x0000025f9eadc280 flushing  nmethod 0x0000025f89e51210
Event: 1385.734 Thread 0x0000025f9eadc280 flushing  nmethod 0x0000025f89e5d690
Event: 1385.734 Thread 0x0000025f9eadc280 flushing  nmethod 0x0000025f89e62610
Event: 1385.735 Thread 0x0000025f9eadc280 flushing  nmethod 0x0000025f89f8bc90
Event: 1389.432 Thread 0x0000025f9eadc280 flushing  nmethod 0x0000025f87b59e90
Event: 1389.432 Thread 0x0000025f9eadc280 flushing  nmethod 0x0000025f87b5e910
Event: 1389.436 Thread 0x0000025f9eadc280 flushing  nmethod 0x0000025f87fc5310
Event: 1389.437 Thread 0x0000025f9eadc280 flushing  nmethod 0x0000025f8812cb90
Event: 1389.438 Thread 0x0000025f9eadc280 flushing  nmethod 0x0000025f883bd610
Event: 1389.438 Thread 0x0000025f9eadc280 flushing  nmethod 0x0000025f8841e110
Event: 1389.439 Thread 0x0000025f9eadc280 flushing  nmethod 0x0000025f88440610
Event: 1389.443 Thread 0x0000025f9eadc280 flushing  nmethod 0x0000025f88b6b790
Event: 1389.444 Thread 0x0000025f9eadc280 flushing  nmethod 0x0000025f88bd1d90
Event: 1389.446 Thread 0x0000025f9eadc280 flushing  nmethod 0x0000025f88fba090

Events (20 events):
Event: 4630.993 Thread 0x0000025fca7a5430 Thread added: 0x0000025fc1273390
Event: 4630.995 Thread 0x0000025fca7a5430 Thread added: 0x0000025fc1273db0
Event: 4630.995 Thread 0x0000025fca7a5430 Thread added: 0x0000025fc1271a40
Event: 4630.995 Thread 0x0000025fca7a5430 Thread added: 0x0000025fc12742c0
Event: 4630.995 Thread 0x0000025fca7a5430 Thread added: 0x0000025fc1270b10
Event: 4631.181 Thread 0x0000025fca7a5430 Thread added: 0x0000025fc1271530
Event: 4631.259 Thread 0x0000025fbef2aa20 Thread added: 0x0000025fc1271f50
Event: 4631.261 Thread 0x0000025fbef2aa20 Thread added: 0x0000025fc1275c10
Event: 4631.262 Thread 0x0000025fbef2aa20 Thread added: 0x0000025fc1276120
Event: 4631.263 Thread 0x0000025fbef2aa20 Thread added: 0x0000025fc1277560
Event: 4631.263 Thread 0x0000025fbef2aa20 Thread added: 0x0000025fc1276630
Event: 4631.266 Thread 0x0000025fbef2aa20 Thread added: 0x0000025fcc155a10
Event: 4631.266 Thread 0x0000025fbef2aa20 Thread added: 0x0000025fcc152260
Event: 4631.282 Thread 0x0000025fbef2aa20 Thread added: 0x0000025fcc1536a0
Event: 4631.282 Thread 0x0000025fbef2aa20 Thread added: 0x0000025fcc155f20
Event: 4631.283 Thread 0x0000025fbef2aa20 Thread added: 0x0000025fcc156940
Event: 4631.283 Thread 0x0000025fbef2aa20 Thread added: 0x0000025fcc153190
Event: 4631.284 Thread 0x0000025fbef2aa20 Thread added: 0x0000025fcc153bb0
Event: 4631.284 Thread 0x0000025fbef2aa20 Thread added: 0x0000025fcc157870
Event: 4631.285 Thread 0x0000025fbef2aa20 Thread added: 0x0000025fcc157d80


Dynamic libraries:
0x00007ff6d4970000 - 0x00007ff6d497e000 	C:\Program Files\Eclipse Adoptium\jdk-17.0.18.8-hotspot\bin\java.exe
0x00007ffa61d00000 - 0x00007ffa61f67000 	C:\WINDOWS\SYSTEM32\ntdll.dll
0x00007ffa60580000 - 0x00007ffa60649000 	C:\WINDOWS\System32\KERNEL32.DLL
0x00007ffa5e730000 - 0x00007ffa5eb27000 	C:\WINDOWS\System32\KERNELBASE.dll
0x00007ffa5f680000 - 0x00007ffa5f7cb000 	C:\WINDOWS\System32\ucrtbase.dll
0x00007ffa0abf0000 - 0x00007ffa0ac0e000 	C:\Program Files\Eclipse Adoptium\jdk-17.0.18.8-hotspot\bin\VCRUNTIME140.dll
0x00007ffa10620000 - 0x00007ffa10638000 	C:\Program Files\Eclipse Adoptium\jdk-17.0.18.8-hotspot\bin\jli.dll
0x00007ffa36040000 - 0x00007ffa362d2000 	C:\WINDOWS\WinSxS\amd64_microsoft.windows.common-controls_6595b64144ccf1df_6.0.26100.8328_none_3e08182ce334b678\COMCTL32.dll
0x00007ffa60750000 - 0x00007ffa60916000 	C:\WINDOWS\System32\USER32.dll
0x00007ffa5fa80000 - 0x00007ffa5fb29000 	C:\WINDOWS\System32\msvcrt.dll
0x00007ffa5eb30000 - 0x00007ffa5eb57000 	C:\WINDOWS\System32\win32u.dll
0x00007ffa61840000 - 0x00007ffa6186b000 	C:\WINDOWS\System32\GDI32.dll
0x00007ffa5f3d0000 - 0x00007ffa5f4fc000 	C:\WINDOWS\System32\gdi32full.dll
0x00007ffa5f880000 - 0x00007ffa5f923000 	C:\WINDOWS\System32\msvcp_win.dll
0x00007ffa601c0000 - 0x00007ffa601f2000 	C:\WINDOWS\System32\IMM32.DLL
0x00007ffa15310000 - 0x00007ffa1531c000 	C:\Program Files\Eclipse Adoptium\jdk-17.0.18.8-hotspot\bin\vcruntime140_1.dll
0x00007ff9e50e0000 - 0x00007ff9e516d000 	C:\Program Files\Eclipse Adoptium\jdk-17.0.18.8-hotspot\bin\msvcp140.dll
0x00007ff9b0e40000 - 0x00007ff9b1aab000 	C:\Program Files\Eclipse Adoptium\jdk-17.0.18.8-hotspot\bin\server\jvm.dll
0x00007ffa60920000 - 0x00007ffa609d6000 	C:\WINDOWS\System32\ADVAPI32.dll
0x00007ffa5fb30000 - 0x00007ffa5fbd7000 	C:\WINDOWS\System32\sechost.dll
0x00007ffa5fbe0000 - 0x00007ffa5fcf8000 	C:\WINDOWS\System32\RPCRT4.dll
0x00007ffa604f0000 - 0x00007ffa60570000 	C:\WINDOWS\System32\WS2_32.dll
0x00007ffa5e590000 - 0x00007ffa5e5ee000 	C:\WINDOWS\SYSTEM32\POWRPROF.dll
0x00007ffa45a30000 - 0x00007ffa45a66000 	C:\WINDOWS\SYSTEM32\WINMM.dll
0x00007ffa4f7c0000 - 0x00007ffa4f7cb000 	C:\WINDOWS\SYSTEM32\VERSION.dll
0x00007ffa5e570000 - 0x00007ffa5e584000 	C:\WINDOWS\SYSTEM32\UMPDC.dll
0x00007ffa5d4c0000 - 0x00007ffa5d4db000 	C:\WINDOWS\SYSTEM32\kernel.appcore.dll
0x00007ffa11560000 - 0x00007ffa1156a000 	C:\Program Files\Eclipse Adoptium\jdk-17.0.18.8-hotspot\bin\jimage.dll
0x00007ffa5c2f0000 - 0x00007ffa5c532000 	C:\WINDOWS\SYSTEM32\DBGHELP.DLL
0x00007ffa618b0000 - 0x00007ffa61c33000 	C:\WINDOWS\System32\combase.dll
0x00007ffa5fea0000 - 0x00007ffa5ff79000 	C:\WINDOWS\System32\OLEAUT32.dll
0x00007ffa2ca10000 - 0x00007ffa2ca4b000 	C:\WINDOWS\SYSTEM32\dbgcore.DLL
0x00007ffa5f7d0000 - 0x00007ffa5f878000 	C:\WINDOWS\System32\bcryptPrimitives.dll
0x00007ffa10ce0000 - 0x00007ffa10cee000 	C:\Program Files\Eclipse Adoptium\jdk-17.0.18.8-hotspot\bin\instrument.dll
0x00007ffa09fa0000 - 0x00007ffa09fc5000 	C:\Program Files\Eclipse Adoptium\jdk-17.0.18.8-hotspot\bin\java.dll
0x00007ff9dbf20000 - 0x00007ff9dbff7000 	C:\Program Files\Eclipse Adoptium\jdk-17.0.18.8-hotspot\bin\jsvml.dll
0x00007ffa60c30000 - 0x00007ffa6139e000 	C:\WINDOWS\System32\SHELL32.dll
0x00007ffa5eb60000 - 0x00007ffa5f3cc000 	C:\WINDOWS\System32\windows.storage.dll
0x00007ffa60650000 - 0x00007ffa60746000 	C:\WINDOWS\System32\SHCORE.dll
0x00007ffa609e0000 - 0x00007ffa60a46000 	C:\WINDOWS\System32\shlwapi.dll
0x00007ffa5e650000 - 0x00007ffa5e679000 	C:\WINDOWS\SYSTEM32\profapi.dll
0x00007ffa09f80000 - 0x00007ffa09f98000 	C:\Program Files\Eclipse Adoptium\jdk-17.0.18.8-hotspot\bin\zip.dll
0x00007ff9e87e0000 - 0x00007ff9e87fa000 	C:\Program Files\Eclipse Adoptium\jdk-17.0.18.8-hotspot\bin\net.dll
0x00007ffa56680000 - 0x00007ffa567a9000 	C:\WINDOWS\SYSTEM32\WINHTTP.dll
0x00007ffa5da30000 - 0x00007ffa5da9c000 	C:\WINDOWS\system32\mswsock.dll
0x00007ff9e87c0000 - 0x00007ff9e87d6000 	C:\Program Files\Eclipse Adoptium\jdk-17.0.18.8-hotspot\bin\nio.dll
0x00007ffa10610000 - 0x00007ffa10620000 	C:\Program Files\Eclipse Adoptium\jdk-17.0.18.8-hotspot\bin\verify.dll
0x00007ff980880000 - 0x00007ff9808a7000 	C:\Users\hp\.gradle\native\1def1411415f61bf3af743bc5b6707747c0891f09f0c88961ee8f79bc544acac\windows-amd64\native-platform.dll
0x00007ff9e7c90000 - 0x00007ff9e7d07000 	C:\Users\hp\.gradle\native\0.2.8\x86_64-windows-gnu\gradle-fileevents.dll
0x00007ffa0fa70000 - 0x00007ffa0fa7a000 	C:\Program Files\Eclipse Adoptium\jdk-17.0.18.8-hotspot\bin\management.dll
0x00007ffa0c490000 - 0x00007ffa0c49c000 	C:\Program Files\Eclipse Adoptium\jdk-17.0.18.8-hotspot\bin\management_ext.dll
0x00007ffa603e0000 - 0x00007ffa603e8000 	C:\WINDOWS\System32\PSAPI.DLL
0x00007ffa5cee0000 - 0x00007ffa5cf12000 	C:\WINDOWS\SYSTEM32\IPHLPAPI.DLL
0x00007ffa618a0000 - 0x00007ffa618aa000 	C:\WINDOWS\System32\NSI.dll
0x00007ffa58e10000 - 0x00007ffa58e2d000 	C:\WINDOWS\SYSTEM32\dhcpcsvc6.DLL
0x00007ffa58cc0000 - 0x00007ffa58ce5000 	C:\WINDOWS\SYSTEM32\dhcpcsvc.DLL
0x00007ffa5cf80000 - 0x00007ffa5d0b2000 	C:\WINDOWS\SYSTEM32\DNSAPI.dll
0x00007ffa0c230000 - 0x00007ffa0c239000 	C:\Program Files\Eclipse Adoptium\jdk-17.0.18.8-hotspot\bin\extnet.dll
0x00007ffa5dd10000 - 0x00007ffa5dd2b000 	C:\WINDOWS\SYSTEM32\CRYPTSP.dll
0x00007ffa5d420000 - 0x00007ffa5d459000 	C:\WINDOWS\system32\rsaenh.dll
0x00007ffa5dae0000 - 0x00007ffa5db13000 	C:\WINDOWS\SYSTEM32\USERENV.dll
0x00007ffa5e620000 - 0x00007ffa5e64a000 	C:\WINDOWS\SYSTEM32\bcrypt.dll
0x00007ffa5dd30000 - 0x00007ffa5dd3c000 	C:\WINDOWS\SYSTEM32\CRYPTBASE.dll
0x00007ffa0abe0000 - 0x00007ffa0abee000 	C:\Program Files\Eclipse Adoptium\jdk-17.0.18.8-hotspot\bin\sunmscapi.dll
0x00007ffa5f500000 - 0x00007ffa5f678000 	C:\WINDOWS\System32\CRYPT32.dll
0x00007ffa5df30000 - 0x00007ffa5df60000 	C:\WINDOWS\SYSTEM32\ncrypt.dll
0x00007ffa5dee0000 - 0x00007ffa5df1f000 	C:\WINDOWS\SYSTEM32\NTASN1.dll
0x00007ffa1ed20000 - 0x00007ffa1ed28000 	C:\WINDOWS\system32\wshunix.dll
0x00007ffa5bc00000 - 0x00007ffa5bca0000 	C:\WINDOWS\system32\apphelp.dll
0x00007ffa5d5e0000 - 0x00007ffa5d616000 	C:\WINDOWS\SYSTEM32\ntmarta.dll

dbghelp: loaded successfully - version: 4.0.5 - missing functions: none
symbol engine: initialized successfully - sym options: 0x614 - pdb path: .;C:\Program Files\Eclipse Adoptium\jdk-17.0.18.8-hotspot\bin;C:\WINDOWS\SYSTEM32;C:\WINDOWS\WinSxS\amd64_microsoft.windows.common-controls_6595b64144ccf1df_6.0.26100.8328_none_3e08182ce334b678;C:\Program Files\Eclipse Adoptium\jdk-17.0.18.8-hotspot\bin\server;C:\Users\hp\.gradle\native\1def1411415f61bf3af743bc5b6707747c0891f09f0c88961ee8f79bc544acac\windows-amd64;C:\Users\hp\.gradle\native\0.2.8\x86_64-windows-gnu

VM Arguments:
jvm_args: --add-opens=java.base/java.lang=ALL-UNNAMED --add-opens=java.base/java.lang.invoke=ALL-UNNAMED --add-opens=java.base/java.util=ALL-UNNAMED --add-opens=java.prefs/java.util.prefs=ALL-UNNAMED --add-exports=jdk.compiler/com.sun.tools.javac.api=ALL-UNNAMED --add-exports=jdk.compiler/com.sun.tools.javac.util=ALL-UNNAMED --add-opens=java.base/java.util=ALL-UNNAMED --add-opens=java.prefs/java.util.prefs=ALL-UNNAMED --add-opens=java.base/java.nio.charset=ALL-UNNAMED --add-opens=java.base/java.net=ALL-UNNAMED --add-opens=java.base/java.util.concurrent=ALL-UNNAMED --add-opens=java.base/java.util.concurrent.atomic=ALL-UNNAMED --add-opens=java.xml/javax.xml.namespace=ALL-UNNAMED -XX:MaxMetaspaceSize=512m --enable-native-access=ALL-UNNAMED -Xmx4096m -Dfile.encoding=UTF-8 -Duser.country=IN -Duser.language=en -Duser.variant -javaagent:C:\Users\hp\.gradle\wrapper\dists\gradle-9.0.0-bin\d6wjpkvcgsg3oed0qlfss3wgl\gradle-9.0.0\lib\agents\gradle-instrumentation-agent-9.0.0.jar 
java_command: org.gradle.launcher.daemon.bootstrap.GradleDaemon 9.0.0
java_class_path (initial): C:\Users\hp\.gradle\wrapper\dists\gradle-9.0.0-bin\d6wjpkvcgsg3oed0qlfss3wgl\gradle-9.0.0\lib\gradle-daemon-main-9.0.0.jar
Launcher Type: SUN_STANDARD

[Global flags]
     intx CICompilerCount                          = 4                                         {product} {ergonomic}
   size_t CompressedClassSpaceSize                 = 436207616                                 {product} {ergonomic}
     uint ConcGCThreads                            = 2                                         {product} {ergonomic}
     uint G1ConcRefinementThreads                  = 8                                         {product} {ergonomic}
   size_t G1HeapRegionSize                         = 2097152                                   {product} {ergonomic}
    uintx GCDrainStackTargetSize                   = 64                                        {product} {ergonomic}
   size_t InitialHeapSize                          = 266338304                                 {product} {ergonomic}
   size_t MarkStackSize                            = 4194304                                   {product} {ergonomic}
   size_t MaxHeapSize                              = 4294967296                                {product} {command line}
   size_t MaxMetaspaceSize                         = 536870912                                 {product} {command line}
   size_t MaxNewSize                               = 2575302656                                {product} {ergonomic}
   size_t MinHeapDeltaBytes                        = 2097152                                   {product} {ergonomic}
   size_t MinHeapSize                              = 8388608                                   {product} {ergonomic}
    uintx NonNMethodCodeHeapSize                   = 5839372                                {pd product} {ergonomic}
    uintx NonProfiledCodeHeapSize                  = 122909434                              {pd product} {ergonomic}
    uintx ProfiledCodeHeapSize                     = 122909434                              {pd product} {ergonomic}
    uintx ReservedCodeCacheSize                    = 251658240                              {pd product} {ergonomic}
     bool SegmentedCodeCache                       = true                                      {product} {ergonomic}
   size_t SoftMaxHeapSize                          = 4294967296                             {manageable} {ergonomic}
     bool UseCompressedClassPointers               = true                           {product lp64_product} {ergonomic}
     bool UseCompressedOops                        = true                           {product lp64_product} {ergonomic}
     bool UseG1GC                                  = true                                      {product} {ergonomic}
     bool UseLargePagesIndividualAllocation        = false                                  {pd product} {ergonomic}

Logging:
Log output configuration:
 #0: stdout all=warning uptime,level,tags
 #1: stderr all=off uptime,level,tags

Environment Variables:
JAVA_HOME=C:\Program Files\Java\jdk-24
PATH=D:\RNProjs\UISApp\GroceryApp\node_modules\.bin;D:\RNProjs\UISApp\GroceryApp\node_modules\.bin;D:\RNProjs\UISApp\node_modules\.bin;D:\RNProjs\node_modules\.bin;D:\node_modules\.bin;C:\Users\hp\AppData\Roaming\npm\node_modules\npm\node_modules\@npmcli\run-script\lib\node-gyp-bin;c:\Users\hp\AppData\Roaming\Code\User\globalStorage\github.copilot-chat\debugCommand;c:\Users\hp\AppData\Roaming\Code\User\globalStorage\github.copilot-chat\copilotCli;C:\Users\hp\AppData\Local\Programs\Microsoft VS Code;C:\Program Files\Eclipse Adoptium\jdk-17.0.18.8-hotspot\bin;C:\Program Files\Microsoft MPI\Bin\;C:\Program Files\Common Files\Oracle\Java\javapath;C:\windows\system32;C:\windows;C:\windows\System32\Wbem;C:\windows\System32\WindowsPowerShell\v1.0\;C:\windows\System32\OpenSSH\;C:\Program Files (x86)\NVIDIA Corporation\PhysX\Common;C:\Program Files\NVIDIA Corporation\NVIDIA NvDLISR;C:\WINDOWS\system32;C:\WINDOWS;C:\WINDOWS\System32\Wbem;C:\WINDOWS\System32\WindowsPowerShell\v1.0\;C:\WINDOWS\System32\OpenSSH\;C:\Program Files\Git\cmd;C:\Program Files\nodejs\;C:\Program Files\Microsoft SQL Server\150\Tools\Binn\;C:\Program Files\Microsoft SQL Server\Client SDK\ODBC\170\Tools\Binn\;C:\Program Files (x86)\Microsoft SQL Server\160\Tools\Binn\;C:\Program Files\Microsoft SQL Server\160\Tools\Binn\;C:\Program Files\Microsoft SQL Server\160\DTS\Binn\;C:\Program Files (x86)\Microsoft SQL Server\160\DTS\Binn\;C:\Program Files\dotnet\;C:\Program Files\GitHub CLI\;C:\Users\hp\AppData\Local\Android\Sdk\platform-tools;C:\Users\hp\AppData\Local\Android\Sdk\emulator;C:\Users\hp\AppData\Local\Microsoft\WindowsApps;C:\Users\hp\AppData\Local\Programs\Microsoft VS Code\bin;C:\Users\hp\AppData\Roaming\npm;C:\Users\hp\.dotnet\tools;C:\Users\hp\AppData\Local\Programs\cursor\resources\app\bin;C:\Users\hp\AppData\Local\Programs\Antigravity\bin
USERNAME=hp
LANG=en_US.UTF-8
OS=Windows_NT
PROCESSOR_IDENTIFIER=Intel64 Family 6 Model 140 Stepping 1, GenuineIntel
TMP=C:\Users\hp\AppData\Local\Temp
TEMP=C:\Users\hp\AppData\Local\Temp



Periodic native trim disabled


---------------  S Y S T E M  ---------------

OS:
 Windows 11 , 64 bit Build 26100 (10.0.26100.8328)
OS uptime: 1 days 12:25 hours
Hyper-V role detected

CPU: total 8 (initial active 8) (4 cores per cpu, 2 threads per core) family 6 model 140 stepping 1 microcode 0xa4, cx8, cmov, fxsr, ht, mmx, 3dnowpref, sse, sse2, sse3, ssse3, sse4.1, sse4.2, popcnt, lzcnt, tsc, tscinvbit, avx, avx2, aes, erms, clmul, bmi1, bmi2, adx, avx512f, avx512dq, avx512cd, avx512bw, avx512vl, sha, fma, vzeroupper, avx512_vpopcntdq, avx512_vpclmulqdq, avx512_vaes, avx512_vnni, clflush, clflushopt, clwb, avx512_vbmi2, avx512_vbmi, hv
Processor Information for all 8 processors :
  Max Mhz: 3302, Current Mhz: 3302, Mhz Limit: 3302

Memory: 4k page, system-wide physical 16129M (565M free)
TotalPageFile size 51365M (AvailPageFile size 9M)
current process WorkingSet (physical memory assigned to process): 339M, peak: 960M
current process commit charge ("private bytes"): 1042M, peak: 1050M

vm_info: OpenJDK 64-Bit Server VM (17.0.18+8) for windows-amd64 JRE (17.0.18+8), built on Jan 20 2026 22:28:22 by "admin" with MS VC++ 17.12 (VS2022)

END.
