#
# There is insufficient memory for the Java Runtime Environment to continue.
# Native memory allocation (mmap) failed to map 692060160 bytes. Error detail: G1 virtual space
# Possible reasons:
#   The system is out of physical RAM or swap space
#   This process is running with CompressedOops enabled, and the Java Heap may be blocking the growth of the native heap
# Possible solutions:
#   Reduce memory load on the system
#   Increase physical memory or swap space
#   Check if swap backing store is full
#   Decrease Java heap size (-Xmx/-Xms)
#   Decrease number of Java threads
#   Decrease Java thread stack sizes (-Xss)
#   Set larger code cache with -XX:ReservedCodeCacheSize=
#   JVM is running with Zero Based Compressed Oops mode in which the Java heap is
#     placed in the first 32GB address space. The Java Heap base address is the
#     maximum limit for the native heap growth. Please use -XX:HeapBaseMinAddress
#     to set the Java Heap base and to place the Java Heap above 32GB virtual address.
# This output file may be truncated or incomplete.
#
#  Out of Memory Error (os_windows.cpp:3618), pid=35616, tid=24752
#
# JRE version: OpenJDK Runtime Environment Temurin-17.0.18+8 (17.0.18+8) (build 17.0.18+8)
# Java VM: OpenJDK 64-Bit Server VM Temurin-17.0.18+8 (17.0.18+8, mixed mode, sharing, tiered, compressed oops, compressed class ptrs, g1 gc, windows-amd64)
# No core dump will be written. Minidumps are not enabled by default on client versions of Windows
#

---------------  S U M M A R Y ------------

Command Line: --add-opens=java.base/java.lang=ALL-UNNAMED --add-opens=java.base/java.lang.invoke=ALL-UNNAMED --add-opens=java.base/java.util=ALL-UNNAMED --add-opens=java.prefs/java.util.prefs=ALL-UNNAMED --add-exports=jdk.compiler/com.sun.tools.javac.api=ALL-UNNAMED --add-exports=jdk.compiler/com.sun.tools.javac.util=ALL-UNNAMED --add-opens=java.base/java.util=ALL-UNNAMED --add-opens=java.prefs/java.util.prefs=ALL-UNNAMED --add-opens=java.base/java.nio.charset=ALL-UNNAMED --add-opens=java.base/java.net=ALL-UNNAMED --add-opens=java.base/java.util.concurrent=ALL-UNNAMED --add-opens=java.base/java.util.concurrent.atomic=ALL-UNNAMED --add-opens=java.xml/javax.xml.namespace=ALL-UNNAMED -XX:MaxMetaspaceSize=512m --enable-native-access=ALL-UNNAMED -Xmx4096m -Dfile.encoding=UTF-8 -Duser.country=IN -Duser.language=en -Duser.variant -javaagent:C:\Users\hp\.gradle\wrapper\dists\gradle-9.0.0-bin\d6wjpkvcgsg3oed0qlfss3wgl\gradle-9.0.0\lib\agents\gradle-instrumentation-agent-9.0.0.jar org.gradle.launcher.daemon.bootstrap.GradleDaemon 9.0.0

Host: 11th Gen Intel(R) Core(TM) i7-11370H @ 3.30GHz, 8 cores, 15G,  Windows 11 , 64 bit Build 26100 (10.0.26100.8328)
Time: Fri May  8 20:05:04 2026 India Standard Time elapsed time: 8701.052222 seconds (0d 2h 25m 1s)

---------------  T H R E A D  ---------------

Current thread (0x0000011cf8a18770):  VMThread "VM Thread" [stack: 0x00000011f9b00000,0x00000011f9c00000] [id=24752]

Stack: [0x00000011f9b00000,0x00000011f9c00000]
Native frames: (J=compiled Java code, j=interpreted, Vv=VM code, C=native code)
V  [jvm.dll+0x6846f9]
V  [jvm.dll+0x839ea5]
V  [jvm.dll+0x83b91e]
V  [jvm.dll+0x83bfa3]
V  [jvm.dll+0x248eff]
V  [jvm.dll+0x6814b9]
V  [jvm.dll+0x6762ba]
V  [jvm.dll+0x309257]
V  [jvm.dll+0x310826]
V  [jvm.dll+0x360d9e]
V  [jvm.dll+0x360fdd]
V  [jvm.dll+0x2e02dc]
V  [jvm.dll+0x2de6b2]
V  [jvm.dll+0x2dde4c]
V  [jvm.dll+0x320aeb]
V  [jvm.dll+0x8407bd]
V  [jvm.dll+0x8414f3]
V  [jvm.dll+0x841a1f]
V  [jvm.dll+0x841e05]
V  [jvm.dll+0x841ece]
V  [jvm.dll+0x7eaaec]
V  [jvm.dll+0x6835c7]
C  [ucrtbase.dll+0x37b0]
C  [KERNEL32.DLL+0x2e957]
C  [ntdll.dll+0x427c]

VM_Operation (0x00000011887fc990): G1CollectForAllocation, mode: safepoint, requested by thread 0x0000011c9d5563b0


---------------  P R O C E S S  ---------------

Threads class SMR info:
_java_thread_list=0x0000011ca94cce90, length=180, elements={
0x0000011cd415ee10, 0x0000011cf8a1d520, 0x0000011cf8a1fe00, 0x0000011cf8a30aa0,
0x0000011cf8a31370, 0x0000011cf8a327b0, 0x0000011cf8a38780, 0x0000011cf8a39c40,
0x0000011cf8a3d180, 0x0000011cf8a4c900, 0x0000011cf8a4ce10, 0x0000011cf8a4afb0,
0x0000011cf8a4d320, 0x0000011cf8a4b4c0, 0x0000011cf8a4aaa0, 0x0000011cff5e33e0,
0x0000011cff5e4310, 0x0000011cff5e1070, 0x0000011cff5e29c0, 0x0000011cff5e1580,
0x0000011cff5e4820, 0x0000011cff5e7ac0, 0x0000011cfe8e9920, 0x0000011c9f6f5a00,
0x0000011c9f6f5f10, 0x0000011c9f6f45c0, 0x0000011c9f6f4ad0, 0x0000011c9f6f4fe0,
0x0000011c9be0da70, 0x0000011c9be0e490, 0x0000011cfe8e9e30, 0x0000011cfe8e7fd0,
0x0000011cfe8e89f0, 0x0000011cfe8e8f00, 0x0000011cfe8ea340, 0x0000011cfe8ea850,
0x0000011cfe8ead60, 0x0000011cfe8e75b0, 0x0000011cfe8edaf0, 0x0000011cfe8eb270,
0x0000011cfe8ec6b0, 0x0000011cfe8eb780, 0x0000011cfe8ec1a0, 0x0000011cfe8eef30,
0x0000011cfe8ee000, 0x0000011cfe8ecbc0, 0x0000011cfe8eea20, 0x0000011cfe8ebc90,
0x0000011cfe8ed5e0, 0x0000011cfe8ee510, 0x0000011cfe8ed0d0, 0x0000011ca027c940,
0x0000011ca027e290, 0x0000011ca027e7a0, 0x0000011ca027d360, 0x0000011ca027d870,
0x0000011ca027f1c0, 0x0000011ca02800f0, 0x0000011ca027fbe0, 0x0000011ca027ce50,
0x0000011ca0280600, 0x0000011ca027ecb0, 0x0000011ca0281530, 0x0000011ca0280b10,
0x0000011ca027dd80, 0x0000011ca027f6d0, 0x0000011ca0282970, 0x0000011ca0281f50,
0x0000011ca0281020, 0x0000011ca0282460, 0x0000011ca0283db0, 0x0000011ca02838a0,
0x0000011c9cbb9920, 0x0000011c9cbb75b0, 0x0000011c9cbba850, 0x0000011c9cbb70a0,
0x0000011c9cbbad60, 0x0000011c9cbbb270, 0x0000011c9cbbb780, 0x0000011c9cbb7fd0,
0x0000011c9cbbbc90, 0x0000011c9cbb84e0, 0x0000011c9cbbc1a0, 0x0000011c9cbb89f0,
0x0000011c9cbbc6b0, 0x0000011c9cbbd5e0, 0x0000011c9cbbcbc0, 0x0000011c9cbbd0d0,
0x0000011c9cbbdaf0, 0x0000011c9cbbe000, 0x0000011c9cbbe510, 0x0000011c9cbbea20,
0x0000011cff9bc830, 0x0000011cff9b9590, 0x0000011cff9b9080, 0x0000011cff9bd250,
0x0000011cff9ba9d0, 0x0000011cff9bcd40, 0x0000011cff9bd760, 0x0000011cff9b9fb0,
0x0000011cff9bdc70, 0x0000011cff9be180, 0x0000011cff9be690, 0x0000011cff9baee0,
0x0000011cff9bf5c0, 0x0000011cff9beba0, 0x0000011cff9bf0b0, 0x0000011cff9bfad0,
0x0000011cff9c04f0, 0x0000011cff9c0a00, 0x0000011c9f6f2250, 0x0000011c9f6f0900,
0x0000011c9f6f0e10, 0x0000011c9f6efee0, 0x0000011c9f6f1320, 0x0000011c9f6ef9d0,
0x0000011c9f6f03f0, 0x0000011c9f6f1830, 0x0000011c9f6f1d40, 0x0000011c9f6eeaa0,
0x0000011c9f6f2760, 0x0000011c9f6ef4c0, 0x0000011c9f6eefb0, 0x0000011c9f6f3ba0,
0x0000011c9f6f6420, 0x0000011c9f6f2c70, 0x0000011c9f6f40b0, 0x0000011c9f6f3180,
0x0000011c9f6f3690, 0x0000011cff5e38f0, 0x0000011cff5e4d30, 0x0000011cff5e1a90,
0x0000011cff5e5750, 0x0000011cff5e5c60, 0x0000011cff5e6170, 0x0000011cff5e6680,
0x0000011cff5e2ed0, 0x0000011cff5e75b0, 0x0000011cff5e84e0, 0x0000011cff5e89f0,
0x0000011ca039dfe0, 0x0000011ca039a830, 0x0000011ca039ef10, 0x0000011cf8a4d830,
0x0000011cf8a4dd40, 0x0000011c9be0eeb0, 0x0000011c9be0f3c0, 0x0000011c9be0d560,
0x0000011c9be0df80, 0x0000011c9d5563b0, 0x0000011c9d5577f0, 0x0000011c9d557d00,
0x0000011c9d558210, 0x0000011c9d5572e0, 0x0000011c9d558c30, 0x0000011c9d558720,
0x0000011c9d559650, 0x0000011c9d5568c0, 0x0000011c9d556dd0, 0x0000011c9d559b60,
0x0000011c9d55d310, 0x0000011ca6964a90, 0x0000011ca6964fa0, 0x0000011ca6964580,
0x0000011ca69654b0, 0x0000011ca69663e0, 0x0000011ca6967310, 0x0000011ca69659c0,
0x0000011ca696c410, 0x0000011ca696ce30, 0x0000011ca696d340, 0x0000011ca696d850,
0x0000011ca696dd60, 0x0000011ca696f1a0, 0x0000011ca696e270, 0x0000011ca7db7630,
0x0000011ca696e780, 0x0000011ca696ec90, 0x0000011ca696b9f0, 0x0000011ca696bf00
}

Java Threads: ( => current thread )
  0x0000011cd415ee10 JavaThread "main" [_thread_blocked, id=13888, stack(0x00000011f9500000,0x00000011f9600000)]
  0x0000011cf8a1d520 JavaThread "Reference Handler" daemon [_thread_blocked, id=34064, stack(0x00000011f9c00000,0x00000011f9d00000)]
  0x0000011cf8a1fe00 JavaThread "Finalizer" daemon [_thread_blocked, id=19984, stack(0x00000011f9d00000,0x00000011f9e00000)]
  0x0000011cf8a30aa0 JavaThread "Signal Dispatcher" daemon [_thread_blocked, id=13328, stack(0x00000011f9e00000,0x00000011f9f00000)]
  0x0000011cf8a31370 JavaThread "Attach Listener" daemon [_thread_blocked, id=17760, stack(0x00000011f9f00000,0x00000011fa000000)]
  0x0000011cf8a327b0 JavaThread "Service Thread" daemon [_thread_blocked, id=1536, stack(0x00000011fa000000,0x00000011fa100000)]
  0x0000011cf8a38780 JavaThread "Monitor Deflation Thread" daemon [_thread_blocked, id=1596, stack(0x00000011fa100000,0x00000011fa200000)]
  0x0000011cf8a39c40 JavaThread "C2 CompilerThread0" daemon [_thread_blocked, id=15220, stack(0x00000011fa200000,0x00000011fa300000)]
  0x0000011cf8a3d180 JavaThread "C1 CompilerThread0" daemon [_thread_blocked, id=8460, stack(0x00000011fa300000,0x00000011fa400000)]
  0x0000011cf8a4c900 JavaThread "Sweeper thread" daemon [_thread_blocked, id=7904, stack(0x00000011fa400000,0x00000011fa500000)]
  0x0000011cf8a4ce10 JavaThread "Common-Cleaner" daemon [_thread_blocked, id=33688, stack(0x00000011fa500000,0x00000011fa600000)]
  0x0000011cf8a4afb0 JavaThread "Notification Thread" daemon [_thread_blocked, id=17440, stack(0x00000011fa600000,0x00000011fa700000)]
  0x0000011cf8a4d320 JavaThread "Daemon health stats" [_thread_blocked, id=30212, stack(0x00000011fb000000,0x00000011fb100000)]
  0x0000011cf8a4b4c0 JavaThread "Incoming local TCP Connector on port 52717" [_thread_in_native, id=18340, stack(0x00000011fb100000,0x00000011fb200000)]
  0x0000011cf8a4aaa0 JavaThread "Daemon periodic checks" [_thread_blocked, id=28244, stack(0x00000011fb200000,0x00000011fb300000)]
  0x0000011cff5e33e0 JavaThread "Cache worker for journal cache (C:\Users\hp\.gradle\caches\journal-1)" [_thread_blocked, id=31604, stack(0x00000011fa900000,0x00000011faa00000)]
  0x0000011cff5e4310 JavaThread "File lock request listener" [_thread_in_native, id=18616, stack(0x00000011fba00000,0x00000011fbb00000)]
  0x0000011cff5e1070 JavaThread "Cache worker for file hash cache (C:\Users\hp\.gradle\caches\9.0.0\fileHashes)" [_thread_blocked, id=9516, stack(0x00000011fbb00000,0x00000011fbc00000)]
  0x0000011cff5e29c0 JavaThread "File watcher server" daemon [_thread_blocked, id=31820, stack(0x00000011fc100000,0x00000011fc200000)]
  0x0000011cff5e1580 JavaThread "File watcher consumer" daemon [_thread_blocked, id=23084, stack(0x00000011fc200000,0x00000011fc300000)]
  0x0000011cff5e4820 JavaThread "Cache worker for file content cache (C:\Users\hp\.gradle\caches\9.0.0\fileContent)" [_thread_blocked, id=8300, stack(0x00000011fc400000,0x00000011fc500000)]
  0x0000011cff5e7ac0 JavaThread "jar transforms" [_thread_blocked, id=6908, stack(0x00000011fc800000,0x00000011fc900000)]
  0x0000011cfe8e9920 JavaThread "Memory manager" [_thread_blocked, id=16028, stack(0x00000011fe600000,0x00000011fe700000)]
  0x0000011c9f6f5a00 JavaThread "jar transforms Thread 2" [_thread_blocked, id=26188, stack(0x0000001182d00000,0x0000001182e00000)]
  0x0000011c9f6f5f10 JavaThread "jar transforms Thread 3" [_thread_blocked, id=33660, stack(0x0000001182e00000,0x0000001182f00000)]
  0x0000011c9f6f45c0 JavaThread "jar transforms Thread 4" [_thread_blocked, id=12460, stack(0x0000001183200000,0x0000001183300000)]
  0x0000011c9f6f4ad0 JavaThread "jar transforms Thread 5" [_thread_blocked, id=32408, stack(0x0000001183300000,0x0000001183400000)]
  0x0000011c9f6f4fe0 JavaThread "jar transforms Thread 6" [_thread_blocked, id=14172, stack(0x0000001183400000,0x0000001183500000)]
  0x0000011c9be0da70 JavaThread "jar transforms Thread 7" [_thread_blocked, id=35508, stack(0x0000001183700000,0x0000001183800000)]
  0x0000011c9be0e490 JavaThread "jar transforms Thread 8" [_thread_blocked, id=4796, stack(0x0000001183800000,0x0000001183900000)]
  0x0000011cfe8e9e30 JavaThread "Daemon Thread 3" [_thread_blocked, id=33236, stack(0x0000001180000000,0x0000001180100000)]
  0x0000011cfe8e7fd0 JavaThread "Handler for socket connection from /127.0.0.1:52717 to /127.0.0.1:58825" [_thread_in_native, id=13540, stack(0x0000001180100000,0x0000001180200000)]
  0x0000011cfe8e89f0 JavaThread "Cancel handler" [_thread_blocked, id=16944, stack(0x0000001180200000,0x0000001180300000)]
  0x0000011cfe8e8f00 JavaThread "Daemon worker Thread 3" [_thread_blocked, id=10612, stack(0x0000001180300000,0x0000001180400000)]
  0x0000011cfe8ea340 JavaThread "Asynchronous log dispatcher for DefaultDaemonConnection: socket connection from /127.0.0.1:52717 to /127.0.0.1:58825" [_thread_blocked, id=16924, stack(0x0000001180400000,0x0000001180500000)]
  0x0000011cfe8ea850 JavaThread "Stdin handler" [_thread_blocked, id=31596, stack(0x0000001180500000,0x0000001180600000)]
  0x0000011cfe8ead60 JavaThread "Daemon client event forwarder" [_thread_blocked, id=8132, stack(0x0000001180600000,0x0000001180700000)]
  0x0000011cfe8e75b0 JavaThread "Cache worker for file hash cache (D:\RNProjs\UISApp\GroceryApp\android\.gradle\9.0.0\fileHashes)" [_thread_blocked, id=14992, stack(0x0000001180700000,0x0000001180800000)]
  0x0000011cfe8edaf0 JavaThread "Cache worker for Build Output Cleanup Cache (D:\RNProjs\UISApp\GroceryApp\android\.gradle\buildOutputCleanup)" [_thread_blocked, id=32772, stack(0x0000001180800000,0x0000001180900000)]
  0x0000011cfe8eb270 JavaThread "Cache worker for checksums cache (D:\RNProjs\UISApp\GroceryApp\android\.gradle\9.0.0\checksums)" [_thread_blocked, id=12152, stack(0x0000001180900000,0x0000001180a00000)]
  0x0000011cfe8ec6b0 JavaThread "Cache worker for cache directory md-supplier (C:\Users\hp\.gradle\caches\9.0.0\md-supplier)" [_thread_blocked, id=33044, stack(0x0000001180a00000,0x0000001180b00000)]
  0x0000011cfe8eb780 JavaThread "Cache worker for cache directory md-rule (C:\Users\hp\.gradle\caches\9.0.0\md-rule)" [_thread_blocked, id=23692, stack(0x0000001180b00000,0x0000001180c00000)]
  0x0000011cfe8ec1a0 JavaThread "Cache worker for Build Output Cleanup Cache (D:\RNProjs\UISApp\GroceryApp\node_modules\@react-native\gradle-plugin\.gradle\buildOutputCleanup)" [_thread_blocked, id=4356, stack(0x0000001180c00000,0x0000001180d00000)]
  0x0000011cfe8eef30 JavaThread "Unconstrained build operations" [_thread_blocked, id=17012, stack(0x0000001180d00000,0x0000001180e00000)]
  0x0000011cfe8ee000 JavaThread "Unconstrained build operations Thread 2" [_thread_blocked, id=34224, stack(0x0000001180e00000,0x0000001180f00000)]
  0x0000011cfe8ecbc0 JavaThread "Unconstrained build operations Thread 3" [_thread_blocked, id=24232, stack(0x0000001180f00000,0x0000001181000000)]
  0x0000011cfe8eea20 JavaThread "Unconstrained build operations Thread 4" [_thread_blocked, id=7928, stack(0x0000001181000000,0x0000001181100000)]
  0x0000011cfe8ebc90 JavaThread "Unconstrained build operations Thread 5" [_thread_blocked, id=11624, stack(0x0000001181100000,0x0000001181200000)]
  0x0000011cfe8ed5e0 JavaThread "Unconstrained build operations Thread 6" [_thread_blocked, id=10376, stack(0x0000001181200000,0x0000001181300000)]
  0x0000011cfe8ee510 JavaThread "Unconstrained build operations Thread 7" [_thread_blocked, id=35492, stack(0x0000001181300000,0x0000001181400000)]
  0x0000011cfe8ed0d0 JavaThread "Unconstrained build operations Thread 8" [_thread_blocked, id=10584, stack(0x0000001181400000,0x0000001181500000)]
  0x0000011ca027c940 JavaThread "Unconstrained build operations Thread 9" [_thread_blocked, id=17464, stack(0x0000001181500000,0x0000001181600000)]
  0x0000011ca027e290 JavaThread "Unconstrained build operations Thread 10" [_thread_blocked, id=25744, stack(0x0000001181600000,0x0000001181700000)]
  0x0000011ca027e7a0 JavaThread "Unconstrained build operations Thread 11" [_thread_blocked, id=29672, stack(0x0000001181700000,0x0000001181800000)]
  0x0000011ca027d360 JavaThread "Unconstrained build operations Thread 12" [_thread_blocked, id=15680, stack(0x0000001181800000,0x0000001181900000)]
  0x0000011ca027d870 JavaThread "Unconstrained build operations Thread 13" [_thread_blocked, id=34292, stack(0x0000001181900000,0x0000001181a00000)]
  0x0000011ca027f1c0 JavaThread "Unconstrained build operations Thread 14" [_thread_blocked, id=26596, stack(0x0000001181a00000,0x0000001181b00000)]
  0x0000011ca02800f0 JavaThread "Unconstrained build operations Thread 15" [_thread_blocked, id=27116, stack(0x0000001181b00000,0x0000001181c00000)]
  0x0000011ca027fbe0 JavaThread "Unconstrained build operations Thread 16" [_thread_blocked, id=14668, stack(0x0000001181c00000,0x0000001181d00000)]
  0x0000011ca027ce50 JavaThread "Unconstrained build operations Thread 17" [_thread_blocked, id=20172, stack(0x0000001181d00000,0x0000001181e00000)]
  0x0000011ca0280600 JavaThread "Unconstrained build operations Thread 18" [_thread_blocked, id=13944, stack(0x0000001181e00000,0x0000001181f00000)]
  0x0000011ca027ecb0 JavaThread "build event listener" [_thread_blocked, id=17176, stack(0x0000001182000000,0x0000001182100000)]
  0x0000011ca0281530 JavaThread "ForkJoinPool.commonPool-worker-15" daemon [_thread_blocked, id=32884, stack(0x0000001182100000,0x0000001182200000)]
  0x0000011ca0280b10 JavaThread "ForkJoinPool.commonPool-worker-16" daemon [_thread_blocked, id=28248, stack(0x0000001182200000,0x0000001182300000)]
  0x0000011ca027dd80 JavaThread "ForkJoinPool.commonPool-worker-17" daemon [_thread_blocked, id=17524, stack(0x0000001182300000,0x0000001182400000)]
  0x0000011ca027f6d0 JavaThread "ForkJoinPool.commonPool-worker-18" daemon [_thread_blocked, id=29448, stack(0x0000001182400000,0x0000001182500000)]
  0x0000011ca0282970 JavaThread "ForkJoinPool.commonPool-worker-19" daemon [_thread_blocked, id=29164, stack(0x0000001182500000,0x0000001182600000)]
  0x0000011ca0281f50 JavaThread "ForkJoinPool.commonPool-worker-20" daemon [_thread_blocked, id=11208, stack(0x0000001182600000,0x0000001182700000)]
  0x0000011ca0281020 JavaThread "ForkJoinPool.commonPool-worker-21" daemon [_thread_blocked, id=18548, stack(0x0000001182700000,0x0000001182800000)]
  0x0000011ca0282460 JavaThread "included builds" [_thread_blocked, id=24116, stack(0x0000001182800000,0x0000001182900000)]
  0x0000011ca0283db0 JavaThread "Execution worker" [_thread_blocked, id=28464, stack(0x0000001182900000,0x0000001182a00000)]
  0x0000011ca02838a0 JavaThread "Execution worker Thread 2" [_thread_blocked, id=2560, stack(0x0000001182a00000,0x0000001182b00000)]
  0x0000011c9cbb9920 JavaThread "Execution worker Thread 3" [_thread_blocked, id=28820, stack(0x0000001182b00000,0x0000001182c00000)]
  0x0000011c9cbb75b0 JavaThread "Execution worker Thread 4" [_thread_blocked, id=31564, stack(0x0000001182c00000,0x0000001182d00000)]
  0x0000011c9cbba850 JavaThread "Execution worker Thread 5" [_thread_blocked, id=34388, stack(0x0000001182f00000,0x0000001183000000)]
  0x0000011c9cbb70a0 JavaThread "Execution worker Thread 6" [_thread_blocked, id=31664, stack(0x0000001183000000,0x0000001183100000)]
  0x0000011c9cbbad60 JavaThread "Execution worker Thread 7" [_thread_blocked, id=9616, stack(0x0000001183100000,0x0000001183200000)]
  0x0000011c9cbbb270 JavaThread "Cache worker for execution history cache (D:\RNProjs\UISApp\GroceryApp\node_modules\@react-native\gradle-plugin\.gradle\9.0.0\executionHistory)" [_thread_blocked, id=17868, stack(0x0000001183500000,0x0000001183600000)]
  0x0000011c9cbbb780 JavaThread "Unconstrained build operations Thread 19" [_thread_blocked, id=11744, stack(0x0000001183600000,0x0000001183700000)]
  0x0000011c9cbb7fd0 JavaThread "Unconstrained build operations Thread 20" [_thread_blocked, id=26768, stack(0x0000001183900000,0x0000001183a00000)]
  0x0000011c9cbbbc90 JavaThread "Unconstrained build operations Thread 21" [_thread_blocked, id=1552, stack(0x0000001183a00000,0x0000001183b00000)]
  0x0000011c9cbb84e0 JavaThread "Unconstrained build operations Thread 22" [_thread_blocked, id=7008, stack(0x0000001183b00000,0x0000001183c00000)]
  0x0000011c9cbbc1a0 JavaThread "Unconstrained build operations Thread 23" [_thread_blocked, id=11764, stack(0x0000001183c00000,0x0000001183d00000)]
  0x0000011c9cbb89f0 JavaThread "Unconstrained build operations Thread 24" [_thread_blocked, id=21904, stack(0x0000001183d00000,0x0000001183e00000)]
  0x0000011c9cbbc6b0 JavaThread "Unconstrained build operations Thread 25" [_thread_blocked, id=17688, stack(0x0000001183e00000,0x0000001183f00000)]
  0x0000011c9cbbd5e0 JavaThread "Unconstrained build operations Thread 26" [_thread_blocked, id=18892, stack(0x0000001183f00000,0x0000001184000000)]
  0x0000011c9cbbcbc0 JavaThread "Unconstrained build operations Thread 27" [_thread_blocked, id=7108, stack(0x0000001184000000,0x0000001184100000)]
  0x0000011c9cbbd0d0 JavaThread "Unconstrained build operations Thread 28" [_thread_blocked, id=26236, stack(0x0000001184100000,0x0000001184200000)]
  0x0000011c9cbbdaf0 JavaThread "Unconstrained build operations Thread 29" [_thread_blocked, id=22392, stack(0x0000001184400000,0x0000001184500000)]
  0x0000011c9cbbe000 JavaThread "Unconstrained build operations Thread 30" [_thread_blocked, id=25064, stack(0x0000001184500000,0x0000001184600000)]
  0x0000011c9cbbe510 JavaThread "Unconstrained build operations Thread 31" [_thread_blocked, id=11452, stack(0x0000001184600000,0x0000001184700000)]
  0x0000011c9cbbea20 JavaThread "Unconstrained build operations Thread 32" [_thread_blocked, id=32092, stack(0x0000001184700000,0x0000001184800000)]
  0x0000011cff9bc830 JavaThread "Unconstrained build operations Thread 33" [_thread_blocked, id=25680, stack(0x0000001184800000,0x0000001184900000)]
  0x0000011cff9b9590 JavaThread "Unconstrained build operations Thread 34" [_thread_blocked, id=9440, stack(0x0000001184900000,0x0000001184a00000)]
  0x0000011cff9b9080 JavaThread "Unconstrained build operations Thread 35" [_thread_blocked, id=27376, stack(0x0000001184a00000,0x0000001184b00000)]
  0x0000011cff9bd250 JavaThread "Unconstrained build operations Thread 36" [_thread_blocked, id=7408, stack(0x0000001184b00000,0x0000001184c00000)]
  0x0000011cff9ba9d0 JavaThread "Unconstrained build operations Thread 37" [_thread_blocked, id=8020, stack(0x0000001184c00000,0x0000001184d00000)]
  0x0000011cff9bcd40 JavaThread "Unconstrained build operations Thread 38" [_thread_blocked, id=34036, stack(0x0000001184d00000,0x0000001184e00000)]
  0x0000011cff9bd760 JavaThread "Unconstrained build operations Thread 39" [_thread_blocked, id=11104, stack(0x0000001184e00000,0x0000001184f00000)]
  0x0000011cff9b9fb0 JavaThread "Unconstrained build operations Thread 40" [_thread_blocked, id=6496, stack(0x0000001184f00000,0x0000001185000000)]
  0x0000011cff9bdc70 JavaThread "Unconstrained build operations Thread 41" [_thread_blocked, id=35416, stack(0x0000001185000000,0x0000001185100000)]
  0x0000011cff9be180 JavaThread "Unconstrained build operations Thread 42" [_thread_blocked, id=22548, stack(0x0000001185100000,0x0000001185200000)]
  0x0000011cff9be690 JavaThread "Unconstrained build operations Thread 43" [_thread_blocked, id=13504, stack(0x0000001185200000,0x0000001185300000)]
  0x0000011cff9baee0 JavaThread "Unconstrained build operations Thread 44" [_thread_blocked, id=15052, stack(0x0000001185300000,0x0000001185400000)]
  0x0000011cff9bf5c0 JavaThread "Unconstrained build operations Thread 45" [_thread_blocked, id=26296, stack(0x0000001185400000,0x0000001185500000)]
  0x0000011cff9beba0 JavaThread "Unconstrained build operations Thread 46" [_thread_blocked, id=11604, stack(0x0000001185500000,0x0000001185600000)]
  0x0000011cff9bf0b0 JavaThread "Unconstrained build operations Thread 47" [_thread_blocked, id=17068, stack(0x0000001185600000,0x0000001185700000)]
  0x0000011cff9bfad0 JavaThread "Exec process Thread 10" [_thread_blocked, id=11760, stack(0x0000001185700000,0x0000001185800000)]
  0x0000011cff9c04f0 JavaThread "Exec process Thread 11" [_thread_blocked, id=30648, stack(0x0000001185800000,0x0000001185900000)]
  0x0000011cff9c0a00 JavaThread "Exec process Thread 12" [_thread_blocked, id=14468, stack(0x0000001185900000,0x0000001185a00000)]
  0x0000011c9f6f2250 JavaThread "Unconstrained build operations Thread 48" [_thread_blocked, id=31968, stack(0x0000001181f00000,0x0000001182000000)]
  0x0000011c9f6f0900 JavaThread "Unconstrained build operations Thread 49" [_thread_blocked, id=33992, stack(0x0000001185a00000,0x0000001185b00000)]
  0x0000011c9f6f0e10 JavaThread "Unconstrained build operations Thread 50" [_thread_blocked, id=27064, stack(0x0000001185b00000,0x0000001185c00000)]
  0x0000011c9f6efee0 JavaThread "Unconstrained build operations Thread 51" [_thread_blocked, id=8868, stack(0x0000001185c00000,0x0000001185d00000)]
  0x0000011c9f6f1320 JavaThread "Unconstrained build operations Thread 52" [_thread_blocked, id=35400, stack(0x0000001185d00000,0x0000001185e00000)]
  0x0000011c9f6ef9d0 JavaThread "Unconstrained build operations Thread 53" [_thread_blocked, id=29420, stack(0x0000001185e00000,0x0000001185f00000)]
  0x0000011c9f6f03f0 JavaThread "Unconstrained build operations Thread 54" [_thread_blocked, id=21400, stack(0x0000001185f00000,0x0000001186000000)]
  0x0000011c9f6f1830 JavaThread "Unconstrained build operations Thread 55" [_thread_blocked, id=10724, stack(0x0000001186100000,0x0000001186200000)]
  0x0000011c9f6f1d40 JavaThread "Unconstrained build operations Thread 56" [_thread_blocked, id=11688, stack(0x0000001186200000,0x0000001186300000)]
  0x0000011c9f6eeaa0 JavaThread "Unconstrained build operations Thread 57" [_thread_blocked, id=30972, stack(0x0000001186300000,0x0000001186400000)]
  0x0000011c9f6f2760 JavaThread "Unconstrained build operations Thread 58" [_thread_blocked, id=11164, stack(0x0000001186400000,0x0000001186500000)]
  0x0000011c9f6ef4c0 JavaThread "Unconstrained build operations Thread 59" [_thread_blocked, id=4624, stack(0x0000001186500000,0x0000001186600000)]
  0x0000011c9f6eefb0 JavaThread "Unconstrained build operations Thread 60" [_thread_blocked, id=11072, stack(0x0000001186600000,0x0000001186700000)]
  0x0000011c9f6f3ba0 JavaThread "Unconstrained build operations Thread 61" [_thread_blocked, id=14556, stack(0x0000001186700000,0x0000001186800000)]
  0x0000011c9f6f6420 JavaThread "Unconstrained build operations Thread 62" [_thread_blocked, id=13420, stack(0x0000001186800000,0x0000001186900000)]
  0x0000011c9f6f2c70 JavaThread "Unconstrained build operations Thread 63" [_thread_blocked, id=20592, stack(0x0000001186900000,0x0000001186a00000)]
  0x0000011c9f6f40b0 JavaThread "Unconstrained build operations Thread 64" [_thread_blocked, id=27684, stack(0x0000001186a00000,0x0000001186b00000)]
  0x0000011c9f6f3180 JavaThread "Unconstrained build operations Thread 65" [_thread_blocked, id=34392, stack(0x0000001186b00000,0x0000001186c00000)]
  0x0000011c9f6f3690 JavaThread "Unconstrained build operations Thread 66" [_thread_blocked, id=24508, stack(0x0000001186c00000,0x0000001186d00000)]
  0x0000011cff5e38f0 JavaThread "Unconstrained build operations Thread 67" [_thread_blocked, id=18748, stack(0x0000001186d00000,0x0000001186e00000)]
  0x0000011cff5e4d30 JavaThread "Unconstrained build operations Thread 68" [_thread_blocked, id=22592, stack(0x0000001186e00000,0x0000001186f00000)]
  0x0000011cff5e1a90 JavaThread "build event listener" [_thread_blocked, id=29152, stack(0x0000001186f00000,0x0000001187000000)]
  0x0000011cff5e5750 JavaThread "Problems report writer" [_thread_blocked, id=19492, stack(0x0000001186000000,0x0000001186100000)]
  0x0000011cff5e5c60 JavaThread "Unconstrained build operations Thread 69" [_thread_blocked, id=4348, stack(0x0000001187000000,0x0000001187100000)]
  0x0000011cff5e6170 JavaThread "Unconstrained build operations Thread 70" [_thread_blocked, id=14772, stack(0x0000001187100000,0x0000001187200000)]
  0x0000011cff5e6680 JavaThread "Unconstrained build operations Thread 71" [_thread_blocked, id=33456, stack(0x0000001187200000,0x0000001187300000)]
  0x0000011cff5e2ed0 JavaThread "Unconstrained build operations Thread 72" [_thread_blocked, id=16056, stack(0x0000001187300000,0x0000001187400000)]
  0x0000011cff5e75b0 JavaThread "Unconstrained build operations Thread 73" [_thread_blocked, id=15596, stack(0x0000001187400000,0x0000001187500000)]
  0x0000011cff5e84e0 JavaThread "Unconstrained build operations Thread 74" [_thread_blocked, id=23172, stack(0x0000001187500000,0x0000001187600000)]
  0x0000011cff5e89f0 JavaThread "Unconstrained build operations Thread 75" [_thread_blocked, id=7704, stack(0x0000001187600000,0x0000001187700000)]
  0x0000011ca039dfe0 JavaThread "Unconstrained build operations Thread 76" [_thread_blocked, id=29252, stack(0x0000001187800000,0x0000001187900000)]
  0x0000011ca039a830 JavaThread "Unconstrained build operations Thread 77" [_thread_blocked, id=10180, stack(0x0000001187a00000,0x0000001187b00000)]
  0x0000011ca039ef10 JavaThread "Unconstrained build operations Thread 78" [_thread_blocked, id=15744, stack(0x0000001187b00000,0x0000001187c00000)]
  0x0000011cf8a4d830 JavaThread "Unconstrained build operations Thread 79" [_thread_blocked, id=3680, stack(0x0000001187c00000,0x0000001187d00000)]
  0x0000011cf8a4dd40 JavaThread "Unconstrained build operations Thread 80" [_thread_blocked, id=31160, stack(0x0000001188000000,0x0000001188100000)]
  0x0000011c9be0eeb0 JavaThread "Cache worker for execution history cache (D:\RNProjs\UISApp\GroceryApp\android\.gradle\9.0.0\executionHistory)" [_thread_blocked, id=34592, stack(0x0000001188300000,0x0000001188400000)]
  0x0000011c9be0f3c0 JavaThread "Exec process Thread 13" [_thread_blocked, id=5212, stack(0x0000001188400000,0x0000001188500000)]
  0x0000011c9be0d560 JavaThread "Exec process Thread 14" [_thread_blocked, id=22464, stack(0x0000001188500000,0x0000001188600000)]
  0x0000011c9be0df80 JavaThread "Exec process Thread 15" [_thread_blocked, id=24568, stack(0x0000001188600000,0x0000001188700000)]
  0x0000011c9d5563b0 JavaThread "WorkerExecutor Queue" [_thread_blocked, id=12532, stack(0x0000001188700000,0x0000001188800000)]
  0x0000011c9d5577f0 JavaThread "WorkerExecutor Queue Thread 2" [_thread_blocked, id=34088, stack(0x0000001188800000,0x0000001188900000)]
  0x0000011c9d557d00 JavaThread "WorkerExecutor Queue Thread 3" [_thread_blocked, id=8624, stack(0x0000001188900000,0x0000001188a00000)]
  0x0000011c9d558210 JavaThread "WorkerExecutor Queue Thread 4" [_thread_blocked, id=28856, stack(0x0000001188a00000,0x0000001188b00000)]
  0x0000011c9d5572e0 JavaThread "WorkerExecutor Queue Thread 5" [_thread_blocked, id=26516, stack(0x0000001188b00000,0x0000001188c00000)]
  0x0000011c9d558c30 JavaThread "WorkerExecutor Queue Thread 6" [_thread_blocked, id=26136, stack(0x0000001188c00000,0x0000001188d00000)]
  0x0000011c9d558720 JavaThread "WorkerExecutor Queue Thread 7" [_thread_blocked, id=28500, stack(0x0000001188d00000,0x0000001188e00000)]
  0x0000011c9d559650 JavaThread "WorkerExecutor Queue Thread 8" [_thread_blocked, id=23716, stack(0x0000001188e00000,0x0000001188f00000)]
  0x0000011c9d5568c0 JavaThread "Exec process Thread 16" [_thread_blocked, id=11036, stack(0x0000001188f00000,0x0000001189000000)]
  0x0000011c9d556dd0 JavaThread "Exec process Thread 17" [_thread_blocked, id=13968, stack(0x0000001189000000,0x0000001189100000)]
  0x0000011c9d559b60 JavaThread "Exec process Thread 18" [_thread_blocked, id=11852, stack(0x0000001189100000,0x0000001189200000)]
  0x0000011c9d55d310 JavaThread "Cache worker for Java compile cache (C:\Users\hp\.gradle\caches\9.0.0\javaCompile)" [_thread_blocked, id=15308, stack(0x0000001188200000,0x0000001188300000)]
  0x0000011ca6964a90 JavaThread "Build operations" [_thread_blocked, id=30736, stack(0x0000001189300000,0x0000001189400000)]
  0x0000011ca6964fa0 JavaThread "Build operations Thread 2" [_thread_blocked, id=33636, stack(0x0000001189400000,0x0000001189500000)]
  0x0000011ca6964580 JavaThread "Build operations Thread 3" [_thread_blocked, id=33520, stack(0x0000001189500000,0x0000001189600000)]
  0x0000011ca69654b0 JavaThread "Build operations Thread 4" [_thread_blocked, id=32796, stack(0x0000001189600000,0x0000001189700000)]
  0x0000011ca69663e0 JavaThread "Build operations Thread 5" [_thread_blocked, id=27744, stack(0x0000001189700000,0x0000001189800000)]
  0x0000011ca6967310 JavaThread "Build operations Thread 6" [_thread_blocked, id=1296, stack(0x0000001189800000,0x0000001189900000)]
  0x0000011ca69659c0 JavaThread "Build operations Thread 7" [_thread_blocked, id=9196, stack(0x0000001189900000,0x0000001189a00000)]
  0x0000011ca696c410 JavaThread "pool-7-thread-1" [_thread_blocked, id=34440, stack(0x0000001189c00000,0x0000001189d00000)]
  0x0000011ca696ce30 JavaThread "stderr" [_thread_in_native, id=20528, stack(0x0000001189d00000,0x0000001189e00000)]
  0x0000011ca696d340 JavaThread "stdout" [_thread_in_native, id=18584, stack(0x0000001189e00000,0x0000001189f00000)]
  0x0000011ca696d850 JavaThread "ForkJoinPool-1-worker-1" daemon [_thread_blocked, id=24712, stack(0x0000001187700000,0x0000001187800000)]
  0x0000011ca696dd60 JavaThread "ForkJoinPool-1-worker-2" daemon [_thread_blocked, id=34936, stack(0x0000001189b00000,0x0000001189c00000)]
  0x0000011ca696f1a0 JavaThread "ForkJoinPool-1-worker-3" daemon [_thread_blocked, id=3544, stack(0x0000001189f00000,0x000000118a000000)]
  0x0000011ca696e270 JavaThread "ForkJoinPool-1-worker-4" daemon [_thread_blocked, id=26716, stack(0x000000118a000000,0x000000118a100000)]
  0x0000011ca7db7630 JavaThread "C2 CompilerThread1" daemon [_thread_blocked, id=34428, stack(0x000000118a100000,0x000000118a200000)]
  0x0000011ca696e780 JavaThread "ForkJoinPool-1-worker-5" daemon [_thread_blocked, id=26696, stack(0x000000118a200000,0x000000118a300000)]
  0x0000011ca696ec90 JavaThread "ForkJoinPool-1-worker-6" daemon [_thread_blocked, id=18408, stack(0x000000118a300000,0x000000118a400000)]
  0x0000011ca696b9f0 JavaThread "ForkJoinPool-1-worker-7" daemon [_thread_blocked, id=35208, stack(0x000000118a400000,0x000000118a500000)]
  0x0000011ca696bf00 JavaThread "ForkJoinPool-1-worker-8" daemon [_thread_blocked, id=25752, stack(0x000000118a500000,0x000000118a600000)]

Other Threads:
=>0x0000011cf8a18770 VMThread "VM Thread" [stack: 0x00000011f9b00000,0x00000011f9c00000] [id=24752]
  0x0000011cf94088c0 WatcherThread [stack: 0x00000011fa700000,0x00000011fa800000] [id=35456]
  0x0000011cd41d0e50 GCTaskThread "GC Thread#0" [stack: 0x00000011f9600000,0x00000011f9700000] [id=17188]
  0x0000011cf9e5c8a0 GCTaskThread "GC Thread#1" [stack: 0x00000011faa00000,0x00000011fab00000] [id=18188]
  0x0000011cf999be70 GCTaskThread "GC Thread#2" [stack: 0x00000011fab00000,0x00000011fac00000] [id=24432]
  0x0000011cf990c710 GCTaskThread "GC Thread#3" [stack: 0x00000011fac00000,0x00000011fad00000] [id=4372]
  0x0000011cf9523c10 GCTaskThread "GC Thread#4" [stack: 0x00000011fad00000,0x00000011fae00000] [id=2956]
  0x0000011cf98848a0 GCTaskThread "GC Thread#5" [stack: 0x00000011fae00000,0x00000011faf00000] [id=13268]
  0x0000011cf9ae0160 GCTaskThread "GC Thread#6" [stack: 0x00000011faf00000,0x00000011fb000000] [id=35804]
  0x0000011cf9ae0f20 GCTaskThread "GC Thread#7" [stack: 0x00000011fbd00000,0x00000011fbe00000] [id=15412]
  0x0000011cd41e2f90 ConcurrentGCThread "G1 Main Marker" [stack: 0x00000011f9700000,0x00000011f9800000] [id=32668]
  0x0000011cd41e4060 ConcurrentGCThread "G1 Conc#0" [stack: 0x00000011f9800000,0x00000011f9900000] [id=27972]
  0x0000011cfff521f0 ConcurrentGCThread "G1 Conc#1" [stack: 0x00000011fbe00000,0x00000011fbf00000] [id=21168]
  0x0000011cd420d6a0 ConcurrentGCThread "G1 Refine#0" [stack: 0x00000011f9900000,0x00000011f9a00000] [id=6912]
  0x0000011c9cf9b770 ConcurrentGCThread "G1 Refine#1" [stack: 0x00000011fc500000,0x00000011fc600000] [id=34828]
  0x0000011c9f912570 ConcurrentGCThread "G1 Refine#2" [stack: 0x0000001184200000,0x0000001184300000] [id=2448]
  0x0000011c9f913710 ConcurrentGCThread "G1 Refine#3" [stack: 0x0000001184300000,0x0000001184400000] [id=31912]
  0x0000011c9d5656e0 ConcurrentGCThread "G1 Refine#4" [stack: 0x0000001187900000,0x0000001187a00000] [id=20788]
  0x0000011c9d566b70 ConcurrentGCThread "G1 Refine#5" [stack: 0x0000001187d00000,0x0000001187e00000] [id=9796]
  0x0000011c9f9142d0 ConcurrentGCThread "G1 Refine#6" [stack: 0x0000001187e00000,0x0000001187f00000] [id=31784]
  0x0000011c9cf9abb0 ConcurrentGCThread "G1 Refine#7" [stack: 0x0000001187f00000,0x0000001188000000] [id=32732]
  0x0000011cf8951ee0 ConcurrentGCThread "G1 Service" [stack: 0x00000011f9a00000,0x00000011f9b00000] [id=29544]

Threads with active compile tasks:
C2 CompilerThread0  8701095 42341       4       com.android.tools.r8.internal.Qc::a (117 bytes)
C2 CompilerThread1  8701095 42355   !   4       com.android.tools.r8.internal.Yi::a (948 bytes)

VM state: at safepoint (normal execution)

VM Mutex/Monitor currently owned by a thread:  ([mutex/lock_event])
[0x0000011cd415a990] Threads_lock - owner thread: 0x0000011cf8a18770
[0x0000011cd415b290] Heap_lock - owner thread: 0x0000011c9d5563b0

Heap address: 0x0000000700000000, size: 4096 MB, Compressed Oops mode: Zero based, Oop shift amount: 3

CDS archive(s) mapped at: [0x0000011c80000000-0x0000011c80bb0000-0x0000011c80bb0000), size 12255232, SharedBaseAddress: 0x0000011c80000000, ArchiveRelocationMode: 1.
Compressed class space mapped at: 0x0000011c81000000-0x0000011c9b000000, reserved size: 436207616
Narrow klass base: 0x0000011c80000000, Narrow klass shift: 0, Narrow klass range: 0x100000000

GC Precious Log:
 CPUs: 8 total, 8 available
 Memory: 16129M
 Large Page Support: Disabled
 NUMA Support: Disabled
 Compressed Oops: Enabled (Zero based)
 Heap Region Size: 2M
 Heap Min Capacity: 8M
 Heap Initial Capacity: 254M
 Heap Max Capacity: 4G
 Pre-touch: Disabled
 Parallel Workers: 8
 Concurrent Workers: 2
 Concurrent Refinement Workers: 8
 Periodic GC: Disabled

Heap:
 garbage-first heap   total 1181696K, used 692810K [0x0000000700000000, 0x0000000800000000)
  region size 2048K, 4 young (8192K), 4 survivors (8192K)
 Metaspace       used 189219K, committed 192576K, reserved 622592K
  class space    used 25269K, committed 26752K, reserved 425984K

Heap Regions: E=young(eden), S=young(survivor), O=old, HS=humongous(starts), HC=humongous(continues), CS=collection set, F=free, OA=open archive, CA=closed archive, TAMS=top-at-mark-start (previous, next)
|   0|0x0000000700000000, 0x0000000700200000, 0x0000000700200000|100%|HS|  |TAMS 0x0000000700200000, 0x0000000700000000| Complete 
|   1|0x0000000700200000, 0x0000000700400000, 0x0000000700400000|100%|HC|  |TAMS 0x0000000700400000, 0x0000000700200000| Complete 
|   2|0x0000000700400000, 0x0000000700600000, 0x0000000700600000|100%| O|  |TAMS 0x0000000700600000, 0x0000000700400000| Untracked 
|   3|0x0000000700600000, 0x0000000700800000, 0x0000000700800000|100%| O|  |TAMS 0x0000000700800000, 0x0000000700600000| Untracked 
|   4|0x0000000700800000, 0x0000000700a00000, 0x0000000700a00000|100%| O|  |TAMS 0x0000000700a00000, 0x0000000700800000| Untracked 
|   5|0x0000000700a00000, 0x0000000700c00000, 0x0000000700c00000|100%| O|  |TAMS 0x0000000700c00000, 0x0000000700a00000| Untracked 
|   6|0x0000000700c00000, 0x0000000700e00000, 0x0000000700e00000|100%| O|  |TAMS 0x0000000700e00000, 0x0000000700c00000| Untracked 
|   7|0x0000000700e00000, 0x0000000701000000, 0x0000000701000000|100%| O|  |TAMS 0x0000000701000000, 0x0000000700e00000| Untracked 
|   8|0x0000000701000000, 0x0000000701200000, 0x0000000701200000|100%| O|  |TAMS 0x0000000701200000, 0x0000000701000000| Untracked 
|   9|0x0000000701200000, 0x0000000701400000, 0x0000000701400000|100%| O|  |TAMS 0x0000000701400000, 0x0000000701200000| Untracked 
|  10|0x0000000701400000, 0x0000000701600000, 0x0000000701600000|100%| O|  |TAMS 0x0000000701600000, 0x0000000701400000| Untracked 
|  11|0x0000000701600000, 0x0000000701800000, 0x0000000701800000|100%| O|  |TAMS 0x0000000701800000, 0x0000000701600000| Untracked 
|  12|0x0000000701800000, 0x0000000701a00000, 0x0000000701a00000|100%| O|  |TAMS 0x0000000701a00000, 0x0000000701800000| Untracked 
|  13|0x0000000701a00000, 0x0000000701c00000, 0x0000000701c00000|100%| O|  |TAMS 0x0000000701c00000, 0x0000000701a00000| Untracked 
|  14|0x0000000701c00000, 0x0000000701e00000, 0x0000000701e00000|100%| O|  |TAMS 0x0000000701e00000, 0x0000000701c00000| Untracked 
|  15|0x0000000701e00000, 0x0000000702000000, 0x0000000702000000|100%| O|  |TAMS 0x0000000702000000, 0x0000000701e00000| Untracked 
|  16|0x0000000702000000, 0x0000000702200000, 0x0000000702200000|100%| O|  |TAMS 0x0000000702200000, 0x0000000702000000| Untracked 
|  17|0x0000000702200000, 0x0000000702400000, 0x0000000702400000|100%| O|  |TAMS 0x0000000702400000, 0x0000000702200000| Untracked 
|  18|0x0000000702400000, 0x0000000702600000, 0x0000000702600000|100%| O|  |TAMS 0x0000000702600000, 0x0000000702400000| Untracked 
|  19|0x0000000702600000, 0x0000000702800000, 0x0000000702800000|100%| O|  |TAMS 0x0000000702800000, 0x0000000702600000| Untracked 
|  20|0x0000000702800000, 0x0000000702a00000, 0x0000000702a00000|100%|HS|  |TAMS 0x0000000702a00000, 0x0000000702800000| Complete 
|  21|0x0000000702a00000, 0x0000000702c00000, 0x0000000702c00000|100%|HC|  |TAMS 0x0000000702c00000, 0x0000000702a00000| Complete 
|  22|0x0000000702c00000, 0x0000000702e00000, 0x0000000702e00000|100%|HS|  |TAMS 0x0000000702e00000, 0x0000000702c00000| Complete 
|  23|0x0000000702e00000, 0x0000000703000000, 0x0000000703000000|100%|HC|  |TAMS 0x0000000703000000, 0x0000000702e00000| Complete 
|  24|0x0000000703000000, 0x0000000703200000, 0x0000000703200000|100%| O|  |TAMS 0x0000000703200000, 0x0000000703000000| Complete 
|  25|0x0000000703200000, 0x0000000703400000, 0x0000000703400000|100%| O|  |TAMS 0x0000000703400000, 0x0000000703200000| Untracked 
|  26|0x0000000703400000, 0x0000000703600000, 0x0000000703600000|100%| O|  |TAMS 0x0000000703600000, 0x0000000703400000| Untracked 
|  27|0x0000000703600000, 0x0000000703800000, 0x0000000703800000|100%| O|  |TAMS 0x0000000703800000, 0x0000000703600000| Untracked 
|  28|0x0000000703800000, 0x0000000703a00000, 0x0000000703a00000|100%| O|  |TAMS 0x0000000703a00000, 0x0000000703800000| Untracked 
|  29|0x0000000703a00000, 0x0000000703c00000, 0x0000000703c00000|100%| O|  |TAMS 0x0000000703c00000, 0x0000000703a00000| Untracked 
|  30|0x0000000703c00000, 0x0000000703e00000, 0x0000000703e00000|100%| O|  |TAMS 0x0000000703e00000, 0x0000000703c00000| Untracked 
|  31|0x0000000703e00000, 0x0000000704000000, 0x0000000704000000|100%| O|  |TAMS 0x0000000704000000, 0x0000000703e00000| Untracked 
|  32|0x0000000704000000, 0x0000000704200000, 0x0000000704200000|100%| O|  |TAMS 0x0000000704200000, 0x0000000704000000| Untracked 
|  33|0x0000000704200000, 0x0000000704400000, 0x0000000704400000|100%| O|  |TAMS 0x0000000704400000, 0x0000000704200000| Complete 
|  34|0x0000000704400000, 0x0000000704600000, 0x0000000704600000|100%| O|  |TAMS 0x0000000704600000, 0x0000000704400000| Untracked 
|  35|0x0000000704600000, 0x0000000704600000, 0x0000000704800000|  0%| F|  |TAMS 0x0000000704600000, 0x0000000704600000| Untracked 
|  36|0x0000000704800000, 0x0000000704a00000, 0x0000000704a00000|100%| O|  |TAMS 0x0000000704a00000, 0x0000000704800000| Untracked 
|  37|0x0000000704a00000, 0x0000000704c00000, 0x0000000704c00000|100%| O|  |TAMS 0x0000000704c00000, 0x0000000704a00000| Untracked 
|  38|0x0000000704c00000, 0x0000000704e00000, 0x0000000704e00000|100%| O|  |TAMS 0x0000000704e00000, 0x0000000704c00000| Untracked 
|  39|0x0000000704e00000, 0x0000000705000000, 0x0000000705000000|100%| O|  |TAMS 0x0000000705000000, 0x0000000704e00000| Complete 
|  40|0x0000000705000000, 0x0000000705200000, 0x0000000705200000|100%| O|  |TAMS 0x0000000705200000, 0x0000000705000000| Complete 
|  41|0x0000000705200000, 0x0000000705400000, 0x0000000705400000|100%| O|  |TAMS 0x0000000705400000, 0x0000000705200000| Complete 
|  42|0x0000000705400000, 0x0000000705600000, 0x0000000705600000|100%| O|  |TAMS 0x0000000705600000, 0x0000000705400000| Untracked 
|  43|0x0000000705600000, 0x0000000705800000, 0x0000000705800000|100%| O|  |TAMS 0x0000000705800000, 0x0000000705600000| Untracked 
|  44|0x0000000705800000, 0x0000000705a00000, 0x0000000705a00000|100%| O|  |TAMS 0x0000000705a00000, 0x0000000705800000| Untracked 
|  45|0x0000000705a00000, 0x0000000705c00000, 0x0000000705c00000|100%| O|  |TAMS 0x0000000705c00000, 0x0000000705a00000| Complete 
|  46|0x0000000705c00000, 0x0000000705e00000, 0x0000000705e00000|100%|HS|  |TAMS 0x0000000705e00000, 0x0000000705c00000| Complete 
|  47|0x0000000705e00000, 0x0000000706000000, 0x0000000706000000|100%|HC|  |TAMS 0x0000000706000000, 0x0000000705e00000| Complete 
|  48|0x0000000706000000, 0x0000000706200000, 0x0000000706200000|100%| O|  |TAMS 0x0000000706200000, 0x0000000706000000| Complete 
|  49|0x0000000706200000, 0x0000000706400000, 0x0000000706400000|100%| O|  |TAMS 0x0000000706400000, 0x0000000706200000| Complete 
|  50|0x0000000706400000, 0x0000000706600000, 0x0000000706600000|100%| O|  |TAMS 0x0000000706600000, 0x0000000706400000| Untracked 
|  51|0x0000000706600000, 0x0000000706800000, 0x0000000706800000|100%| O|  |TAMS 0x0000000706800000, 0x0000000706600000| Untracked 
|  52|0x0000000706800000, 0x0000000706a00000, 0x0000000706a00000|100%| O|  |TAMS 0x0000000706a00000, 0x0000000706800000| Untracked 
|  53|0x0000000706a00000, 0x0000000706c00000, 0x0000000706c00000|100%| O|  |TAMS 0x0000000706c00000, 0x0000000706a00000| Untracked 
|  54|0x0000000706c00000, 0x0000000706e00000, 0x0000000706e00000|100%| O|  |TAMS 0x0000000706e00000, 0x0000000706c00000| Untracked 
|  55|0x0000000706e00000, 0x0000000707000000, 0x0000000707000000|100%| O|  |TAMS 0x0000000707000000, 0x0000000706e00000| Untracked 
|  56|0x0000000707000000, 0x0000000707200000, 0x0000000707200000|100%| O|  |TAMS 0x0000000707200000, 0x0000000707000000| Untracked 
|  57|0x0000000707200000, 0x0000000707400000, 0x0000000707400000|100%| O|  |TAMS 0x0000000707400000, 0x0000000707200000| Untracked 
|  58|0x0000000707400000, 0x0000000707600000, 0x0000000707600000|100%| O|  |TAMS 0x0000000707600000, 0x0000000707400000| Untracked 
|  59|0x0000000707600000, 0x0000000707800000, 0x0000000707800000|100%| O|  |TAMS 0x0000000707800000, 0x0000000707600000| Untracked 
|  60|0x0000000707800000, 0x0000000707a00000, 0x0000000707a00000|100%| O|  |TAMS 0x0000000707a00000, 0x0000000707800000| Untracked 
|  61|0x0000000707a00000, 0x0000000707c00000, 0x0000000707c00000|100%| O|  |TAMS 0x0000000707c00000, 0x0000000707a00000| Untracked 
|  62|0x0000000707c00000, 0x0000000707e00000, 0x0000000707e00000|100%| O|  |TAMS 0x0000000707e00000, 0x0000000707c00000| Untracked 
|  63|0x0000000707e00000, 0x0000000708000000, 0x0000000708000000|100%| O|  |TAMS 0x0000000708000000, 0x0000000707e00000| Untracked 
|  64|0x0000000708000000, 0x0000000708200000, 0x0000000708200000|100%| O|  |TAMS 0x0000000708200000, 0x0000000708000000| Complete 
|  65|0x0000000708200000, 0x0000000708400000, 0x0000000708400000|100%| O|  |TAMS 0x0000000708400000, 0x0000000708200000| Untracked 
|  66|0x0000000708400000, 0x0000000708600000, 0x0000000708600000|100%| O|  |TAMS 0x0000000708600000, 0x0000000708400000| Untracked 
|  67|0x0000000708600000, 0x0000000708800000, 0x0000000708800000|100%| O|  |TAMS 0x0000000708800000, 0x0000000708600000| Complete 
|  68|0x0000000708800000, 0x0000000708a00000, 0x0000000708a00000|100%| O|  |TAMS 0x0000000708a00000, 0x0000000708800000| Complete 
|  69|0x0000000708a00000, 0x0000000708c00000, 0x0000000708c00000|100%| O|  |TAMS 0x0000000708c00000, 0x0000000708a00000| Complete 
|  70|0x0000000708c00000, 0x0000000708e00000, 0x0000000708e00000|100%| O|  |TAMS 0x0000000708e00000, 0x0000000708c00000| Complete 
|  71|0x0000000708e00000, 0x0000000709000000, 0x0000000709000000|100%| O|  |TAMS 0x0000000709000000, 0x0000000708e00000| Complete 
|  72|0x0000000709000000, 0x0000000709200000, 0x0000000709200000|100%| O|  |TAMS 0x0000000709200000, 0x0000000709000000| Untracked 
|  73|0x0000000709200000, 0x0000000709400000, 0x0000000709400000|100%| O|  |TAMS 0x0000000709400000, 0x0000000709200000| Untracked 
|  74|0x0000000709400000, 0x0000000709600000, 0x0000000709600000|100%| O|  |TAMS 0x0000000709600000, 0x0000000709400000| Untracked 
|  75|0x0000000709600000, 0x0000000709800000, 0x0000000709800000|100%| O|  |TAMS 0x0000000709800000, 0x0000000709600000| Untracked 
|  76|0x0000000709800000, 0x0000000709a00000, 0x0000000709a00000|100%| O|  |TAMS 0x0000000709a00000, 0x0000000709800000| Complete 
|  77|0x0000000709a00000, 0x0000000709c00000, 0x0000000709c00000|100%| O|  |TAMS 0x0000000709c00000, 0x0000000709a00000| Complete 
|  78|0x0000000709c00000, 0x0000000709e00000, 0x0000000709e00000|100%| O|  |TAMS 0x0000000709e00000, 0x0000000709c00000| Complete 
|  79|0x0000000709e00000, 0x000000070a000000, 0x000000070a000000|100%| O|  |TAMS 0x000000070a000000, 0x0000000709e00000| Untracked 
|  80|0x000000070a000000, 0x000000070a200000, 0x000000070a200000|100%| O|  |TAMS 0x000000070a200000, 0x000000070a000000| Untracked 
|  81|0x000000070a200000, 0x000000070a400000, 0x000000070a400000|100%| O|  |TAMS 0x000000070a400000, 0x000000070a200000| Untracked 
|  82|0x000000070a400000, 0x000000070a600000, 0x000000070a600000|100%| O|  |TAMS 0x000000070a600000, 0x000000070a400000| Untracked 
|  83|0x000000070a600000, 0x000000070a800000, 0x000000070a800000|100%| O|  |TAMS 0x000000070a800000, 0x000000070a600000| Untracked 
|  84|0x000000070a800000, 0x000000070aa00000, 0x000000070aa00000|100%| O|  |TAMS 0x000000070aa00000, 0x000000070a800000| Untracked 
|  85|0x000000070aa00000, 0x000000070ac00000, 0x000000070ac00000|100%| O|  |TAMS 0x000000070ac00000, 0x000000070aa00000| Untracked 
|  86|0x000000070ac00000, 0x000000070ae00000, 0x000000070ae00000|100%| O|  |TAMS 0x000000070ae00000, 0x000000070ac00000| Complete 
|  87|0x000000070ae00000, 0x000000070b000000, 0x000000070b000000|100%| O|  |TAMS 0x000000070b000000, 0x000000070ae00000| Complete 
|  88|0x000000070b000000, 0x000000070b200000, 0x000000070b200000|100%| O|  |TAMS 0x000000070b200000, 0x000000070b000000| Complete 
|  89|0x000000070b200000, 0x000000070b400000, 0x000000070b400000|100%| O|  |TAMS 0x000000070b400000, 0x000000070b200000| Complete 
|  90|0x000000070b400000, 0x000000070b600000, 0x000000070b600000|100%| O|  |TAMS 0x000000070b600000, 0x000000070b400000| Complete 
|  91|0x000000070b600000, 0x000000070b800000, 0x000000070b800000|100%| O|  |TAMS 0x000000070b800000, 0x000000070b600000| Complete 
|  92|0x000000070b800000, 0x000000070ba00000, 0x000000070ba00000|100%| O|  |TAMS 0x000000070ba00000, 0x000000070b800000| Untracked 
|  93|0x000000070ba00000, 0x000000070bc00000, 0x000000070bc00000|100%|HS|  |TAMS 0x000000070bc00000, 0x000000070ba00000| Complete 
|  94|0x000000070bc00000, 0x000000070be00000, 0x000000070be00000|100%| O|  |TAMS 0x000000070be00000, 0x000000070bc00000| Complete 
|  95|0x000000070be00000, 0x000000070c000000, 0x000000070c000000|100%| O|  |TAMS 0x000000070c000000, 0x000000070be00000| Untracked 
|  96|0x000000070c000000, 0x000000070c200000, 0x000000070c200000|100%| O|  |TAMS 0x000000070c200000, 0x000000070c000000| Complete 
|  97|0x000000070c200000, 0x000000070c400000, 0x000000070c400000|100%| O|  |TAMS 0x000000070c400000, 0x000000070c200000| Untracked 
|  98|0x000000070c400000, 0x000000070c600000, 0x000000070c600000|100%| O|  |TAMS 0x000000070c600000, 0x000000070c400000| Untracked 
|  99|0x000000070c600000, 0x000000070c800000, 0x000000070c800000|100%| O|  |TAMS 0x000000070c800000, 0x000000070c600000| Complete 
| 100|0x000000070c800000, 0x000000070ca00000, 0x000000070ca00000|100%| O|  |TAMS 0x000000070ca00000, 0x000000070c800000| Complete 
| 101|0x000000070ca00000, 0x000000070cc00000, 0x000000070cc00000|100%| O|  |TAMS 0x000000070cc00000, 0x000000070ca00000| Complete 
| 102|0x000000070cc00000, 0x000000070ce00000, 0x000000070ce00000|100%|HS|  |TAMS 0x000000070ce00000, 0x000000070cc00000| Complete 
| 103|0x000000070ce00000, 0x000000070d000000, 0x000000070d000000|100%| O|  |TAMS 0x000000070d000000, 0x000000070ce00000| Complete 
| 104|0x000000070d000000, 0x000000070d200000, 0x000000070d200000|100%| O|  |TAMS 0x000000070d200000, 0x000000070d000000| Complete 
| 105|0x000000070d200000, 0x000000070d400000, 0x000000070d400000|100%| O|  |TAMS 0x000000070d400000, 0x000000070d200000| Complete 
| 106|0x000000070d400000, 0x000000070d400000, 0x000000070d600000|  0%| F|  |TAMS 0x000000070d400000, 0x000000070d400000| Untracked 
| 107|0x000000070d600000, 0x000000070d800000, 0x000000070d800000|100%| O|  |TAMS 0x000000070d800000, 0x000000070d600000| Complete 
| 108|0x000000070d800000, 0x000000070da00000, 0x000000070da00000|100%|HS|  |TAMS 0x000000070da00000, 0x000000070d800000| Complete 
| 109|0x000000070da00000, 0x000000070dc00000, 0x000000070dc00000|100%| O|  |TAMS 0x000000070dc00000, 0x000000070da00000| Untracked 
| 110|0x000000070dc00000, 0x000000070de00000, 0x000000070de00000|100%| O|  |TAMS 0x000000070de00000, 0x000000070dc00000| Untracked 
| 111|0x000000070de00000, 0x000000070e000000, 0x000000070e000000|100%| O|  |TAMS 0x000000070e000000, 0x000000070de00000| Complete 
| 112|0x000000070e000000, 0x000000070e000000, 0x000000070e200000|  0%| F|  |TAMS 0x000000070e000000, 0x000000070e000000| Untracked 
| 113|0x000000070e200000, 0x000000070e400000, 0x000000070e400000|100%| O|  |TAMS 0x000000070e400000, 0x000000070e200000| Complete 
| 114|0x000000070e400000, 0x000000070e600000, 0x000000070e600000|100%| O|  |TAMS 0x000000070e600000, 0x000000070e400000| Complete 
| 115|0x000000070e600000, 0x000000070e800000, 0x000000070e800000|100%| O|  |TAMS 0x000000070e800000, 0x000000070e600000| Untracked 
| 116|0x000000070e800000, 0x000000070ea00000, 0x000000070ea00000|100%| O|  |TAMS 0x000000070ea00000, 0x000000070e800000| Untracked 
| 117|0x000000070ea00000, 0x000000070ec00000, 0x000000070ec00000|100%| O|  |TAMS 0x000000070ec00000, 0x000000070ea00000| Untracked 
| 118|0x000000070ec00000, 0x000000070ee00000, 0x000000070ee00000|100%| O|  |TAMS 0x000000070ee00000, 0x000000070ec00000| Untracked 
| 119|0x000000070ee00000, 0x000000070f000000, 0x000000070f000000|100%| O|  |TAMS 0x000000070f000000, 0x000000070ee00000| Untracked 
| 120|0x000000070f000000, 0x000000070f200000, 0x000000070f200000|100%| O|  |TAMS 0x000000070f200000, 0x000000070f000000| Untracked 
| 121|0x000000070f200000, 0x000000070f400000, 0x000000070f400000|100%| O|  |TAMS 0x000000070f400000, 0x000000070f200000| Complete 
| 122|0x000000070f400000, 0x000000070f600000, 0x000000070f600000|100%| O|  |TAMS 0x000000070f600000, 0x000000070f400000| Complete 
| 123|0x000000070f600000, 0x000000070f800000, 0x000000070f800000|100%| O|  |TAMS 0x000000070f800000, 0x000000070f600000| Complete 
| 124|0x000000070f800000, 0x000000070fa00000, 0x000000070fa00000|100%| O|  |TAMS 0x000000070fa00000, 0x000000070f800000| Complete 
| 125|0x000000070fa00000, 0x000000070fc00000, 0x000000070fc00000|100%| O|  |TAMS 0x000000070fc00000, 0x000000070fa00000| Complete 
| 126|0x000000070fc00000, 0x000000070fe00000, 0x000000070fe00000|100%| O|  |TAMS 0x000000070fe00000, 0x000000070fc00000| Complete 
| 127|0x000000070fe00000, 0x0000000710000000, 0x0000000710000000|100%| O|  |TAMS 0x0000000710000000, 0x000000070fe00000| Untracked 
| 128|0x0000000710000000, 0x0000000710200000, 0x0000000710200000|100%| O|  |TAMS 0x0000000710200000, 0x0000000710000000| Complete 
| 129|0x0000000710200000, 0x0000000710400000, 0x0000000710400000|100%| O|  |TAMS 0x0000000710400000, 0x0000000710200000| Complete 
| 130|0x0000000710400000, 0x0000000710600000, 0x0000000710600000|100%| O|  |TAMS 0x0000000710600000, 0x0000000710400000| Complete 
| 131|0x0000000710600000, 0x0000000710800000, 0x0000000710800000|100%| O|  |TAMS 0x0000000710800000, 0x0000000710600000| Complete 
| 132|0x0000000710800000, 0x0000000710a00000, 0x0000000710a00000|100%| O|  |TAMS 0x0000000710a00000, 0x0000000710800000| Complete 
| 133|0x0000000710a00000, 0x0000000710c00000, 0x0000000710c00000|100%| O|  |TAMS 0x0000000710c00000, 0x0000000710a00000| Untracked 
| 134|0x0000000710c00000, 0x0000000710e00000, 0x0000000710e00000|100%| O|  |TAMS 0x0000000710e00000, 0x0000000710c00000| Untracked 
| 135|0x0000000710e00000, 0x0000000711000000, 0x0000000711000000|100%| O|  |TAMS 0x0000000711000000, 0x0000000710e00000| Untracked 
| 136|0x0000000711000000, 0x0000000711200000, 0x0000000711200000|100%| O|  |TAMS 0x0000000711200000, 0x0000000711000000| Untracked 
| 137|0x0000000711200000, 0x0000000711400000, 0x0000000711400000|100%| O|  |TAMS 0x0000000711400000, 0x0000000711200000| Untracked 
| 138|0x0000000711400000, 0x0000000711600000, 0x0000000711600000|100%| O|  |TAMS 0x0000000711600000, 0x0000000711400000| Complete 
| 139|0x0000000711600000, 0x0000000711800000, 0x0000000711800000|100%| O|  |TAMS 0x0000000711600000, 0x0000000711600000| Untracked 
| 140|0x0000000711800000, 0x0000000711a00000, 0x0000000711a00000|100%| O|  |TAMS 0x0000000711800000, 0x0000000711800000| Untracked 
| 141|0x0000000711a00000, 0x0000000711c00000, 0x0000000711c00000|100%| O|  |TAMS 0x0000000711a00000, 0x0000000711a00000| Untracked 
| 142|0x0000000711c00000, 0x0000000711e00000, 0x0000000711e00000|100%| O|  |TAMS 0x0000000711c00000, 0x0000000711c00000| Untracked 
| 143|0x0000000711e00000, 0x0000000712000000, 0x0000000712000000|100%| O|  |TAMS 0x0000000712000000, 0x0000000711e00000| Complete 
| 144|0x0000000712000000, 0x0000000712200000, 0x0000000712200000|100%| O|  |TAMS 0x0000000712200000, 0x0000000712000000| Untracked 
| 145|0x0000000712200000, 0x0000000712400000, 0x0000000712400000|100%| O|  |TAMS 0x0000000712400000, 0x0000000712200000| Untracked 
| 146|0x0000000712400000, 0x0000000712600000, 0x0000000712600000|100%| O|  |TAMS 0x0000000712600000, 0x0000000712400000| Complete 
| 147|0x0000000712600000, 0x0000000712800000, 0x0000000712800000|100%| O|  |TAMS 0x0000000712800000, 0x0000000712600000| Complete 
| 148|0x0000000712800000, 0x0000000712a00000, 0x0000000712a00000|100%| O|  |TAMS 0x0000000712a00000, 0x0000000712800000| Complete 
| 149|0x0000000712a00000, 0x0000000712c00000, 0x0000000712c00000|100%| O|  |TAMS 0x0000000712c00000, 0x0000000712a00000| Complete 
| 150|0x0000000712c00000, 0x0000000712e00000, 0x0000000712e00000|100%| O|  |TAMS 0x0000000712e00000, 0x0000000712c00000| Untracked 
| 151|0x0000000712e00000, 0x0000000713000000, 0x0000000713000000|100%| O|  |TAMS 0x0000000713000000, 0x0000000712e00000| Complete 
| 152|0x0000000713000000, 0x0000000713000000, 0x0000000713200000|  0%| F|  |TAMS 0x0000000713000000, 0x0000000713000000| Untracked 
| 153|0x0000000713200000, 0x0000000713200000, 0x0000000713400000|  0%| F|  |TAMS 0x0000000713200000, 0x0000000713200000| Untracked 
| 154|0x0000000713400000, 0x0000000713400000, 0x0000000713600000|  0%| F|  |TAMS 0x0000000713400000, 0x0000000713400000| Untracked 
| 155|0x0000000713600000, 0x0000000713600000, 0x0000000713800000|  0%| F|  |TAMS 0x0000000713600000, 0x0000000713600000| Untracked 
| 156|0x0000000713800000, 0x0000000713800000, 0x0000000713a00000|  0%| F|  |TAMS 0x0000000713800000, 0x0000000713800000| Untracked 
| 157|0x0000000713a00000, 0x0000000713a00000, 0x0000000713c00000|  0%| F|  |TAMS 0x0000000713a00000, 0x0000000713a00000| Untracked 
| 158|0x0000000713c00000, 0x0000000713c00000, 0x0000000713e00000|  0%| F|  |TAMS 0x0000000713c00000, 0x0000000713c00000| Untracked 
| 159|0x0000000713e00000, 0x0000000714000000, 0x0000000714000000|100%| O|  |TAMS 0x0000000714000000, 0x0000000713e00000| Complete 
| 160|0x0000000714000000, 0x0000000714200000, 0x0000000714200000|100%| O|  |TAMS 0x0000000714200000, 0x0000000714000000| Complete 
| 161|0x0000000714200000, 0x0000000714400000, 0x0000000714400000|100%| O|  |TAMS 0x0000000714400000, 0x0000000714200000| Complete 
| 162|0x0000000714400000, 0x0000000714600000, 0x0000000714600000|100%| O|  |TAMS 0x0000000714600000, 0x0000000714400000| Complete 
| 163|0x0000000714600000, 0x0000000714600000, 0x0000000714800000|  0%| F|  |TAMS 0x0000000714600000, 0x0000000714600000| Untracked 
| 164|0x0000000714800000, 0x0000000714a00000, 0x0000000714a00000|100%| O|  |TAMS 0x0000000714a00000, 0x0000000714800000| Complete 
| 165|0x0000000714a00000, 0x0000000714c00000, 0x0000000714c00000|100%| O|  |TAMS 0x0000000714c00000, 0x0000000714a00000| Complete 
| 166|0x0000000714c00000, 0x0000000714c00000, 0x0000000714e00000|  0%| F|  |TAMS 0x0000000714c00000, 0x0000000714c00000| Untracked 
| 167|0x0000000714e00000, 0x0000000714e00000, 0x0000000715000000|  0%| F|  |TAMS 0x0000000714e00000, 0x0000000714e00000| Untracked 
| 168|0x0000000715000000, 0x0000000715000000, 0x0000000715200000|  0%| F|  |TAMS 0x0000000715000000, 0x0000000715000000| Untracked 
| 169|0x0000000715200000, 0x0000000715200000, 0x0000000715400000|  0%| F|  |TAMS 0x0000000715200000, 0x0000000715200000| Untracked 
| 170|0x0000000715400000, 0x0000000715400000, 0x0000000715600000|  0%| F|  |TAMS 0x0000000715400000, 0x0000000715400000| Untracked 
| 171|0x0000000715600000, 0x0000000715600000, 0x0000000715800000|  0%| F|  |TAMS 0x0000000715600000, 0x0000000715600000| Untracked 
| 172|0x0000000715800000, 0x0000000715800000, 0x0000000715a00000|  0%| F|  |TAMS 0x0000000715800000, 0x0000000715800000| Untracked 
| 173|0x0000000715a00000, 0x0000000715a00000, 0x0000000715c00000|  0%| F|  |TAMS 0x0000000715a00000, 0x0000000715a00000| Untracked 
| 174|0x0000000715c00000, 0x0000000715e00000, 0x0000000715e00000|100%| O|  |TAMS 0x0000000715c00000, 0x0000000715c00000| Untracked 
| 175|0x0000000715e00000, 0x0000000715e00000, 0x0000000716000000|  0%| F|  |TAMS 0x0000000715e00000, 0x0000000715e00000| Untracked 
| 176|0x0000000716000000, 0x0000000716200000, 0x0000000716200000|100%| O|  |TAMS 0x0000000716000000, 0x0000000716000000| Untracked 
| 177|0x0000000716200000, 0x0000000716400000, 0x0000000716400000|100%|HS|  |TAMS 0x0000000716200000, 0x0000000716200000| Complete 
| 178|0x0000000716400000, 0x0000000716600000, 0x0000000716600000|100%| O|  |TAMS 0x0000000716400000, 0x0000000716400000| Untracked 
| 179|0x0000000716600000, 0x0000000716800000, 0x0000000716800000|100%| O|  |TAMS 0x0000000716600000, 0x0000000716600000| Untracked 
| 180|0x0000000716800000, 0x0000000716800000, 0x0000000716a00000|  0%| F|  |TAMS 0x0000000716800000, 0x0000000716800000| Untracked 
| 181|0x0000000716a00000, 0x0000000716c00000, 0x0000000716c00000|100%| O|  |TAMS 0x0000000716c00000, 0x0000000716a00000| Untracked 
| 182|0x0000000716c00000, 0x0000000716e00000, 0x0000000716e00000|100%| O|  |TAMS 0x0000000716e00000, 0x0000000716c00000| Complete 
| 183|0x0000000716e00000, 0x0000000717000000, 0x0000000717000000|100%| O|  |TAMS 0x0000000717000000, 0x0000000716e00000| Complete 
| 184|0x0000000717000000, 0x0000000717200000, 0x0000000717200000|100%| O|  |TAMS 0x0000000717200000, 0x0000000717000000| Complete 
| 185|0x0000000717200000, 0x0000000717400000, 0x0000000717400000|100%| O|  |TAMS 0x0000000717400000, 0x0000000717200000| Complete 
| 186|0x0000000717400000, 0x0000000717600000, 0x0000000717600000|100%| O|  |TAMS 0x0000000717600000, 0x0000000717400000| Complete 
| 187|0x0000000717600000, 0x0000000717800000, 0x0000000717800000|100%| O|  |TAMS 0x0000000717800000, 0x0000000717600000| Complete 
| 188|0x0000000717800000, 0x0000000717a00000, 0x0000000717a00000|100%| O|  |TAMS 0x0000000717a00000, 0x0000000717800000| Complete 
| 189|0x0000000717a00000, 0x0000000717c00000, 0x0000000717c00000|100%| O|  |TAMS 0x0000000717c00000, 0x0000000717a00000| Complete 
| 190|0x0000000717c00000, 0x0000000717e00000, 0x0000000717e00000|100%| O|  |TAMS 0x0000000717e00000, 0x0000000717c00000| Complete 
| 191|0x0000000717e00000, 0x0000000717e00000, 0x0000000718000000|  0%| F|  |TAMS 0x0000000717e00000, 0x0000000717e00000| Untracked 
| 192|0x0000000718000000, 0x0000000718200000, 0x0000000718200000|100%| O|  |TAMS 0x0000000718200000, 0x0000000718000000| Complete 
| 193|0x0000000718200000, 0x0000000718200000, 0x0000000718400000|  0%| F|  |TAMS 0x0000000718200000, 0x0000000718200000| Untracked 
| 194|0x0000000718400000, 0x0000000718400000, 0x0000000718600000|  0%| F|  |TAMS 0x0000000718400000, 0x0000000718400000| Untracked 
| 195|0x0000000718600000, 0x0000000718600000, 0x0000000718800000|  0%| F|  |TAMS 0x0000000718600000, 0x0000000718600000| Untracked 
| 196|0x0000000718800000, 0x0000000718800000, 0x0000000718a00000|  0%| F|  |TAMS 0x0000000718800000, 0x0000000718800000| Untracked 
| 197|0x0000000718a00000, 0x0000000718a00000, 0x0000000718c00000|  0%| F|  |TAMS 0x0000000718a00000, 0x0000000718a00000| Untracked 
| 198|0x0000000718c00000, 0x0000000718c00000, 0x0000000718e00000|  0%| F|  |TAMS 0x0000000718c00000, 0x0000000718c00000| Untracked 
| 199|0x0000000718e00000, 0x0000000719000000, 0x0000000719000000|100%| O|  |TAMS 0x0000000719000000, 0x0000000718e00000| Complete 
| 200|0x0000000719000000, 0x0000000719000000, 0x0000000719200000|  0%| F|  |TAMS 0x0000000719000000, 0x0000000719000000| Untracked 
| 201|0x0000000719200000, 0x0000000719200000, 0x0000000719400000|  0%| F|  |TAMS 0x0000000719200000, 0x0000000719200000| Untracked 
| 202|0x0000000719400000, 0x0000000719400000, 0x0000000719600000|  0%| F|  |TAMS 0x0000000719400000, 0x0000000719400000| Untracked 
| 203|0x0000000719600000, 0x0000000719600000, 0x0000000719800000|  0%| F|  |TAMS 0x0000000719600000, 0x0000000719600000| Untracked 
| 204|0x0000000719800000, 0x0000000719a00000, 0x0000000719a00000|100%| O|  |TAMS 0x0000000719800000, 0x0000000719800000| Untracked 
| 205|0x0000000719a00000, 0x0000000719a00000, 0x0000000719c00000|  0%| F|  |TAMS 0x0000000719a00000, 0x0000000719a00000| Untracked 
| 206|0x0000000719c00000, 0x0000000719c00000, 0x0000000719e00000|  0%| F|  |TAMS 0x0000000719c00000, 0x0000000719c00000| Untracked 
| 207|0x0000000719e00000, 0x0000000719e00000, 0x000000071a000000|  0%| F|  |TAMS 0x0000000719e00000, 0x0000000719e00000| Untracked 
| 208|0x000000071a000000, 0x000000071a000000, 0x000000071a200000|  0%| F|  |TAMS 0x000000071a000000, 0x000000071a000000| Untracked 
| 209|0x000000071a200000, 0x000000071a200000, 0x000000071a400000|  0%| F|  |TAMS 0x000000071a200000, 0x000000071a200000| Untracked 
| 210|0x000000071a400000, 0x000000071a400000, 0x000000071a600000|  0%| F|  |TAMS 0x000000071a400000, 0x000000071a400000| Untracked 
| 211|0x000000071a600000, 0x000000071a600000, 0x000000071a800000|  0%| F|  |TAMS 0x000000071a600000, 0x000000071a600000| Untracked 
| 212|0x000000071a800000, 0x000000071aa00000, 0x000000071aa00000|100%| O|  |TAMS 0x000000071aa00000, 0x000000071a800000| Complete 
| 213|0x000000071aa00000, 0x000000071ac00000, 0x000000071ac00000|100%| O|  |TAMS 0x000000071ac00000, 0x000000071aa00000| Untracked 
| 214|0x000000071ac00000, 0x000000071ae00000, 0x000000071ae00000|100%| O|  |TAMS 0x000000071ae00000, 0x000000071ac00000| Untracked 
| 215|0x000000071ae00000, 0x000000071b000000, 0x000000071b000000|100%| O|  |TAMS 0x000000071b000000, 0x000000071ae00000| Untracked 
| 216|0x000000071b000000, 0x000000071b200000, 0x000000071b200000|100%| O|  |TAMS 0x000000071b200000, 0x000000071b000000| Untracked 
| 217|0x000000071b200000, 0x000000071b400000, 0x000000071b400000|100%| O|  |TAMS 0x000000071b400000, 0x000000071b200000| Untracked 
| 218|0x000000071b400000, 0x000000071b600000, 0x000000071b600000|100%| O|  |TAMS 0x000000071b600000, 0x000000071b400000| Untracked 
| 219|0x000000071b600000, 0x000000071b800000, 0x000000071b800000|100%| O|  |TAMS 0x000000071b800000, 0x000000071b600000| Untracked 
| 220|0x000000071b800000, 0x000000071ba00000, 0x000000071ba00000|100%| O|  |TAMS 0x000000071ba00000, 0x000000071b800000| Complete 
| 221|0x000000071ba00000, 0x000000071bc00000, 0x000000071bc00000|100%| O|  |TAMS 0x000000071bc00000, 0x000000071ba00000| Untracked 
| 222|0x000000071bc00000, 0x000000071be00000, 0x000000071be00000|100%| O|  |TAMS 0x000000071be00000, 0x000000071bc00000| Untracked 
| 223|0x000000071be00000, 0x000000071c000000, 0x000000071c000000|100%| O|  |TAMS 0x000000071c000000, 0x000000071be00000| Untracked 
| 224|0x000000071c000000, 0x000000071c200000, 0x000000071c200000|100%| O|  |TAMS 0x000000071c200000, 0x000000071c000000| Untracked 
| 225|0x000000071c200000, 0x000000071c400000, 0x000000071c400000|100%| O|  |TAMS 0x000000071c400000, 0x000000071c200000| Untracked 
| 226|0x000000071c400000, 0x000000071c600000, 0x000000071c600000|100%| O|  |TAMS 0x000000071c600000, 0x000000071c400000| Untracked 
| 227|0x000000071c600000, 0x000000071c800000, 0x000000071c800000|100%| O|  |TAMS 0x000000071c800000, 0x000000071c600000| Untracked 
| 228|0x000000071c800000, 0x000000071ca00000, 0x000000071ca00000|100%| O|  |TAMS 0x000000071ca00000, 0x000000071c800000| Untracked 
| 229|0x000000071ca00000, 0x000000071cc00000, 0x000000071cc00000|100%| O|  |TAMS 0x000000071cc00000, 0x000000071ca00000| Untracked 
| 230|0x000000071cc00000, 0x000000071ce00000, 0x000000071ce00000|100%| O|  |TAMS 0x000000071ce00000, 0x000000071cc00000| Untracked 
| 231|0x000000071ce00000, 0x000000071d000000, 0x000000071d000000|100%| O|  |TAMS 0x000000071d000000, 0x000000071ce00000| Untracked 
| 232|0x000000071d000000, 0x000000071d200000, 0x000000071d200000|100%| O|  |TAMS 0x000000071d200000, 0x000000071d000000| Complete 
| 233|0x000000071d200000, 0x000000071d400000, 0x000000071d400000|100%| O|  |TAMS 0x000000071d400000, 0x000000071d200000| Untracked 
| 234|0x000000071d400000, 0x000000071d600000, 0x000000071d600000|100%| O|  |TAMS 0x000000071d600000, 0x000000071d400000| Untracked 
| 235|0x000000071d600000, 0x000000071d800000, 0x000000071d800000|100%| O|  |TAMS 0x000000071d800000, 0x000000071d600000| Untracked 
| 236|0x000000071d800000, 0x000000071da00000, 0x000000071da00000|100%| O|  |TAMS 0x000000071da00000, 0x000000071d800000| Untracked 
| 237|0x000000071da00000, 0x000000071dc00000, 0x000000071dc00000|100%| O|  |TAMS 0x000000071dc00000, 0x000000071da00000| Untracked 
| 238|0x000000071dc00000, 0x000000071de00000, 0x000000071de00000|100%| O|  |TAMS 0x000000071de00000, 0x000000071dc00000| Untracked 
| 239|0x000000071de00000, 0x000000071e000000, 0x000000071e000000|100%| O|  |TAMS 0x000000071e000000, 0x000000071de00000| Untracked 
| 240|0x000000071e000000, 0x000000071e200000, 0x000000071e200000|100%| O|  |TAMS 0x000000071e200000, 0x000000071e000000| Untracked 
| 241|0x000000071e200000, 0x000000071e400000, 0x000000071e400000|100%| O|  |TAMS 0x000000071e400000, 0x000000071e200000| Untracked 
| 242|0x000000071e400000, 0x000000071e600000, 0x000000071e600000|100%| O|  |TAMS 0x000000071e600000, 0x000000071e400000| Untracked 
| 243|0x000000071e600000, 0x000000071e800000, 0x000000071e800000|100%| O|  |TAMS 0x000000071e800000, 0x000000071e600000| Untracked 
| 244|0x000000071e800000, 0x000000071ea00000, 0x000000071ea00000|100%| O|  |TAMS 0x000000071ea00000, 0x000000071e800000| Untracked 
| 245|0x000000071ea00000, 0x000000071ec00000, 0x000000071ec00000|100%| O|  |TAMS 0x000000071ec00000, 0x000000071ea00000| Untracked 
| 246|0x000000071ec00000, 0x000000071ee00000, 0x000000071ee00000|100%| O|  |TAMS 0x000000071ee00000, 0x000000071ec00000| Complete 
| 247|0x000000071ee00000, 0x000000071f000000, 0x000000071f000000|100%| O|  |TAMS 0x000000071f000000, 0x000000071ee00000| Complete 
| 248|0x000000071f000000, 0x000000071f200000, 0x000000071f200000|100%| O|  |TAMS 0x000000071f000000, 0x000000071f000000| Untracked 
| 249|0x000000071f200000, 0x000000071f400000, 0x000000071f400000|100%| O|  |TAMS 0x000000071f400000, 0x000000071f200000| Complete 
| 250|0x000000071f400000, 0x000000071f600000, 0x000000071f600000|100%| O|  |TAMS 0x000000071f600000, 0x000000071f400000| Untracked 
| 251|0x000000071f600000, 0x000000071f800000, 0x000000071f800000|100%| O|  |TAMS 0x000000071f800000, 0x000000071f600000| Untracked 
| 252|0x000000071f800000, 0x000000071fa00000, 0x000000071fa00000|100%| O|  |TAMS 0x000000071fa00000, 0x000000071f800000| Untracked 
| 253|0x000000071fa00000, 0x000000071fc00000, 0x000000071fc00000|100%| O|  |TAMS 0x000000071fc00000, 0x000000071fa00000| Untracked 
| 254|0x000000071fc00000, 0x000000071fe00000, 0x000000071fe00000|100%| O|  |TAMS 0x000000071fe00000, 0x000000071fc00000| Untracked 
| 255|0x000000071fe00000, 0x0000000720000000, 0x0000000720000000|100%| O|  |TAMS 0x0000000720000000, 0x000000071fe00000| Complete 
| 256|0x0000000720000000, 0x0000000720200000, 0x0000000720200000|100%| O|  |TAMS 0x0000000720000000, 0x0000000720000000| Untracked 
| 257|0x0000000720200000, 0x0000000720400000, 0x0000000720400000|100%| O|  |TAMS 0x0000000720200000, 0x0000000720200000| Untracked 
| 258|0x0000000720400000, 0x0000000720600000, 0x0000000720600000|100%| O|  |TAMS 0x0000000720600000, 0x0000000720400000| Untracked 
| 259|0x0000000720600000, 0x0000000720800000, 0x0000000720800000|100%| O|  |TAMS 0x0000000720800000, 0x0000000720600000| Complete 
| 260|0x0000000720800000, 0x0000000720a00000, 0x0000000720a00000|100%| O|  |TAMS 0x0000000720a00000, 0x0000000720800000| Complete 
| 261|0x0000000720a00000, 0x0000000720a00000, 0x0000000720c00000|  0%| F|  |TAMS 0x0000000720a00000, 0x0000000720a00000| Untracked 
| 262|0x0000000720c00000, 0x0000000720c00000, 0x0000000720e00000|  0%| F|  |TAMS 0x0000000720c00000, 0x0000000720c00000| Untracked 
| 263|0x0000000720e00000, 0x0000000721000000, 0x0000000721000000|100%| O|  |TAMS 0x0000000721000000, 0x0000000720e00000| Complete 
| 264|0x0000000721000000, 0x0000000721200000, 0x0000000721200000|100%| O|  |TAMS 0x0000000721200000, 0x0000000721000000| Complete 
| 265|0x0000000721200000, 0x0000000721400000, 0x0000000721400000|100%| O|  |TAMS 0x0000000721400000, 0x0000000721200000| Complete 
| 266|0x0000000721400000, 0x0000000721400000, 0x0000000721600000|  0%| F|  |TAMS 0x0000000721400000, 0x0000000721400000| Untracked 
| 267|0x0000000721600000, 0x0000000721800000, 0x0000000721800000|100%| O|  |TAMS 0x0000000721600000, 0x0000000721600000| Untracked 
| 268|0x0000000721800000, 0x0000000721a00000, 0x0000000721a00000|100%| O|  |TAMS 0x0000000721800000, 0x0000000721800000| Untracked 
| 269|0x0000000721a00000, 0x0000000721c00000, 0x0000000721c00000|100%| O|  |TAMS 0x0000000721a00000, 0x0000000721a00000| Untracked 
| 270|0x0000000721c00000, 0x0000000721e00000, 0x0000000721e00000|100%| O|  |TAMS 0x0000000721c00000, 0x0000000721c00000| Untracked 
| 271|0x0000000721e00000, 0x0000000722000000, 0x0000000722000000|100%| O|  |TAMS 0x0000000721e00000, 0x0000000721e00000| Untracked 
| 272|0x0000000722000000, 0x0000000722200000, 0x0000000722200000|100%| O|  |TAMS 0x0000000722000000, 0x0000000722000000| Untracked 
| 273|0x0000000722200000, 0x0000000722200000, 0x0000000722400000|  0%| F|  |TAMS 0x0000000722200000, 0x0000000722200000| Untracked 
| 274|0x0000000722400000, 0x0000000722400000, 0x0000000722600000|  0%| F|  |TAMS 0x0000000722400000, 0x0000000722400000| Untracked 
| 275|0x0000000722600000, 0x0000000722600000, 0x0000000722800000|  0%| F|  |TAMS 0x0000000722600000, 0x0000000722600000| Untracked 
| 276|0x0000000722800000, 0x0000000722800000, 0x0000000722a00000|  0%| F|  |TAMS 0x0000000722800000, 0x0000000722800000| Untracked 
| 277|0x0000000722a00000, 0x0000000722c00000, 0x0000000722c00000|100%| O|  |TAMS 0x0000000722c00000, 0x0000000722a00000| Complete 
| 278|0x0000000722c00000, 0x0000000722c00000, 0x0000000722e00000|  0%| F|  |TAMS 0x0000000722c00000, 0x0000000722c00000| Untracked 
| 279|0x0000000722e00000, 0x0000000723000000, 0x0000000723000000|100%| O|  |TAMS 0x0000000722e00000, 0x0000000722e00000| Untracked 
| 280|0x0000000723000000, 0x0000000723200000, 0x0000000723200000|100%| O|  |TAMS 0x0000000723000000, 0x0000000723000000| Untracked 
| 281|0x0000000723200000, 0x0000000723400000, 0x0000000723400000|100%| O|  |TAMS 0x0000000723200000, 0x0000000723200000| Untracked 
| 282|0x0000000723400000, 0x0000000723600000, 0x0000000723600000|100%| O|  |TAMS 0x0000000723400000, 0x0000000723400000| Untracked 
| 283|0x0000000723600000, 0x0000000723600000, 0x0000000723800000|  0%| F|  |TAMS 0x0000000723600000, 0x0000000723600000| Untracked 
| 284|0x0000000723800000, 0x0000000723800000, 0x0000000723a00000|  0%| F|  |TAMS 0x0000000723800000, 0x0000000723800000| Untracked 
| 285|0x0000000723a00000, 0x0000000723a00000, 0x0000000723c00000|  0%| F|  |TAMS 0x0000000723a00000, 0x0000000723a00000| Untracked 
| 286|0x0000000723c00000, 0x0000000723e00000, 0x0000000723e00000|100%| O|  |TAMS 0x0000000723e00000, 0x0000000723c00000| Untracked 
| 287|0x0000000723e00000, 0x0000000724000000, 0x0000000724000000|100%| O|  |TAMS 0x0000000724000000, 0x0000000723e00000| Complete 
| 288|0x0000000724000000, 0x0000000724200000, 0x0000000724200000|100%| O|  |TAMS 0x0000000724200000, 0x0000000724000000| Complete 
| 289|0x0000000724200000, 0x0000000724400000, 0x0000000724400000|100%| O|  |TAMS 0x0000000724400000, 0x0000000724200000| Untracked 
| 290|0x0000000724400000, 0x0000000724600000, 0x0000000724600000|100%| O|  |TAMS 0x0000000724600000, 0x0000000724400000| Complete 
| 291|0x0000000724600000, 0x0000000724800000, 0x0000000724800000|100%| O|  |TAMS 0x0000000724800000, 0x0000000724600000| Complete 
| 292|0x0000000724800000, 0x0000000724a00000, 0x0000000724a00000|100%| O|  |TAMS 0x0000000724a00000, 0x0000000724800000| Complete 
| 293|0x0000000724a00000, 0x0000000724c00000, 0x0000000724c00000|100%| O|  |TAMS 0x0000000724c00000, 0x0000000724a00000| Complete 
| 294|0x0000000724c00000, 0x0000000724e00000, 0x0000000724e00000|100%| O|  |TAMS 0x0000000724e00000, 0x0000000724c00000| Complete 
| 295|0x0000000724e00000, 0x0000000725000000, 0x0000000725000000|100%| O|  |TAMS 0x0000000725000000, 0x0000000724e00000| Complete 
| 296|0x0000000725000000, 0x0000000725000000, 0x0000000725200000|  0%| F|  |TAMS 0x0000000725000000, 0x0000000725000000| Untracked 
| 297|0x0000000725200000, 0x0000000725200000, 0x0000000725400000|  0%| F|  |TAMS 0x0000000725200000, 0x0000000725200000| Untracked 
| 298|0x0000000725400000, 0x0000000725600000, 0x0000000725600000|100%| O|  |TAMS 0x0000000725600000, 0x0000000725400000| Complete 
| 299|0x0000000725600000, 0x0000000725800000, 0x0000000725800000|100%| O|  |TAMS 0x0000000725800000, 0x0000000725600000| Complete 
| 300|0x0000000725800000, 0x0000000725a00000, 0x0000000725a00000|100%| O|  |TAMS 0x0000000725a00000, 0x0000000725800000| Complete 
| 301|0x0000000725a00000, 0x0000000725c00000, 0x0000000725c00000|100%| O|  |TAMS 0x0000000725c00000, 0x0000000725a00000| Complete 
| 302|0x0000000725c00000, 0x0000000725e00000, 0x0000000725e00000|100%| O|  |TAMS 0x0000000725e00000, 0x0000000725c00000| Complete 
| 303|0x0000000725e00000, 0x0000000726000000, 0x0000000726000000|100%| O|  |TAMS 0x0000000726000000, 0x0000000725e00000| Complete 
| 304|0x0000000726000000, 0x0000000726200000, 0x0000000726200000|100%| O|  |TAMS 0x0000000726200000, 0x0000000726000000| Complete 
| 305|0x0000000726200000, 0x0000000726400000, 0x0000000726400000|100%| O|  |TAMS 0x0000000726400000, 0x0000000726200000| Complete 
| 306|0x0000000726400000, 0x0000000726400000, 0x0000000726600000|  0%| F|  |TAMS 0x0000000726400000, 0x0000000726400000| Untracked 
| 307|0x0000000726600000, 0x0000000726800000, 0x0000000726800000|100%| O|  |TAMS 0x0000000726800000, 0x0000000726600000| Complete 
| 308|0x0000000726800000, 0x0000000726a00000, 0x0000000726a00000|100%| O|  |TAMS 0x0000000726a00000, 0x0000000726800000| Complete 
| 309|0x0000000726a00000, 0x0000000726a00000, 0x0000000726c00000|  0%| F|  |TAMS 0x0000000726a00000, 0x0000000726a00000| Untracked 
| 310|0x0000000726c00000, 0x0000000726c00000, 0x0000000726e00000|  0%| F|  |TAMS 0x0000000726c00000, 0x0000000726c00000| Untracked 
| 311|0x0000000726e00000, 0x0000000726e00000, 0x0000000727000000|  0%| F|  |TAMS 0x0000000726e00000, 0x0000000726e00000| Untracked 
| 312|0x0000000727000000, 0x0000000727200000, 0x0000000727200000|100%| O|  |TAMS 0x0000000727000000, 0x0000000727000000| Untracked 
| 313|0x0000000727200000, 0x0000000727200000, 0x0000000727400000|  0%| F|  |TAMS 0x0000000727200000, 0x0000000727200000| Untracked 
| 314|0x0000000727400000, 0x0000000727400000, 0x0000000727600000|  0%| F|  |TAMS 0x0000000727400000, 0x0000000727400000| Untracked 
| 315|0x0000000727600000, 0x0000000727800000, 0x0000000727800000|100%| O|  |TAMS 0x0000000727600000, 0x0000000727600000| Untracked 
| 316|0x0000000727800000, 0x0000000727a00000, 0x0000000727a00000|100%| O|  |TAMS 0x0000000727a00000, 0x0000000727800000| Untracked 
| 317|0x0000000727a00000, 0x0000000727c00000, 0x0000000727c00000|100%|HS|  |TAMS 0x0000000727c00000, 0x0000000727a00000| Complete 
| 318|0x0000000727c00000, 0x0000000727e00000, 0x0000000727e00000|100%|HC|  |TAMS 0x0000000727e00000, 0x0000000727c00000| Complete 
| 319|0x0000000727e00000, 0x0000000728000000, 0x0000000728000000|100%|HS|  |TAMS 0x0000000728000000, 0x0000000727e00000| Complete 
| 320|0x0000000728000000, 0x0000000728200000, 0x0000000728200000|100%|HS|  |TAMS 0x0000000728200000, 0x0000000728000000| Complete 
| 321|0x0000000728200000, 0x0000000728400000, 0x0000000728400000|100%|HS|  |TAMS 0x0000000728400000, 0x0000000728200000| Complete 
| 322|0x0000000728400000, 0x0000000728600000, 0x0000000728600000|100%|HS|  |TAMS 0x0000000728600000, 0x0000000728400000| Complete 
| 323|0x0000000728600000, 0x0000000728800000, 0x0000000728800000|100%|HS|  |TAMS 0x0000000728800000, 0x0000000728600000| Complete 
| 324|0x0000000728800000, 0x0000000728a00000, 0x0000000728a00000|100%|HC|  |TAMS 0x0000000728a00000, 0x0000000728800000| Complete 
| 325|0x0000000728a00000, 0x0000000728c00000, 0x0000000728c00000|100%| O|  |TAMS 0x0000000728c00000, 0x0000000728a00000| Untracked 
| 326|0x0000000728c00000, 0x0000000728e00000, 0x0000000728e00000|100%| O|  |TAMS 0x0000000728e00000, 0x0000000728c00000| Complete 
| 327|0x0000000728e00000, 0x0000000729000000, 0x0000000729000000|100%| O|  |TAMS 0x0000000729000000, 0x0000000728e00000| Untracked 
| 328|0x0000000729000000, 0x0000000729200000, 0x0000000729200000|100%| O|  |TAMS 0x0000000729200000, 0x0000000729000000| Untracked 
| 329|0x0000000729200000, 0x0000000729400000, 0x0000000729400000|100%|HS|  |TAMS 0x0000000729400000, 0x0000000729200000| Complete 
| 330|0x0000000729400000, 0x0000000729600000, 0x0000000729600000|100%| O|  |TAMS 0x0000000729600000, 0x0000000729400000| Untracked 
| 331|0x0000000729600000, 0x0000000729800000, 0x0000000729800000|100%|HS|  |TAMS 0x0000000729800000, 0x0000000729600000| Complete 
| 332|0x0000000729800000, 0x0000000729a00000, 0x0000000729a00000|100%|HC|  |TAMS 0x0000000729a00000, 0x0000000729800000| Complete 
| 333|0x0000000729a00000, 0x0000000729c00000, 0x0000000729c00000|100%|HS|  |TAMS 0x0000000729c00000, 0x0000000729a00000| Complete 
| 334|0x0000000729c00000, 0x0000000729e00000, 0x0000000729e00000|100%|HS|  |TAMS 0x0000000729e00000, 0x0000000729c00000| Complete 
| 335|0x0000000729e00000, 0x000000072a000000, 0x000000072a000000|100%| O|  |TAMS 0x000000072a000000, 0x0000000729e00000| Untracked 
| 336|0x000000072a000000, 0x000000072a200000, 0x000000072a200000|100%| O|  |TAMS 0x000000072a200000, 0x000000072a000000| Untracked 
| 337|0x000000072a200000, 0x000000072a400000, 0x000000072a400000|100%| O|  |TAMS 0x000000072a400000, 0x000000072a200000| Untracked 
| 338|0x000000072a400000, 0x000000072a600000, 0x000000072a600000|100%| O|  |TAMS 0x000000072a600000, 0x000000072a400000| Untracked 
| 339|0x000000072a600000, 0x000000072a800000, 0x000000072a800000|100%| O|  |TAMS 0x000000072a800000, 0x000000072a600000| Untracked 
| 340|0x000000072a800000, 0x000000072aa00000, 0x000000072aa00000|100%| O|  |TAMS 0x000000072aa00000, 0x000000072a800000| Untracked 
| 341|0x000000072aa00000, 0x000000072ac00000, 0x000000072ac00000|100%| O|  |TAMS 0x000000072ac00000, 0x000000072aa00000| Untracked 
| 342|0x000000072ac00000, 0x000000072ae00000, 0x000000072ae00000|100%| O|  |TAMS 0x000000072ad68200, 0x000000072ac00000| Untracked 
| 343|0x000000072ae00000, 0x000000072b000000, 0x000000072b000000|100%|HS|  |TAMS 0x000000072b000000, 0x000000072ae00000| Complete 
| 344|0x000000072b000000, 0x000000072b200000, 0x000000072b200000|100%| O|  |TAMS 0x000000072b000000, 0x000000072b000000| Untracked 
| 345|0x000000072b200000, 0x000000072b400000, 0x000000072b400000|100%| O|  |TAMS 0x000000072b400000, 0x000000072b200000| Untracked 
| 346|0x000000072b400000, 0x000000072b600000, 0x000000072b600000|100%| O|  |TAMS 0x000000072b600000, 0x000000072b400000| Untracked 
| 347|0x000000072b600000, 0x000000072b800000, 0x000000072b800000|100%| O|  |TAMS 0x000000072b600000, 0x000000072b600000| Untracked 
| 348|0x000000072b800000, 0x000000072ba00000, 0x000000072ba00000|100%| O|  |TAMS 0x000000072b800000, 0x000000072b800000| Untracked 
| 349|0x000000072ba00000, 0x000000072bc00000, 0x000000072bc00000|100%|HS|  |TAMS 0x000000072bc00000, 0x000000072ba00000| Complete 
| 350|0x000000072bc00000, 0x000000072be00000, 0x000000072be00000|100%|HC|  |TAMS 0x000000072be00000, 0x000000072bc00000| Complete 
| 351|0x000000072be00000, 0x000000072c000000, 0x000000072c000000|100%| O|  |TAMS 0x000000072be00000, 0x000000072be00000| Untracked 
| 352|0x000000072c000000, 0x000000072c200000, 0x000000072c200000|100%| O|  |TAMS 0x000000072c000000, 0x000000072c000000| Untracked 
| 353|0x000000072c200000, 0x000000072c400000, 0x000000072c400000|100%|HS|  |TAMS 0x000000072c200000, 0x000000072c200000| Complete 
| 354|0x000000072c400000, 0x000000072c600000, 0x000000072c600000|100%| O|  |TAMS 0x000000072c400000, 0x000000072c400000| Untracked 
| 355|0x000000072c600000, 0x000000072c800000, 0x000000072c800000|100%| O|  |TAMS 0x000000072c600000, 0x000000072c600000| Untracked 
| 356|0x000000072c800000, 0x000000072ca00000, 0x000000072ca00000|100%| O|  |TAMS 0x000000072c800000, 0x000000072c800000| Untracked 
| 357|0x000000072ca00000, 0x000000072cc00000, 0x000000072cc00000|100%| O|  |TAMS 0x000000072ca00000, 0x000000072ca00000| Untracked 
| 358|0x000000072cc00000, 0x000000072ce00000, 0x000000072ce00000|100%| O|  |TAMS 0x000000072cc00000, 0x000000072cc00000| Untracked 
| 359|0x000000072ce00000, 0x000000072d000000, 0x000000072d000000|100%| O|  |TAMS 0x000000072ce00000, 0x000000072ce00000| Untracked 
| 360|0x000000072d000000, 0x000000072d200000, 0x000000072d200000|100%| O|  |TAMS 0x000000072d000000, 0x000000072d000000| Untracked 
| 361|0x000000072d200000, 0x000000072d400000, 0x000000072d400000|100%| O|  |TAMS 0x000000072d200000, 0x000000072d200000| Untracked 
| 362|0x000000072d400000, 0x000000072d600000, 0x000000072d600000|100%| O|  |TAMS 0x000000072d400000, 0x000000072d400000| Untracked 
| 363|0x000000072d600000, 0x000000072d800000, 0x000000072d800000|100%| O|  |TAMS 0x000000072d600000, 0x000000072d600000| Untracked 
| 364|0x000000072d800000, 0x000000072da00000, 0x000000072da00000|100%| O|  |TAMS 0x000000072d800000, 0x000000072d800000| Untracked 
| 365|0x000000072da00000, 0x000000072dc00000, 0x000000072dc00000|100%| O|  |TAMS 0x000000072da00000, 0x000000072da00000| Untracked 
| 366|0x000000072dc00000, 0x000000072de00000, 0x000000072de00000|100%| O|  |TAMS 0x000000072dc00000, 0x000000072dc00000| Untracked 
| 367|0x000000072de00000, 0x000000072e000000, 0x000000072e000000|100%| O|  |TAMS 0x000000072de00000, 0x000000072de00000| Untracked 
| 368|0x000000072e000000, 0x000000072e200000, 0x000000072e200000|100%| O|  |TAMS 0x000000072e000000, 0x000000072e000000| Untracked 
| 369|0x000000072e200000, 0x000000072e400000, 0x000000072e400000|100%| O|  |TAMS 0x000000072e200000, 0x000000072e200000| Untracked 
| 370|0x000000072e400000, 0x000000072e600000, 0x000000072e600000|100%| O|  |TAMS 0x000000072e400000, 0x000000072e400000| Untracked 
| 371|0x000000072e600000, 0x000000072e800000, 0x000000072e800000|100%| O|  |TAMS 0x000000072e600000, 0x000000072e600000| Untracked 
| 372|0x000000072e800000, 0x000000072ea00000, 0x000000072ea00000|100%| O|  |TAMS 0x000000072e800000, 0x000000072e800000| Untracked 
| 373|0x000000072ea00000, 0x000000072ec00000, 0x000000072ec00000|100%| O|  |TAMS 0x000000072ea00000, 0x000000072ea00000| Untracked 
| 374|0x000000072ec00000, 0x000000072ee00000, 0x000000072ee00000|100%| O|  |TAMS 0x000000072ec00000, 0x000000072ec00000| Untracked 
| 375|0x000000072ee00000, 0x000000072f000000, 0x000000072f000000|100%| O|  |TAMS 0x000000072ee00000, 0x000000072ee00000| Untracked 
| 376|0x000000072f000000, 0x000000072f200000, 0x000000072f200000|100%| O|  |TAMS 0x000000072f000000, 0x000000072f000000| Untracked 
| 377|0x000000072f200000, 0x000000072f400000, 0x000000072f400000|100%| O|  |TAMS 0x000000072f200000, 0x000000072f200000| Untracked 
| 378|0x000000072f400000, 0x000000072f600000, 0x000000072f600000|100%| O|  |TAMS 0x000000072f400000, 0x000000072f400000| Untracked 
| 379|0x000000072f600000, 0x000000072f800000, 0x000000072f800000|100%| O|  |TAMS 0x000000072f600000, 0x000000072f600000| Untracked 
| 380|0x000000072f800000, 0x000000072fa00000, 0x000000072fa00000|100%| O|  |TAMS 0x000000072f800000, 0x000000072f800000| Untracked 
| 381|0x000000072fa00000, 0x000000072fc00000, 0x000000072fc00000|100%| O|  |TAMS 0x000000072fa00000, 0x000000072fa00000| Untracked 
| 382|0x000000072fc00000, 0x000000072fe00000, 0x000000072fe00000|100%| O|  |TAMS 0x000000072fc00000, 0x000000072fc00000| Untracked 
| 383|0x000000072fe00000, 0x0000000730000000, 0x0000000730000000|100%| O|  |TAMS 0x000000072fe00000, 0x000000072fe00000| Untracked 
| 384|0x0000000730000000, 0x0000000730200000, 0x0000000730200000|100%| O|  |TAMS 0x0000000730000000, 0x0000000730000000| Untracked 
| 385|0x0000000730200000, 0x0000000730400000, 0x0000000730400000|100%| O|  |TAMS 0x0000000730200000, 0x0000000730200000| Untracked 
| 386|0x0000000730400000, 0x0000000730600000, 0x0000000730600000|100%| O|  |TAMS 0x0000000730400000, 0x0000000730400000| Untracked 
| 387|0x0000000730600000, 0x0000000730800000, 0x0000000730800000|100%| O|  |TAMS 0x0000000730600000, 0x0000000730600000| Untracked 
| 388|0x0000000730800000, 0x0000000730a00000, 0x0000000730a00000|100%| O|  |TAMS 0x0000000730800000, 0x0000000730800000| Untracked 
| 389|0x0000000730a00000, 0x0000000730c00000, 0x0000000730c00000|100%| O|  |TAMS 0x0000000730a00000, 0x0000000730a00000| Untracked 
| 390|0x0000000730c00000, 0x0000000730e00000, 0x0000000730e00000|100%| O|  |TAMS 0x0000000730c00000, 0x0000000730c00000| Untracked 
| 391|0x0000000730e00000, 0x0000000731000000, 0x0000000731000000|100%| O|  |TAMS 0x0000000730e00000, 0x0000000730e00000| Untracked 
| 392|0x0000000731000000, 0x0000000731200000, 0x0000000731200000|100%| O|  |TAMS 0x0000000731000000, 0x0000000731000000| Untracked 
| 393|0x0000000731200000, 0x0000000731200000, 0x0000000731400000|  0%| F|  |TAMS 0x0000000731200000, 0x0000000731200000| Untracked 
| 394|0x0000000731400000, 0x0000000731400000, 0x0000000731600000|  0%| F|  |TAMS 0x0000000731400000, 0x0000000731400000| Untracked 
| 395|0x0000000731600000, 0x0000000731600000, 0x0000000731800000|  0%| F|  |TAMS 0x0000000731600000, 0x0000000731600000| Untracked 
| 396|0x0000000731800000, 0x0000000731800000, 0x0000000731a00000|  0%| F|  |TAMS 0x0000000731800000, 0x0000000731800000| Untracked 
| 397|0x0000000731a00000, 0x0000000731a00000, 0x0000000731c00000|  0%| F|  |TAMS 0x0000000731a00000, 0x0000000731a00000| Untracked 
| 398|0x0000000731c00000, 0x0000000731c00000, 0x0000000731e00000|  0%| F|  |TAMS 0x0000000731c00000, 0x0000000731c00000| Untracked 
| 399|0x0000000731e00000, 0x0000000731e00000, 0x0000000732000000|  0%| F|  |TAMS 0x0000000731e00000, 0x0000000731e00000| Untracked 
| 400|0x0000000732000000, 0x0000000732000000, 0x0000000732200000|  0%| F|  |TAMS 0x0000000732000000, 0x0000000732000000| Untracked 
| 401|0x0000000732200000, 0x0000000732200000, 0x0000000732400000|  0%| F|  |TAMS 0x0000000732200000, 0x0000000732200000| Untracked 
| 402|0x0000000732400000, 0x0000000732400000, 0x0000000732600000|  0%| F|  |TAMS 0x0000000732400000, 0x0000000732400000| Untracked 
| 403|0x0000000732600000, 0x0000000732600000, 0x0000000732800000|  0%| F|  |TAMS 0x0000000732600000, 0x0000000732600000| Untracked 
| 404|0x0000000732800000, 0x0000000732800000, 0x0000000732a00000|  0%| F|  |TAMS 0x0000000732800000, 0x0000000732800000| Untracked 
| 405|0x0000000732a00000, 0x0000000732a00000, 0x0000000732c00000|  0%| F|  |TAMS 0x0000000732a00000, 0x0000000732a00000| Untracked 
| 406|0x0000000732c00000, 0x0000000732c00000, 0x0000000732e00000|  0%| F|  |TAMS 0x0000000732c00000, 0x0000000732c00000| Untracked 
| 407|0x0000000732e00000, 0x0000000732e00000, 0x0000000733000000|  0%| F|  |TAMS 0x0000000732e00000, 0x0000000732e00000| Untracked 
| 408|0x0000000733000000, 0x0000000733000000, 0x0000000733200000|  0%| F|  |TAMS 0x0000000733000000, 0x0000000733000000| Untracked 
| 409|0x0000000733200000, 0x0000000733200000, 0x0000000733400000|  0%| F|  |TAMS 0x0000000733200000, 0x0000000733200000| Untracked 
| 410|0x0000000733400000, 0x0000000733400000, 0x0000000733600000|  0%| F|  |TAMS 0x0000000733400000, 0x0000000733400000| Untracked 
| 411|0x0000000733600000, 0x0000000733600000, 0x0000000733800000|  0%| F|  |TAMS 0x0000000733600000, 0x0000000733600000| Untracked 
| 412|0x0000000733800000, 0x0000000733800000, 0x0000000733a00000|  0%| F|  |TAMS 0x0000000733800000, 0x0000000733800000| Untracked 
| 413|0x0000000733a00000, 0x0000000733a00000, 0x0000000733c00000|  0%| F|  |TAMS 0x0000000733a00000, 0x0000000733a00000| Untracked 
| 414|0x0000000733c00000, 0x0000000733c00000, 0x0000000733e00000|  0%| F|  |TAMS 0x0000000733c00000, 0x0000000733c00000| Untracked 
| 415|0x0000000733e00000, 0x0000000733e00000, 0x0000000734000000|  0%| F|  |TAMS 0x0000000733e00000, 0x0000000733e00000| Untracked 
| 416|0x0000000734000000, 0x0000000734000000, 0x0000000734200000|  0%| F|  |TAMS 0x0000000734000000, 0x0000000734000000| Untracked 
| 417|0x0000000734200000, 0x0000000734200000, 0x0000000734400000|  0%| F|  |TAMS 0x0000000734200000, 0x0000000734200000| Untracked 
| 418|0x0000000734400000, 0x0000000734400000, 0x0000000734600000|  0%| F|  |TAMS 0x0000000734400000, 0x0000000734400000| Untracked 
| 419|0x0000000734600000, 0x0000000734600000, 0x0000000734800000|  0%| F|  |TAMS 0x0000000734600000, 0x0000000734600000| Untracked 
| 420|0x0000000734800000, 0x0000000734800000, 0x0000000734a00000|  0%| F|  |TAMS 0x0000000734800000, 0x0000000734800000| Untracked 
| 421|0x0000000734a00000, 0x0000000734a00000, 0x0000000734c00000|  0%| F|  |TAMS 0x0000000734a00000, 0x0000000734a00000| Untracked 
| 422|0x0000000734c00000, 0x0000000734c00000, 0x0000000734e00000|  0%| F|  |TAMS 0x0000000734c00000, 0x0000000734c00000| Untracked 
| 423|0x0000000734e00000, 0x0000000734e00000, 0x0000000735000000|  0%| F|  |TAMS 0x0000000734e00000, 0x0000000734e00000| Untracked 
| 424|0x0000000735000000, 0x0000000735000000, 0x0000000735200000|  0%| F|  |TAMS 0x0000000735000000, 0x0000000735000000| Untracked 
| 425|0x0000000735200000, 0x0000000735200000, 0x0000000735400000|  0%| F|  |TAMS 0x0000000735200000, 0x0000000735200000| Untracked 
| 426|0x0000000735400000, 0x0000000735400000, 0x0000000735600000|  0%| F|  |TAMS 0x0000000735400000, 0x0000000735400000| Untracked 
| 427|0x0000000735600000, 0x0000000735600000, 0x0000000735800000|  0%| F|  |TAMS 0x0000000735600000, 0x0000000735600000| Untracked 
| 428|0x0000000735800000, 0x0000000735800000, 0x0000000735a00000|  0%| F|  |TAMS 0x0000000735800000, 0x0000000735800000| Untracked 
| 429|0x0000000735a00000, 0x0000000735a00000, 0x0000000735c00000|  0%| F|  |TAMS 0x0000000735a00000, 0x0000000735a00000| Untracked 
| 430|0x0000000735c00000, 0x0000000735c00000, 0x0000000735e00000|  0%| F|  |TAMS 0x0000000735c00000, 0x0000000735c00000| Untracked 
| 431|0x0000000735e00000, 0x0000000735e00000, 0x0000000736000000|  0%| F|  |TAMS 0x0000000735e00000, 0x0000000735e00000| Untracked 
| 432|0x0000000736000000, 0x0000000736000000, 0x0000000736200000|  0%| F|  |TAMS 0x0000000736000000, 0x0000000736000000| Untracked 
| 433|0x0000000736200000, 0x0000000736200000, 0x0000000736400000|  0%| F|  |TAMS 0x0000000736200000, 0x0000000736200000| Untracked 
| 434|0x0000000736400000, 0x0000000736400000, 0x0000000736600000|  0%| F|  |TAMS 0x0000000736400000, 0x0000000736400000| Untracked 
| 435|0x0000000736600000, 0x0000000736600000, 0x0000000736800000|  0%| F|  |TAMS 0x0000000736600000, 0x0000000736600000| Untracked 
| 436|0x0000000736800000, 0x0000000736800000, 0x0000000736a00000|  0%| F|  |TAMS 0x0000000736800000, 0x0000000736800000| Untracked 
| 437|0x0000000736a00000, 0x0000000736a00000, 0x0000000736c00000|  0%| F|  |TAMS 0x0000000736a00000, 0x0000000736a00000| Untracked 
| 438|0x0000000736c00000, 0x0000000736c00000, 0x0000000736e00000|  0%| F|  |TAMS 0x0000000736c00000, 0x0000000736c00000| Untracked 
| 439|0x0000000736e00000, 0x0000000736e00000, 0x0000000737000000|  0%| F|  |TAMS 0x0000000736e00000, 0x0000000736e00000| Untracked 
| 440|0x0000000737000000, 0x0000000737000000, 0x0000000737200000|  0%| F|  |TAMS 0x0000000737000000, 0x0000000737000000| Untracked 
| 441|0x0000000737200000, 0x0000000737200000, 0x0000000737400000|  0%| F|  |TAMS 0x0000000737200000, 0x0000000737200000| Untracked 
| 442|0x0000000737400000, 0x0000000737400000, 0x0000000737600000|  0%| F|  |TAMS 0x0000000737400000, 0x0000000737400000| Untracked 
| 443|0x0000000737600000, 0x0000000737600000, 0x0000000737800000|  0%| F|  |TAMS 0x0000000737600000, 0x0000000737600000| Untracked 
| 444|0x0000000737800000, 0x0000000737800000, 0x0000000737a00000|  0%| F|  |TAMS 0x0000000737800000, 0x0000000737800000| Untracked 
| 445|0x0000000737a00000, 0x0000000737a00000, 0x0000000737c00000|  0%| F|  |TAMS 0x0000000737a00000, 0x0000000737a00000| Untracked 
| 446|0x0000000737c00000, 0x0000000737c00000, 0x0000000737e00000|  0%| F|  |TAMS 0x0000000737c00000, 0x0000000737c00000| Untracked 
| 447|0x0000000737e00000, 0x0000000737e00000, 0x0000000738000000|  0%| F|  |TAMS 0x0000000737e00000, 0x0000000737e00000| Untracked 
| 448|0x0000000738000000, 0x0000000738000000, 0x0000000738200000|  0%| F|  |TAMS 0x0000000738000000, 0x0000000738000000| Untracked 
| 449|0x0000000738200000, 0x0000000738200000, 0x0000000738400000|  0%| F|  |TAMS 0x0000000738200000, 0x0000000738200000| Untracked 
| 450|0x0000000738400000, 0x0000000738400000, 0x0000000738600000|  0%| F|  |TAMS 0x0000000738400000, 0x0000000738400000| Untracked 
| 451|0x0000000738600000, 0x0000000738600000, 0x0000000738800000|  0%| F|  |TAMS 0x0000000738600000, 0x0000000738600000| Untracked 
| 452|0x0000000738800000, 0x0000000738800000, 0x0000000738a00000|  0%| F|  |TAMS 0x0000000738800000, 0x0000000738800000| Untracked 
| 453|0x0000000738a00000, 0x0000000738a00000, 0x0000000738c00000|  0%| F|  |TAMS 0x0000000738a00000, 0x0000000738a00000| Untracked 
| 454|0x0000000738c00000, 0x0000000738c00000, 0x0000000738e00000|  0%| F|  |TAMS 0x0000000738c00000, 0x0000000738c00000| Untracked 
| 455|0x0000000738e00000, 0x0000000738e00000, 0x0000000739000000|  0%| F|  |TAMS 0x0000000738e00000, 0x0000000738e00000| Untracked 
| 456|0x0000000739000000, 0x0000000739000000, 0x0000000739200000|  0%| F|  |TAMS 0x0000000739000000, 0x0000000739000000| Untracked 
| 457|0x0000000739200000, 0x0000000739200000, 0x0000000739400000|  0%| F|  |TAMS 0x0000000739200000, 0x0000000739200000| Untracked 
| 458|0x0000000739400000, 0x0000000739400000, 0x0000000739600000|  0%| F|  |TAMS 0x0000000739400000, 0x0000000739400000| Untracked 
| 459|0x0000000739600000, 0x0000000739600000, 0x0000000739800000|  0%| F|  |TAMS 0x0000000739600000, 0x0000000739600000| Untracked 
| 460|0x0000000739800000, 0x0000000739800000, 0x0000000739a00000|  0%| F|  |TAMS 0x0000000739800000, 0x0000000739800000| Untracked 
| 461|0x0000000739a00000, 0x0000000739a00000, 0x0000000739c00000|  0%| F|  |TAMS 0x0000000739a00000, 0x0000000739a00000| Untracked 
| 462|0x0000000739c00000, 0x0000000739c00000, 0x0000000739e00000|  0%| F|  |TAMS 0x0000000739c00000, 0x0000000739c00000| Untracked 
| 463|0x0000000739e00000, 0x0000000739e00000, 0x000000073a000000|  0%| F|  |TAMS 0x0000000739e00000, 0x0000000739e00000| Untracked 
| 464|0x000000073a000000, 0x000000073a000000, 0x000000073a200000|  0%| F|  |TAMS 0x000000073a000000, 0x000000073a000000| Untracked 
| 465|0x000000073a200000, 0x000000073a200000, 0x000000073a400000|  0%| F|  |TAMS 0x000000073a200000, 0x000000073a200000| Untracked 
| 466|0x000000073a400000, 0x000000073a400000, 0x000000073a600000|  0%| F|  |TAMS 0x000000073a400000, 0x000000073a400000| Untracked 
| 467|0x000000073a600000, 0x000000073a600000, 0x000000073a800000|  0%| F|  |TAMS 0x000000073a600000, 0x000000073a600000| Untracked 
| 468|0x000000073a800000, 0x000000073a800000, 0x000000073aa00000|  0%| F|  |TAMS 0x000000073a800000, 0x000000073a800000| Untracked 
| 469|0x000000073aa00000, 0x000000073aa00000, 0x000000073ac00000|  0%| F|  |TAMS 0x000000073aa00000, 0x000000073aa00000| Untracked 
| 470|0x000000073ac00000, 0x000000073ac00000, 0x000000073ae00000|  0%| F|  |TAMS 0x000000073ac00000, 0x000000073ac00000| Untracked 
| 471|0x000000073ae00000, 0x000000073ae00000, 0x000000073b000000|  0%| F|  |TAMS 0x000000073ae00000, 0x000000073ae00000| Untracked 
| 472|0x000000073b000000, 0x000000073b000000, 0x000000073b200000|  0%| F|  |TAMS 0x000000073b000000, 0x000000073b000000| Untracked 
| 473|0x000000073b200000, 0x000000073b200000, 0x000000073b400000|  0%| F|  |TAMS 0x000000073b200000, 0x000000073b200000| Untracked 
| 474|0x000000073b400000, 0x000000073b400000, 0x000000073b600000|  0%| F|  |TAMS 0x000000073b400000, 0x000000073b400000| Untracked 
| 475|0x000000073b600000, 0x000000073b600000, 0x000000073b800000|  0%| F|  |TAMS 0x000000073b600000, 0x000000073b600000| Untracked 
| 476|0x000000073b800000, 0x000000073b800000, 0x000000073ba00000|  0%| F|  |TAMS 0x000000073b800000, 0x000000073b800000| Untracked 
| 477|0x000000073ba00000, 0x000000073ba00000, 0x000000073bc00000|  0%| F|  |TAMS 0x000000073ba00000, 0x000000073ba00000| Untracked 
| 478|0x000000073bc00000, 0x000000073bc00000, 0x000000073be00000|  0%| F|  |TAMS 0x000000073bc00000, 0x000000073bc00000| Untracked 
| 479|0x000000073be00000, 0x000000073be00000, 0x000000073c000000|  0%| F|  |TAMS 0x000000073be00000, 0x000000073be00000| Untracked 
| 480|0x000000073c000000, 0x000000073c000000, 0x000000073c200000|  0%| F|  |TAMS 0x000000073c000000, 0x000000073c000000| Untracked 
| 481|0x000000073c200000, 0x000000073c200000, 0x000000073c400000|  0%| F|  |TAMS 0x000000073c200000, 0x000000073c200000| Untracked 
| 482|0x000000073c400000, 0x000000073c400000, 0x000000073c600000|  0%| F|  |TAMS 0x000000073c400000, 0x000000073c400000| Untracked 
| 483|0x000000073c600000, 0x000000073c600000, 0x000000073c800000|  0%| F|  |TAMS 0x000000073c600000, 0x000000073c600000| Untracked 
| 484|0x000000073c800000, 0x000000073c800000, 0x000000073ca00000|  0%| F|  |TAMS 0x000000073c800000, 0x000000073c800000| Untracked 
| 485|0x000000073ca00000, 0x000000073ca00000, 0x000000073cc00000|  0%| F|  |TAMS 0x000000073ca00000, 0x000000073ca00000| Untracked 
| 486|0x000000073cc00000, 0x000000073cc00000, 0x000000073ce00000|  0%| F|  |TAMS 0x000000073cc00000, 0x000000073cc00000| Untracked 
| 487|0x000000073ce00000, 0x000000073ce00000, 0x000000073d000000|  0%| F|  |TAMS 0x000000073ce00000, 0x000000073ce00000| Untracked 
| 488|0x000000073d000000, 0x000000073d000000, 0x000000073d200000|  0%| F|  |TAMS 0x000000073d000000, 0x000000073d000000| Untracked 
| 489|0x000000073d200000, 0x000000073d200000, 0x000000073d400000|  0%| F|  |TAMS 0x000000073d200000, 0x000000073d200000| Untracked 
| 490|0x000000073d400000, 0x000000073d400000, 0x000000073d600000|  0%| F|  |TAMS 0x000000073d400000, 0x000000073d400000| Untracked 
| 491|0x000000073d600000, 0x000000073d600000, 0x000000073d800000|  0%| F|  |TAMS 0x000000073d600000, 0x000000073d600000| Untracked 
| 492|0x000000073d800000, 0x000000073d800000, 0x000000073da00000|  0%| F|  |TAMS 0x000000073d800000, 0x000000073d800000| Untracked 
| 493|0x000000073da00000, 0x000000073da00000, 0x000000073dc00000|  0%| F|  |TAMS 0x000000073da00000, 0x000000073da00000| Untracked 
| 494|0x000000073dc00000, 0x000000073dc00000, 0x000000073de00000|  0%| F|  |TAMS 0x000000073dc00000, 0x000000073dc00000| Untracked 
| 495|0x000000073de00000, 0x000000073de00000, 0x000000073e000000|  0%| F|  |TAMS 0x000000073de00000, 0x000000073de00000| Untracked 
| 496|0x000000073e000000, 0x000000073e000000, 0x000000073e200000|  0%| F|  |TAMS 0x000000073e000000, 0x000000073e000000| Untracked 
| 497|0x000000073e200000, 0x000000073e200000, 0x000000073e400000|  0%| F|  |TAMS 0x000000073e200000, 0x000000073e200000| Untracked 
| 498|0x000000073e400000, 0x000000073e400000, 0x000000073e600000|  0%| F|  |TAMS 0x000000073e400000, 0x000000073e400000| Untracked 
| 499|0x000000073e600000, 0x000000073e600000, 0x000000073e800000|  0%| F|  |TAMS 0x000000073e600000, 0x000000073e600000| Untracked 
| 500|0x000000073e800000, 0x000000073e800000, 0x000000073ea00000|  0%| F|  |TAMS 0x000000073e800000, 0x000000073e800000| Untracked 
| 501|0x000000073ea00000, 0x000000073ea00000, 0x000000073ec00000|  0%| F|  |TAMS 0x000000073ea00000, 0x000000073ea00000| Untracked 
| 502|0x000000073ec00000, 0x000000073ec00000, 0x000000073ee00000|  0%| F|  |TAMS 0x000000073ec00000, 0x000000073ec00000| Untracked 
| 503|0x000000073ee00000, 0x000000073ee00000, 0x000000073f000000|  0%| F|  |TAMS 0x000000073ee00000, 0x000000073ee00000| Untracked 
| 504|0x000000073f000000, 0x000000073f000000, 0x000000073f200000|  0%| F|  |TAMS 0x000000073f000000, 0x000000073f000000| Untracked 
| 505|0x000000073f200000, 0x000000073f200000, 0x000000073f400000|  0%| F|  |TAMS 0x000000073f200000, 0x000000073f200000| Untracked 
| 506|0x000000073f400000, 0x000000073f400000, 0x000000073f600000|  0%| F|  |TAMS 0x000000073f400000, 0x000000073f400000| Untracked 
| 507|0x000000073f600000, 0x000000073f600000, 0x000000073f800000|  0%| F|  |TAMS 0x000000073f600000, 0x000000073f600000| Untracked 
| 508|0x000000073f800000, 0x000000073f800000, 0x000000073fa00000|  0%| F|  |TAMS 0x000000073f800000, 0x000000073f800000| Untracked 
| 509|0x000000073fa00000, 0x000000073fa00000, 0x000000073fc00000|  0%| F|  |TAMS 0x000000073fa00000, 0x000000073fa00000| Untracked 
| 510|0x000000073fc00000, 0x000000073fc00000, 0x000000073fe00000|  0%| F|  |TAMS 0x000000073fc00000, 0x000000073fc00000| Untracked 
| 511|0x000000073fe00000, 0x000000073fe00000, 0x0000000740000000|  0%| F|  |TAMS 0x000000073fe00000, 0x000000073fe00000| Untracked 
| 512|0x0000000740000000, 0x0000000740000000, 0x0000000740200000|  0%| F|  |TAMS 0x0000000740000000, 0x0000000740000000| Untracked 
| 513|0x0000000740200000, 0x0000000740200000, 0x0000000740400000|  0%| F|  |TAMS 0x0000000740200000, 0x0000000740200000| Untracked 
| 514|0x0000000740400000, 0x0000000740400000, 0x0000000740600000|  0%| F|  |TAMS 0x0000000740400000, 0x0000000740400000| Untracked 
| 515|0x0000000740600000, 0x0000000740600000, 0x0000000740800000|  0%| F|  |TAMS 0x0000000740600000, 0x0000000740600000| Untracked 
| 516|0x0000000740800000, 0x0000000740800000, 0x0000000740a00000|  0%| F|  |TAMS 0x0000000740800000, 0x0000000740800000| Untracked 
| 517|0x0000000740a00000, 0x0000000740a00000, 0x0000000740c00000|  0%| F|  |TAMS 0x0000000740a00000, 0x0000000740a00000| Untracked 
| 518|0x0000000740c00000, 0x0000000740c00000, 0x0000000740e00000|  0%| F|  |TAMS 0x0000000740c00000, 0x0000000740c00000| Untracked 
| 519|0x0000000740e00000, 0x0000000740e00000, 0x0000000741000000|  0%| F|  |TAMS 0x0000000740e00000, 0x0000000740e00000| Untracked 
| 520|0x0000000741000000, 0x0000000741000000, 0x0000000741200000|  0%| F|  |TAMS 0x0000000741000000, 0x0000000741000000| Untracked 
| 521|0x0000000741200000, 0x0000000741200000, 0x0000000741400000|  0%| F|  |TAMS 0x0000000741200000, 0x0000000741200000| Untracked 
| 522|0x0000000741400000, 0x0000000741400000, 0x0000000741600000|  0%| F|  |TAMS 0x0000000741400000, 0x0000000741400000| Untracked 
| 523|0x0000000741600000, 0x0000000741600000, 0x0000000741800000|  0%| F|  |TAMS 0x0000000741600000, 0x0000000741600000| Untracked 
| 524|0x0000000741800000, 0x0000000741800000, 0x0000000741a00000|  0%| F|  |TAMS 0x0000000741800000, 0x0000000741800000| Untracked 
| 525|0x0000000741a00000, 0x0000000741a00000, 0x0000000741c00000|  0%| F|  |TAMS 0x0000000741a00000, 0x0000000741a00000| Untracked 
| 526|0x0000000741c00000, 0x0000000741c00000, 0x0000000741e00000|  0%| F|  |TAMS 0x0000000741c00000, 0x0000000741c00000| Untracked 
| 527|0x0000000741e00000, 0x0000000741e00000, 0x0000000742000000|  0%| F|  |TAMS 0x0000000741e00000, 0x0000000741e00000| Untracked 
| 528|0x0000000742000000, 0x0000000742000000, 0x0000000742200000|  0%| F|  |TAMS 0x0000000742000000, 0x0000000742000000| Untracked 
| 529|0x0000000742200000, 0x0000000742200000, 0x0000000742400000|  0%| F|  |TAMS 0x0000000742200000, 0x0000000742200000| Untracked 
| 530|0x0000000742400000, 0x0000000742400000, 0x0000000742600000|  0%| F|  |TAMS 0x0000000742400000, 0x0000000742400000| Untracked 
| 531|0x0000000742600000, 0x0000000742600000, 0x0000000742800000|  0%| F|  |TAMS 0x0000000742600000, 0x0000000742600000| Untracked 
| 532|0x0000000742800000, 0x0000000742800000, 0x0000000742a00000|  0%| F|  |TAMS 0x0000000742800000, 0x0000000742800000| Untracked 
| 533|0x0000000742a00000, 0x0000000742a00000, 0x0000000742c00000|  0%| F|  |TAMS 0x0000000742a00000, 0x0000000742a00000| Untracked 
| 534|0x0000000742c00000, 0x0000000742c00000, 0x0000000742e00000|  0%| F|  |TAMS 0x0000000742c00000, 0x0000000742c00000| Untracked 
| 535|0x0000000742e00000, 0x0000000742e00000, 0x0000000743000000|  0%| F|  |TAMS 0x0000000742e00000, 0x0000000742e00000| Untracked 
| 536|0x0000000743000000, 0x0000000743000000, 0x0000000743200000|  0%| F|  |TAMS 0x0000000743000000, 0x0000000743000000| Untracked 
| 537|0x0000000743200000, 0x0000000743200000, 0x0000000743400000|  0%| F|  |TAMS 0x0000000743200000, 0x0000000743200000| Untracked 
| 538|0x0000000743400000, 0x0000000743400000, 0x0000000743600000|  0%| F|  |TAMS 0x0000000743400000, 0x0000000743400000| Untracked 
| 539|0x0000000743600000, 0x0000000743600000, 0x0000000743800000|  0%| F|  |TAMS 0x0000000743600000, 0x0000000743600000| Untracked 
| 540|0x0000000743800000, 0x0000000743800000, 0x0000000743a00000|  0%| F|  |TAMS 0x0000000743800000, 0x0000000743800000| Untracked 
| 541|0x0000000743a00000, 0x0000000743a00000, 0x0000000743c00000|  0%| F|  |TAMS 0x0000000743a00000, 0x0000000743a00000| Untracked 
| 542|0x0000000743c00000, 0x0000000743c00000, 0x0000000743e00000|  0%| F|  |TAMS 0x0000000743c00000, 0x0000000743c00000| Untracked 
| 543|0x0000000743e00000, 0x0000000743e00000, 0x0000000744000000|  0%| F|  |TAMS 0x0000000743e00000, 0x0000000743e00000| Untracked 
| 544|0x0000000744000000, 0x0000000744000000, 0x0000000744200000|  0%| F|  |TAMS 0x0000000744000000, 0x0000000744000000| Untracked 
| 545|0x0000000744200000, 0x0000000744200000, 0x0000000744400000|  0%| F|  |TAMS 0x0000000744200000, 0x0000000744200000| Untracked 
| 546|0x0000000744400000, 0x0000000744400000, 0x0000000744600000|  0%| F|  |TAMS 0x0000000744400000, 0x0000000744400000| Untracked 
| 547|0x0000000744600000, 0x0000000744600000, 0x0000000744800000|  0%| F|  |TAMS 0x0000000744600000, 0x0000000744600000| Untracked 
| 548|0x0000000744800000, 0x0000000744800000, 0x0000000744a00000|  0%| F|  |TAMS 0x0000000744800000, 0x0000000744800000| Untracked 
| 549|0x0000000744a00000, 0x0000000744a00000, 0x0000000744c00000|  0%| F|  |TAMS 0x0000000744a00000, 0x0000000744a00000| Untracked 
| 550|0x0000000744c00000, 0x0000000744c00000, 0x0000000744e00000|  0%| F|  |TAMS 0x0000000744c00000, 0x0000000744c00000| Untracked 
| 551|0x0000000744e00000, 0x0000000744e00000, 0x0000000745000000|  0%| F|  |TAMS 0x0000000744e00000, 0x0000000744e00000| Untracked 
| 552|0x0000000745000000, 0x0000000745000000, 0x0000000745200000|  0%| F|  |TAMS 0x0000000745000000, 0x0000000745000000| Untracked 
| 553|0x0000000745200000, 0x0000000745200000, 0x0000000745400000|  0%| F|  |TAMS 0x0000000745200000, 0x0000000745200000| Untracked 
| 554|0x0000000745400000, 0x0000000745400000, 0x0000000745600000|  0%| F|  |TAMS 0x0000000745400000, 0x0000000745400000| Untracked 
| 555|0x0000000745600000, 0x0000000745600000, 0x0000000745800000|  0%| F|  |TAMS 0x0000000745600000, 0x0000000745600000| Untracked 
| 556|0x0000000745800000, 0x0000000745800000, 0x0000000745a00000|  0%| F|  |TAMS 0x0000000745800000, 0x0000000745800000| Untracked 
| 557|0x0000000745a00000, 0x0000000745a00000, 0x0000000745c00000|  0%| F|  |TAMS 0x0000000745a00000, 0x0000000745a00000| Untracked 
| 558|0x0000000745c00000, 0x0000000745c00000, 0x0000000745e00000|  0%| F|  |TAMS 0x0000000745c00000, 0x0000000745c00000| Untracked 
| 559|0x0000000745e00000, 0x0000000745e00000, 0x0000000746000000|  0%| F|  |TAMS 0x0000000745e00000, 0x0000000745e00000| Untracked 
| 560|0x0000000746000000, 0x00000007460929c0, 0x0000000746200000| 28%| S|CS|TAMS 0x0000000746000000, 0x0000000746000000| Complete 
| 561|0x0000000746200000, 0x0000000746400000, 0x0000000746400000|100%| S|CS|TAMS 0x0000000746200000, 0x0000000746200000| Complete 
| 562|0x0000000746400000, 0x0000000746600000, 0x0000000746600000|100%| S|CS|TAMS 0x0000000746400000, 0x0000000746400000| Complete 
| 563|0x0000000746600000, 0x0000000746800000, 0x0000000746800000|100%| S|CS|TAMS 0x0000000746600000, 0x0000000746600000| Complete 
| 564|0x0000000746800000, 0x0000000746800000, 0x0000000746a00000|  0%| F|  |TAMS 0x0000000746800000, 0x0000000746800000| Untracked 
| 565|0x0000000746a00000, 0x0000000746a00000, 0x0000000746c00000|  0%| F|  |TAMS 0x0000000746a00000, 0x0000000746a00000| Untracked 
| 566|0x0000000746c00000, 0x0000000746c00000, 0x0000000746e00000|  0%| F|  |TAMS 0x0000000746c00000, 0x0000000746c00000| Untracked 
| 567|0x0000000746e00000, 0x0000000746e00000, 0x0000000747000000|  0%| F|  |TAMS 0x0000000746e00000, 0x0000000746e00000| Untracked 
| 568|0x0000000747000000, 0x0000000747000000, 0x0000000747200000|  0%| F|  |TAMS 0x0000000747000000, 0x0000000747000000| Untracked 
| 569|0x0000000747200000, 0x0000000747200000, 0x0000000747400000|  0%| F|  |TAMS 0x0000000747200000, 0x0000000747200000| Untracked 
| 570|0x0000000747400000, 0x0000000747400000, 0x0000000747600000|  0%| F|  |TAMS 0x0000000747400000, 0x0000000747400000| Untracked 
| 571|0x0000000747600000, 0x0000000747600000, 0x0000000747800000|  0%| F|  |TAMS 0x0000000747600000, 0x0000000747600000| Untracked 
| 572|0x0000000747800000, 0x0000000747800000, 0x0000000747a00000|  0%| F|  |TAMS 0x0000000747800000, 0x0000000747800000| Untracked 
| 573|0x0000000747a00000, 0x0000000747a00000, 0x0000000747c00000|  0%| F|  |TAMS 0x0000000747a00000, 0x0000000747a00000| Untracked 
| 574|0x0000000747c00000, 0x0000000747c00000, 0x0000000747e00000|  0%| F|  |TAMS 0x0000000747c00000, 0x0000000747c00000| Untracked 
| 575|0x0000000747e00000, 0x0000000747e00000, 0x0000000748000000|  0%| F|  |TAMS 0x0000000747e00000, 0x0000000747e00000| Untracked 
| 576|0x0000000748000000, 0x0000000748000000, 0x0000000748200000|  0%| F|  |TAMS 0x0000000748000000, 0x0000000748000000| Untracked 

Card table byte_map: [0x0000011ced6e0000,0x0000011cedee0000] _byte_map_base: 0x0000011ce9ee0000

Marking Bits (Prev, Next): (CMBitMap*) 0x0000011cd41d13c0, (CMBitMap*) 0x0000011cd41d1380
 Prev Bits: [0x0000011cf26e0000, 0x0000011cf66e0000)
 Next Bits: [0x0000011cee6e0000, 0x0000011cf26e0000)

Polling page: 0x0000011cd3e80000

Metaspace:

Usage:
  Non-class:    160.11 MB used.
      Class:     24.68 MB used.
       Both:    184.78 MB used.

Virtual space:
  Non-class space:      192.00 MB reserved,     161.94 MB ( 84%) committed,  3 nodes.
      Class space:      416.00 MB reserved,      26.12 MB (  6%) committed,  1 nodes.
             Both:      608.00 MB reserved,     188.06 MB ( 31%) committed. 

Chunk freelists:
   Non-Class:  14.00 MB
       Class:  5.92 MB
        Both:  19.92 MB

MaxMetaspaceSize: 512.00 MB
CompressedClassSpaceSize: 416.00 MB
Initial GC threshold: 21.00 MB
Current GC threshold: 313.44 MB
CDS: on
MetaspaceReclaimPolicy: balanced
 - commit_granule_bytes: 65536.
 - commit_granule_words: 8192.
 - virtual_space_node_default_size: 8388608.
 - enlarge_chunks_in_place: 1.
 - new_chunks_are_fully_committed: 0.
 - uncommit_free_chunks: 1.
 - use_allocation_guard: 0.
 - handle_deallocations: 1.


Internal statistics:

num_allocs_failed_limit: 9.
num_arena_births: 4752.
num_arena_deaths: 452.
num_vsnodes_births: 4.
num_vsnodes_deaths: 0.
num_space_committed: 3008.
num_space_uncommitted: 1.
num_chunks_returned_to_freelist: 573.
num_chunks_taken_from_freelist: 14086.
num_chunk_merges: 176.
num_chunk_splits: 8605.
num_chunks_enlarged: 4793.
num_inconsistent_stats: 0.

CodeHeap 'non-profiled nmethods': size=120000Kb used=33054Kb max_used=33054Kb free=86945Kb
 bounds [0x0000011ce4f40000, 0x0000011ce6f90000, 0x0000011cec470000]
CodeHeap 'profiled nmethods': size=120000Kb used=65611Kb max_used=65611Kb free=54388Kb
 bounds [0x0000011cdd470000, 0x0000011ce1490000, 0x0000011ce49a0000]
CodeHeap 'non-nmethods': size=5760Kb used=1952Kb max_used=2041Kb free=3807Kb
 bounds [0x0000011ce49a0000, 0x0000011ce4c10000, 0x0000011ce4f40000]
 total_blobs=34330 nmethods=33269 adapters=971
 compilation: enabled
              stopped_count=0, restarted_count=0
 full_count=0

Compilation events (20 events):
Event: 8700.956 Thread 0x0000011cf8a3d180 42771       2       com.android.tools.r8.graph.k1$$Lambda$4717/0x0000011c82a0fac8::<init> (32 bytes)
Event: 8700.957 Thread 0x0000011cf8a3d180 nmethod 42771 0x0000011ce1483790 code [0x0000011ce1483940, 0x0000011ce1483bd8]
Event: 8700.961 Thread 0x0000011cf8a39c40 nmethod 42753 0x0000011ce6f83210 code [0x0000011ce6f834c0, 0x0000011ce6f84ac0]
Event: 8700.961 Thread 0x0000011cf8a39c40 42767       4       com.android.tools.r8.graph.k1$a::a (7 bytes)
Event: 8700.962 Thread 0x0000011cf8a39c40 nmethod 42767 0x0000011ce6f85b90 code [0x0000011ce6f85d00, 0x0000011ce6f85e38]
Event: 8700.962 Thread 0x0000011cf8a39c40 42202       4       com.android.tools.r8.dex.C$$Lambda$4790/0x0000011c82a3b430::get (4 bytes)
Event: 8700.962 Thread 0x0000011cf8a39c40 nmethod 42202 0x0000011ce6f85e90 code [0x0000011ce6f86020, 0x0000011ce6f86098]
Event: 8700.962 Thread 0x0000011cf8a39c40 42458       4       java.util.function.Function::andThen (13 bytes)
Event: 8700.963 Thread 0x0000011cf8a39c40 nmethod 42458 0x0000011ce6f86190 code [0x0000011ce6f86320, 0x0000011ce6f86418]
Event: 8700.963 Thread 0x0000011cf8a39c40 42205       4       com.android.tools.r8.dex.C$$Lambda$4791/0x0000011c82a42240::get (8 bytes)
Event: 8700.964 Thread 0x0000011cf8a39c40 nmethod 42205 0x0000011ce6f86510 code [0x0000011ce6f866a0, 0x0000011ce6f86768]
Event: 8700.964 Thread 0x0000011cf8a39c40 42212       4       com.android.tools.r8.internal.pp::hashCode (21 bytes)
Event: 8700.964 Thread 0x0000011cf8a39c40 nmethod 42212 0x0000011ce6f86810 code [0x0000011ce6f869a0, 0x0000011ce6f86a88]
Event: 8700.964 Thread 0x0000011cf8a39c40 42223       4       com.android.tools.r8.internal.pp::<init> (21 bytes)
Event: 8700.966 Thread 0x0000011cf8a39c40 nmethod 42223 0x0000011ce6f86b90 code [0x0000011ce6f86d20, 0x0000011ce6f86eb8]
Event: 8700.966 Thread 0x0000011cf8a39c40 42219       4       com.android.tools.r8.dex.C::b (36 bytes)
Event: 8700.967 Thread 0x0000011cf8a39c40 nmethod 42219 0x0000011ce6f87110 code [0x0000011ce6f872a0, 0x0000011ce6f873e8]
Event: 8700.967 Thread 0x0000011cf8a39c40 42016       4       com.android.tools.r8.graph.z2$$Lambda$4127/0x0000011c82890f10::apply (11 bytes)
Event: 8700.968 Thread 0x0000011cf8a39c40 nmethod 42016 0x0000011ce6f87590 code [0x0000011ce6f87720, 0x0000011ce6f877d8]
Event: 8700.968 Thread 0x0000011cf8a39c40 42341       4       com.android.tools.r8.internal.Qc::a (117 bytes)

GC Heap History (20 events):
Event: 8694.245 GC heap after
{Heap after GC invocations=94 (full 0):
 garbage-first heap   total 811008K, used 653064K [0x0000000700000000, 0x0000000800000000)
  region size 2048K, 3 young (6144K), 3 survivors (6144K)
 Metaspace       used 187620K, committed 190464K, reserved 622592K
  class space    used 25093K, committed 26496K, reserved 425984K
}
Event: 8695.179 GC heap before
{Heap before GC invocations=94 (full 0):
 garbage-first heap   total 811008K, used 718600K [0x0000000700000000, 0x0000000800000000)
  region size 2048K, 36 young (73728K), 3 survivors (6144K)
 Metaspace       used 187682K, committed 190528K, reserved 622592K
  class space    used 25095K, committed 26496K, reserved 425984K
}
Event: 8695.184 GC heap after
{Heap after GC invocations=95 (full 0):
 garbage-first heap   total 811008K, used 652479K [0x0000000700000000, 0x0000000800000000)
  region size 2048K, 3 young (6144K), 3 survivors (6144K)
 Metaspace       used 187682K, committed 190528K, reserved 622592K
  class space    used 25095K, committed 26496K, reserved 425984K
}
Event: 8695.697 GC heap before
{Heap before GC invocations=95 (full 0):
 garbage-first heap   total 811008K, used 720063K [0x0000000700000000, 0x0000000800000000)
  region size 2048K, 36 young (73728K), 3 survivors (6144K)
 Metaspace       used 187989K, committed 190848K, reserved 622592K
  class space    used 25146K, committed 26560K, reserved 425984K
}
Event: 8695.702 GC heap after
{Heap after GC invocations=96 (full 0):
 garbage-first heap   total 811008K, used 652952K [0x0000000700000000, 0x0000000800000000)
  region size 2048K, 3 young (6144K), 3 survivors (6144K)
 Metaspace       used 187989K, committed 190848K, reserved 622592K
  class space    used 25146K, committed 26560K, reserved 425984K
}
Event: 8697.132 GC heap before
{Heap before GC invocations=96 (full 0):
 garbage-first heap   total 811008K, used 734872K [0x0000000700000000, 0x0000000800000000)
  region size 2048K, 36 young (73728K), 3 survivors (6144K)
 Metaspace       used 188784K, committed 191616K, reserved 622592K
  class space    used 25245K, committed 26624K, reserved 425984K
}
Event: 8697.142 GC heap after
{Heap after GC invocations=97 (full 0):
 garbage-first heap   total 811008K, used 680268K [0x0000000700000000, 0x0000000800000000)
  region size 2048K, 5 young (10240K), 5 survivors (10240K)
 Metaspace       used 188784K, committed 191616K, reserved 622592K
  class space    used 25245K, committed 26624K, reserved 425984K
}
Event: 8697.211 GC heap before
{Heap before GC invocations=97 (full 0):
 garbage-first heap   total 811008K, used 723276K [0x0000000700000000, 0x0000000800000000)
  region size 2048K, 20 young (40960K), 5 survivors (10240K)
 Metaspace       used 189045K, committed 191936K, reserved 622592K
  class space    used 25294K, committed 26688K, reserved 425984K
}
Event: 8697.215 GC heap after
{Heap after GC invocations=98 (full 0):
 garbage-first heap   total 811008K, used 696333K [0x0000000700000000, 0x0000000800000000)
  region size 2048K, 3 young (6144K), 3 survivors (6144K)
 Metaspace       used 189045K, committed 191936K, reserved 622592K
  class space    used 25294K, committed 26688K, reserved 425984K
}
Event: 8697.232 GC heap before
{Heap before GC invocations=98 (full 0):
 garbage-first heap   total 811008K, used 720909K [0x0000000700000000, 0x0000000800000000)
  region size 2048K, 10 young (20480K), 3 survivors (6144K)
 Metaspace       used 189045K, committed 191936K, reserved 622592K
  class space    used 25294K, committed 26688K, reserved 425984K
}
Event: 8697.242 GC heap after
{Heap after GC invocations=99 (full 0):
 garbage-first heap   total 811008K, used 709027K [0x0000000700000000, 0x0000000800000000)
  region size 2048K, 3 young (6144K), 3 survivors (6144K)
 Metaspace       used 189045K, committed 191936K, reserved 622592K
  class space    used 25294K, committed 26688K, reserved 425984K
}
Event: 8697.593 GC heap before
{Heap before GC invocations=99 (full 0):
 garbage-first heap   total 811008K, used 747939K [0x0000000700000000, 0x0000000800000000)
  region size 2048K, 19 young (38912K), 3 survivors (6144K)
 Metaspace       used 189351K, committed 192192K, reserved 622592K
  class space    used 25317K, committed 26688K, reserved 425984K
}
Event: 8697.602 GC heap after
{Heap after GC invocations=100 (full 0):
 garbage-first heap   total 811008K, used 718240K [0x0000000700000000, 0x0000000800000000)
  region size 2048K, 3 young (6144K), 3 survivors (6144K)
 Metaspace       used 189351K, committed 192192K, reserved 622592K
  class space    used 25317K, committed 26688K, reserved 425984K
}
Event: 8698.013 GC heap before
{Heap before GC invocations=100 (full 0):
 garbage-first heap   total 811008K, used 748960K [0x0000000700000000, 0x0000000800000000)
  region size 2048K, 19 young (38912K), 3 survivors (6144K)
 Metaspace       used 189760K, committed 192640K, reserved 622592K
  class space    used 25374K, committed 26752K, reserved 425984K
}
Event: 8698.033 GC heap after
{Heap after GC invocations=101 (full 0):
 garbage-first heap   total 811008K, used 728901K [0x0000000700000000, 0x0000000800000000)
  region size 2048K, 3 young (6144K), 3 survivors (6144K)
 Metaspace       used 189760K, committed 192640K, reserved 622592K
  class space    used 25374K, committed 26752K, reserved 425984K
}
Event: 8698.907 GC heap before
{Heap before GC invocations=101 (full 0):
 garbage-first heap   total 1181696K, used 710469K [0x0000000700000000, 0x0000000800000000)
  region size 2048K, 19 young (38912K), 3 survivors (6144K)
 Metaspace       used 188975K, committed 192576K, reserved 622592K
  class space    used 25234K, committed 26752K, reserved 425984K
}
Event: 8698.939 GC heap after
{Heap after GC invocations=102 (full 0):
 garbage-first heap   total 1181696K, used 691926K [0x0000000700000000, 0x0000000800000000)
  region size 2048K, 3 young (6144K), 3 survivors (6144K)
 Metaspace       used 188975K, committed 192576K, reserved 622592K
  class space    used 25234K, committed 26752K, reserved 425984K
}
Event: 8700.392 GC heap before
{Heap before GC invocations=103 (full 0):
 garbage-first heap   total 1181696K, used 923350K [0x0000000700000000, 0x0000000800000000)
  region size 2048K, 115 young (235520K), 3 survivors (6144K)
 Metaspace       used 189033K, committed 192576K, reserved 622592K
  class space    used 25237K, committed 26752K, reserved 425984K
}
Event: 8700.513 GC heap after
{Heap after GC invocations=104 (full 0):
 garbage-first heap   total 1181696K, used 796672K [0x0000000700000000, 0x0000000800000000)
  region size 2048K, 15 young (30720K), 15 survivors (30720K)
 Metaspace       used 189033K, committed 192576K, reserved 622592K
  class space    used 25237K, committed 26752K, reserved 425984K
}
Event: 8700.970 GC heap before
{Heap before GC invocations=104 (full 0):
 garbage-first heap   total 1181696K, used 823296K [0x0000000700000000, 0x0000000800000000)
  region size 2048K, 28 young (57344K), 15 survivors (30720K)
 Metaspace       used 189219K, committed 192576K, reserved 622592K
  class space    used 25269K, committed 26752K, reserved 425984K
}

Dll operation events (15 events):
Event: 0.009 Loaded shared library C:\Program Files\Eclipse Adoptium\jdk-17.0.18.8-hotspot\bin\java.dll
Event: 0.021 Loaded shared library C:\Program Files\Eclipse Adoptium\jdk-17.0.18.8-hotspot\bin\jsvml.dll
Event: 0.050 Loaded shared library C:\Program Files\Eclipse Adoptium\jdk-17.0.18.8-hotspot\bin\zip.dll
Event: 0.053 Loaded shared library C:\Program Files\Eclipse Adoptium\jdk-17.0.18.8-hotspot\bin\instrument.dll
Event: 0.056 Loaded shared library C:\Program Files\Eclipse Adoptium\jdk-17.0.18.8-hotspot\bin\net.dll
Event: 0.058 Loaded shared library C:\Program Files\Eclipse Adoptium\jdk-17.0.18.8-hotspot\bin\nio.dll
Event: 0.060 Loaded shared library C:\Program Files\Eclipse Adoptium\jdk-17.0.18.8-hotspot\bin\zip.dll
Event: 0.216 Loaded shared library C:\Program Files\Eclipse Adoptium\jdk-17.0.18.8-hotspot\bin\jimage.dll
Event: 0.383 Loaded shared library C:\Program Files\Eclipse Adoptium\jdk-17.0.18.8-hotspot\bin\verify.dll
Event: 0.413 Loaded shared library C:\Users\hp\.gradle\native\1def1411415f61bf3af743bc5b6707747c0891f09f0c88961ee8f79bc544acac\windows-amd64\native-platform.dll
Event: 0.425 Loaded shared library C:\Users\hp\.gradle\native\0.2.8\x86_64-windows-gnu\gradle-fileevents.dll
Event: 1.385 Loaded shared library C:\Program Files\Eclipse Adoptium\jdk-17.0.18.8-hotspot\bin\management.dll
Event: 1.387 Loaded shared library C:\Program Files\Eclipse Adoptium\jdk-17.0.18.8-hotspot\bin\management_ext.dll
Event: 1.604 Loaded shared library C:\Program Files\Eclipse Adoptium\jdk-17.0.18.8-hotspot\bin\extnet.dll
Event: 1.792 Loaded shared library C:\Program Files\Eclipse Adoptium\jdk-17.0.18.8-hotspot\bin\sunmscapi.dll

Deoptimization events (20 events):
Event: 8700.813 Thread 0x0000011c9d5563b0 Uncommon trap: trap_request=0xffffffde fr.pc=0x0000011ce66cd294 relative=0x0000000000000534
Event: 8700.813 Thread 0x0000011c9d5563b0 Uncommon trap: reason=class_check action=maybe_recompile pc=0x0000011ce66cd294 method=com.android.tools.r8.internal.EA.a(Ljava/util/function/Predicate;Ljava/util/function/Function;Lcom/android/tools/r8/internal/ps0;Lcom/android/tools/r8/internal/qs0;)Lcom
Event: 8700.813 Thread 0x0000011c9d5563b0 DEOPT PACKING pc=0x0000011ce66cd294 sp=0x00000011887fcd10
Event: 8700.813 Thread 0x0000011c9d5563b0 DEOPT UNPACKING pc=0x0000011ce49fa1a3 sp=0x00000011887fcca8 mode 2
Event: 8700.813 Thread 0x0000011c9d5563b0 Uncommon trap: trap_request=0xffffffde fr.pc=0x0000011ce66cd294 relative=0x0000000000000534
Event: 8700.813 Thread 0x0000011c9d5563b0 Uncommon trap: reason=class_check action=maybe_recompile pc=0x0000011ce66cd294 method=com.android.tools.r8.internal.EA.a(Ljava/util/function/Predicate;Ljava/util/function/Function;Lcom/android/tools/r8/internal/ps0;Lcom/android/tools/r8/internal/qs0;)Lcom
Event: 8700.813 Thread 0x0000011c9d5563b0 DEOPT PACKING pc=0x0000011ce66cd294 sp=0x00000011887fcc10
Event: 8700.813 Thread 0x0000011c9d5563b0 DEOPT UNPACKING pc=0x0000011ce49fa1a3 sp=0x00000011887fcba8 mode 2
Event: 8700.813 Thread 0x0000011c9d5563b0 Uncommon trap: trap_request=0xffffffde fr.pc=0x0000011ce66cd294 relative=0x0000000000000534
Event: 8700.813 Thread 0x0000011c9d5563b0 Uncommon trap: reason=class_check action=maybe_recompile pc=0x0000011ce66cd294 method=com.android.tools.r8.internal.EA.a(Ljava/util/function/Predicate;Ljava/util/function/Function;Lcom/android/tools/r8/internal/ps0;Lcom/android/tools/r8/internal/qs0;)Lcom
Event: 8700.813 Thread 0x0000011c9d5563b0 DEOPT PACKING pc=0x0000011ce66cd294 sp=0x00000011887fcc90
Event: 8700.813 Thread 0x0000011c9d5563b0 DEOPT UNPACKING pc=0x0000011ce49fa1a3 sp=0x00000011887fcc28 mode 2
Event: 8700.813 Thread 0x0000011c9d5563b0 Uncommon trap: trap_request=0xffffffde fr.pc=0x0000011ce66cd294 relative=0x0000000000000534
Event: 8700.813 Thread 0x0000011c9d5563b0 Uncommon trap: reason=class_check action=maybe_recompile pc=0x0000011ce66cd294 method=com.android.tools.r8.internal.EA.a(Ljava/util/function/Predicate;Ljava/util/function/Function;Lcom/android/tools/r8/internal/ps0;Lcom/android/tools/r8/internal/qs0;)Lcom
Event: 8700.813 Thread 0x0000011c9d5563b0 DEOPT PACKING pc=0x0000011ce66cd294 sp=0x00000011887fcb90
Event: 8700.813 Thread 0x0000011c9d5563b0 DEOPT UNPACKING pc=0x0000011ce49fa1a3 sp=0x00000011887fcb28 mode 2
Event: 8700.837 Thread 0x0000011c9d5563b0 DEOPT PACKING pc=0x0000011ce0e96655 sp=0x00000011887fd9f0
Event: 8700.837 Thread 0x0000011c9d5563b0 DEOPT UNPACKING pc=0x0000011ce49face3 sp=0x00000011887fcea8 mode 0
Event: 8700.898 Thread 0x0000011c9d5563b0 DEOPT PACKING pc=0x0000011ce0e96655 sp=0x00000011887fcde0
Event: 8700.898 Thread 0x0000011c9d5563b0 DEOPT UNPACKING pc=0x0000011ce49face3 sp=0x00000011887fc298 mode 0

Classes loaded (20 events):
Event: 8680.444 Loading class javax/xml/stream/events/Comment done
Event: 8680.444 Loading class com/sun/xml/internal/stream/events/CommentEvent done
Event: 8680.562 Loading class com/sun/xml/internal/stream/util/ReadOnlyIterator
Event: 8680.563 Loading class com/sun/xml/internal/stream/util/ReadOnlyIterator done
Event: 8680.594 Loading class java/nio/ShortBuffer
Event: 8680.595 Loading class java/nio/ShortBuffer done
Event: 8680.620 Loading class java/nio/ByteBufferAsShortBufferL
Event: 8680.620 Loading class java/nio/ByteBufferAsShortBufferL done
Event: 8680.662 Loading class java/util/zip/Adler32
Event: 8680.663 Loading class java/util/zip/Adler32 done
Event: 8696.703 Loading class java/util/concurrent/Executors$DelegatedScheduledExecutorService
Event: 8696.703 Loading class java/util/concurrent/Executors$DelegatedExecutorService
Event: 8696.703 Loading class java/util/concurrent/Executors$DelegatedExecutorService done
Event: 8696.703 Loading class java/util/concurrent/Executors$DelegatedScheduledExecutorService done
Event: 8697.732 Loading class java/nio/HeapShortBuffer
Event: 8697.733 Loading class java/nio/HeapShortBuffer done
Event: 8699.062 Loading class java/util/concurrent/ForkJoinTask$AdaptedCallable
Event: 8699.062 Loading class java/util/concurrent/ForkJoinTask$AdaptedCallable done
Event: 8699.062 Loading class java/util/concurrent/ForkJoinPool$DefaultForkJoinWorkerThreadFactory$1
Event: 8699.063 Loading class java/util/concurrent/ForkJoinPool$DefaultForkJoinWorkerThreadFactory$1 done

Classes unloaded (20 events):
Event: 8698.719 Thread 0x0000011cf8a18770 Unloading class 0x0000011c814b9c00 'java/lang/invoke/LambdaForm$DMH+0x0000011c814b9c00'
Event: 8698.719 Thread 0x0000011cf8a18770 Unloading class 0x0000011c814b6c00 'java/lang/invoke/LambdaForm$DMH+0x0000011c814b6c00'
Event: 8698.719 Thread 0x0000011cf8a18770 Unloading class 0x0000011c81449400 'java/lang/invoke/LambdaForm$MH+0x0000011c81449400'
Event: 8698.719 Thread 0x0000011cf8a18770 Unloading class 0x0000011c811e7c00 'java/lang/invoke/LambdaForm$MH+0x0000011c811e7c00'
Event: 8698.719 Thread 0x0000011cf8a18770 Unloading class 0x0000011c811e7800 'java/lang/invoke/LambdaForm$MH+0x0000011c811e7800'
Event: 8698.719 Thread 0x0000011cf8a18770 Unloading class 0x0000011c811e7400 'java/lang/invoke/LambdaForm$MH+0x0000011c811e7400'
Event: 8698.719 Thread 0x0000011cf8a18770 Unloading class 0x0000011c811e7000 'java/lang/invoke/LambdaForm$MH+0x0000011c811e7000'
Event: 8698.719 Thread 0x0000011cf8a18770 Unloading class 0x0000011c811e6c00 'java/lang/invoke/LambdaForm$MH+0x0000011c811e6c00'
Event: 8698.719 Thread 0x0000011cf8a18770 Unloading class 0x0000011c811e6800 'java/lang/invoke/LambdaForm$MH+0x0000011c811e6800'
Event: 8698.719 Thread 0x0000011cf8a18770 Unloading class 0x0000011c811e6400 'java/lang/invoke/LambdaForm$MH+0x0000011c811e6400'
Event: 8698.719 Thread 0x0000011cf8a18770 Unloading class 0x0000011c811e6000 'java/lang/invoke/LambdaForm$MH+0x0000011c811e6000'
Event: 8698.719 Thread 0x0000011cf8a18770 Unloading class 0x0000011c811e5c00 'java/lang/invoke/LambdaForm$MH+0x0000011c811e5c00'
Event: 8698.719 Thread 0x0000011cf8a18770 Unloading class 0x0000011c811e5800 'java/lang/invoke/LambdaForm$MH+0x0000011c811e5800'
Event: 8698.719 Thread 0x0000011cf8a18770 Unloading class 0x0000011c811e4800 'java/lang/invoke/LambdaForm$MH+0x0000011c811e4800'
Event: 8698.719 Thread 0x0000011cf8a18770 Unloading class 0x0000011c811e4400 'java/lang/invoke/LambdaForm$BMH+0x0000011c811e4400'
Event: 8698.719 Thread 0x0000011cf8a18770 Unloading class 0x0000011c81118800 'java/lang/invoke/LambdaForm$DMH+0x0000011c81118800'
Event: 8698.719 Thread 0x0000011cf8a18770 Unloading class 0x0000011c81118000 'java/lang/invoke/LambdaForm$DMH+0x0000011c81118000'
Event: 8698.719 Thread 0x0000011cf8a18770 Unloading class 0x0000011c8103a800 'java/lang/invoke/LambdaForm$MH+0x0000011c8103a800'
Event: 8698.719 Thread 0x0000011cf8a18770 Unloading class 0x0000011c8103a400 'java/lang/invoke/LambdaForm$MH+0x0000011c8103a400'
Event: 8698.719 Thread 0x0000011cf8a18770 Unloading class 0x0000011c81038000 'java/lang/invoke/LambdaForm$MH+0x0000011c81038000'

Classes redefined (0 events):
No events

Internal exceptions (20 events):
Event: 8697.220 Thread 0x0000011ca0282460 Exception <a 'sun/nio/fs/WindowsException'{0x00000007311e1ee0}> (0x00000007311e1ee0) 
thrown [s\src\hotspot\share\prims\jni.cpp, line 516]
Event: 8697.223 Thread 0x0000011ca0282460 Exception <a 'sun/nio/fs/WindowsException'{0x00000007311e32b0}> (0x00000007311e32b0) 
thrown [s\src\hotspot\share\prims\jni.cpp, line 516]
Event: 8697.225 Thread 0x0000011ca0282460 Exception <a 'sun/nio/fs/WindowsException'{0x00000007311e4410}> (0x00000007311e4410) 
thrown [s\src\hotspot\share\prims\jni.cpp, line 516]
Event: 8697.225 Thread 0x0000011ca0282460 Exception <a 'sun/nio/fs/WindowsException'{0x00000007311e4590}> (0x00000007311e4590) 
thrown [s\src\hotspot\share\prims\jni.cpp, line 516]
Event: 8697.225 Thread 0x0000011ca0282460 Exception <a 'sun/nio/fs/WindowsException'{0x00000007311e5928}> (0x00000007311e5928) 
thrown [s\src\hotspot\share\prims\jni.cpp, line 516]
Event: 8697.225 Thread 0x0000011ca0282460 Exception <a 'sun/nio/fs/WindowsException'{0x00000007311e6aa0}> (0x00000007311e6aa0) 
thrown [s\src\hotspot\share\prims\jni.cpp, line 516]
Event: 8697.225 Thread 0x0000011ca0282460 Exception <a 'sun/nio/fs/WindowsException'{0x00000007311e6c38}> (0x00000007311e6c38) 
thrown [s\src\hotspot\share\prims\jni.cpp, line 516]
Event: 8697.225 Thread 0x0000011ca0282460 Exception <a 'sun/nio/fs/WindowsException'{0x00000007311e7f70}> (0x00000007311e7f70) 
thrown [s\src\hotspot\share\prims\jni.cpp, line 516]
Event: 8697.225 Thread 0x0000011ca0282460 Exception <a 'sun/nio/fs/WindowsException'{0x00000007311e90b8}> (0x00000007311e90b8) 
thrown [s\src\hotspot\share\prims\jni.cpp, line 516]
Event: 8697.225 Thread 0x0000011ca0282460 Exception <a 'sun/nio/fs/WindowsException'{0x00000007311e9220}> (0x00000007311e9220) 
thrown [s\src\hotspot\share\prims\jni.cpp, line 516]
Event: 8697.244 Thread 0x0000011ca0282460 Exception <a 'sun/nio/fs/WindowsException'{0x0000000731600300}> (0x0000000731600300) 
thrown [s\src\hotspot\share\prims\jni.cpp, line 516]
Event: 8697.262 Thread 0x0000011ca0282460 Exception <a 'java/lang/NoSuchMethodError'{0x00000007315b3cb8}: static Lcom/android/builder/internal/aapt/AaptOptions;.<clinit>()V> (0x00000007315b3cb8) 
thrown [s\src\hotspot\share\prims\jni.cpp, line 1112]
Event: 8697.265 Thread 0x0000011ca0282460 Exception <a 'java/lang/NoSuchMethodError'{0x00000007315f0258}: static Lcom/android/build/api/variant/impl/SerializableApplicationMultiOutputHandler;.<clinit>()V> (0x00000007315f0258) 
thrown [s\src\hotspot\share\prims\jni.cpp, line 1112]
Event: 8697.266 Thread 0x0000011ca0282460 Exception <a 'java/lang/NoSuchMethodError'{0x0000000731208438}: static Lcom/android/build/api/variant/impl/VariantOutputImpl$SerializedForm;.<clinit>()V> (0x0000000731208438) 
thrown [s\src\hotspot\share\prims\jni.cpp, line 1112]
Event: 8697.267 Thread 0x0000011ca0282460 Exception <a 'java/lang/NoSuchMethodError'{0x000000073121edb8}: static Lcom/android/build/api/variant/impl/VariantOutputConfigurationImpl;.<clinit>()V> (0x000000073121edb8) 
thrown [s\src\hotspot\share\prims\jni.cpp, line 1112]
Event: 8697.313 Thread 0x0000011c9d558c30 Exception <a 'sun/nio/fs/WindowsException'{0x0000000730294bf8}> (0x0000000730294bf8) 
thrown [s\src\hotspot\share\prims\jni.cpp, line 516]
Event: 8697.766 Thread 0x0000011c9d5577f0 Exception <a 'java/lang/NoSuchMethodError'{0x0000000730a75ad8}: 'long java.lang.invoke.DirectMethodHandle$Holder.invokeStatic(java.lang.Object, java.lang.Object, java.lang.Object)'> (0x0000000730a75ad8) 
thrown [s\src\hotspot\share\interpreter\linkResolver.cpp, line 759]
Event: 8697.824 Thread 0x0000011c9d5577f0 Exception <a 'sun/nio/fs/WindowsException'{0x000000073020eb78}> (0x000000073020eb78) 
thrown [s\src\hotspot\share\prims\jni.cpp, line 516]
Event: 8700.635 Thread 0x0000011c9d5563b0 Exception <a 'java/lang/NoSuchMethodError'{0x0000000747b45f38}: 'java.lang.Object java.lang.invoke.DirectMethodHandle$Holder.newInvokeSpecial(java.lang.Object, int, java.lang.Object, java.lang.Object, java.lang.Object)'> (0x0000000747b45f38) 
thrown [s\src\hotspot\share\interpreter\linkResolver.cpp, line 759]
Event: 8700.635 Thread 0x0000011c9d5563b0 Exception <a 'java/lang/NoSuchMethodError'{0x0000000747b4a148}: 'java.lang.Object java.lang.invoke.DirectMethodHandle$Holder.invokeSpecial(java.lang.Object, java.lang.Object, int, java.lang.Object, java.lang.Object, java.lang.Object)'> (0x0000000747b4a148) 
thrown [s\src\hotspot\share\interpreter\linkResolver.cpp, line 759]

VM Operations (20 events):
Event: 8698.033 Executing VM operation: G1CollectForAllocation done
Event: 8698.706 Executing VM operation: G1PauseRemark
Event: 8698.845 Executing VM operation: G1PauseRemark done
Event: 8698.907 Executing VM operation: G1CollectForAllocation
Event: 8698.939 Executing VM operation: G1CollectForAllocation done
Event: 8699.140 Executing VM operation: G1PauseCleanup
Event: 8699.142 Executing VM operation: G1PauseCleanup done
Event: 8699.171 Executing VM operation: HandshakeAllThreads
Event: 8699.176 Executing VM operation: HandshakeAllThreads done
Event: 8699.194 Executing VM operation: HandshakeAllThreads
Event: 8699.237 Executing VM operation: HandshakeAllThreads done
Event: 8700.238 Executing VM operation: Cleanup
Event: 8700.239 Executing VM operation: Cleanup done
Event: 8700.335 Executing VM operation: HandshakeAllThreads
Event: 8700.391 Executing VM operation: HandshakeAllThreads done
Event: 8700.391 Executing VM operation: G1CollectForAllocation
Event: 8700.513 Executing VM operation: G1CollectForAllocation done
Event: 8700.737 Executing VM operation: ICBufferFull
Event: 8700.737 Executing VM operation: ICBufferFull done
Event: 8700.969 Executing VM operation: G1CollectForAllocation

Memory protections (0 events):
No events

Nmethod flushes (20 events):
Event: 8700.612 Thread 0x0000011cf8a4c900 flushing  nmethod 0x0000011ce092b490
Event: 8700.613 Thread 0x0000011cf8a4c900 flushing  nmethod 0x0000011ce09c4090
Event: 8700.614 Thread 0x0000011cf8a4c900 flushing  nmethod 0x0000011ce0a3c510
Event: 8700.614 Thread 0x0000011cf8a4c900 flushing  nmethod 0x0000011ce0a4f290
Event: 8700.614 Thread 0x0000011cf8a4c900 flushing  nmethod 0x0000011ce0a85790
Event: 8700.614 Thread 0x0000011cf8a4c900 flushing  nmethod 0x0000011ce0a87b10
Event: 8700.615 Thread 0x0000011cf8a4c900 flushing  nmethod 0x0000011ce0b45e10
Event: 8700.615 Thread 0x0000011cf8a4c900 flushing  nmethod 0x0000011ce0b95310
Event: 8700.617 Thread 0x0000011cf8a4c900 flushing  nmethod 0x0000011ce0c9e810
Event: 8700.620 Thread 0x0000011cf8a4c900 flushing  nmethod 0x0000011ce0ef5290
Event: 8700.620 Thread 0x0000011cf8a4c900 flushing  nmethod 0x0000011ce0f49f90
Event: 8700.622 Thread 0x0000011cf8a4c900 flushing  nmethod 0x0000011ce10d9b10
Event: 8700.622 Thread 0x0000011cf8a4c900 flushing  nmethod 0x0000011ce10da090
Event: 8700.622 Thread 0x0000011cf8a4c900 flushing  nmethod 0x0000011ce1193a90
Event: 8700.622 Thread 0x0000011cf8a4c900 flushing  nmethod 0x0000011ce1194110
Event: 8700.622 Thread 0x0000011cf8a4c900 flushing  nmethod 0x0000011ce11a9c10
Event: 8700.624 Thread 0x0000011cf8a4c900 flushing  nmethod 0x0000011ce12ec590
Event: 8700.624 Thread 0x0000011cf8a4c900 flushing  nmethod 0x0000011ce13c1f10
Event: 8700.624 Thread 0x0000011cf8a4c900 flushing  nmethod 0x0000011ce13c5890
Event: 8700.625 Thread 0x0000011cf8a4c900 flushing  nmethod 0x0000011ce13c6f90

Events (20 events):
Event: 8682.965 Thread 0x0000011ca0650310 Thread exited: 0x0000011ca0650310
Event: 8682.965 Thread 0x0000011c9bc2a5a0 Thread exited: 0x0000011c9bc2a5a0
Event: 8683.043 Thread 0x0000011cf8a3d180 Thread added: 0x0000011c9bc2a5a0
Event: 8685.615 Thread 0x0000011c9bc2a5a0 Thread exited: 0x0000011c9bc2a5a0
Event: 8686.553 Thread 0x0000011cf8a3d180 Thread added: 0x0000011ca7db80d0
Event: 8686.556 Thread 0x0000011cf8a3d180 Thread added: 0x0000011c9d521af0
Event: 8696.705 Thread 0x0000011c9f6f2760 Thread added: 0x0000011ca696c410
Event: 8696.722 Thread 0x0000011c9f6f2760 Thread added: 0x0000011ca696ce30
Event: 8696.722 Thread 0x0000011c9f6f2760 Thread added: 0x0000011ca696d340
Event: 8698.701 Thread 0x0000011c9d521af0 Thread exited: 0x0000011c9d521af0
Event: 8698.872 Thread 0x0000011ca7db80d0 Thread exited: 0x0000011ca7db80d0
Event: 8699.063 Thread 0x0000011c9d5563b0 Thread added: 0x0000011ca696d850
Event: 8699.063 Thread 0x0000011ca696d850 Thread added: 0x0000011ca696dd60
Event: 8699.069 Thread 0x0000011ca696dd60 Thread added: 0x0000011ca696f1a0
Event: 8699.075 Thread 0x0000011ca696f1a0 Thread added: 0x0000011ca696e270
Event: 8699.097 Thread 0x0000011cf8a3d180 Thread added: 0x0000011ca7db7630
Event: 8699.142 Thread 0x0000011ca696e270 Thread added: 0x0000011ca696e780
Event: 8699.152 Thread 0x0000011ca696e780 Thread added: 0x0000011ca696ec90
Event: 8699.154 Thread 0x0000011ca696ec90 Thread added: 0x0000011ca696b9f0
Event: 8699.171 Thread 0x0000011ca696b9f0 Thread added: 0x0000011ca696bf00


Dynamic libraries:
0x00007ff7b0260000 - 0x00007ff7b026e000 	C:\Program Files\Eclipse Adoptium\jdk-17.0.18.8-hotspot\bin\java.exe
0x00007ffa2f780000 - 0x00007ffa2f9e7000 	C:\WINDOWS\SYSTEM32\ntdll.dll
0x00007ffa2eb90000 - 0x00007ffa2ec59000 	C:\WINDOWS\System32\KERNEL32.DLL
0x00007ffa2d100000 - 0x00007ffa2d4f7000 	C:\WINDOWS\System32\KERNELBASE.dll
0x00007ffa2c3b0000 - 0x00007ffa2c4fb000 	C:\WINDOWS\System32\ucrtbase.dll
0x00007ff9d38c0000 - 0x00007ff9d38d8000 	C:\Program Files\Eclipse Adoptium\jdk-17.0.18.8-hotspot\bin\jli.dll
0x00007ff9d0a30000 - 0x00007ff9d0a4e000 	C:\Program Files\Eclipse Adoptium\jdk-17.0.18.8-hotspot\bin\VCRUNTIME140.dll
0x00007ffa2e2d0000 - 0x00007ffa2e496000 	C:\WINDOWS\System32\USER32.dll
0x00007ffa0d3e0000 - 0x00007ffa0d672000 	C:\WINDOWS\WinSxS\amd64_microsoft.windows.common-controls_6595b64144ccf1df_6.0.26100.8328_none_3e08182ce334b678\COMCTL32.dll
0x00007ffa2d0d0000 - 0x00007ffa2d0f7000 	C:\WINDOWS\System32\win32u.dll
0x00007ffa2ec60000 - 0x00007ffa2ed09000 	C:\WINDOWS\System32\msvcrt.dll
0x00007ffa2ef10000 - 0x00007ffa2ef3b000 	C:\WINDOWS\System32\GDI32.dll
0x00007ffa2c500000 - 0x00007ffa2c62c000 	C:\WINDOWS\System32\gdi32full.dll
0x00007ffa2c270000 - 0x00007ffa2c313000 	C:\WINDOWS\System32\msvcp_win.dll
0x00007ffa2e190000 - 0x00007ffa2e1c2000 	C:\WINDOWS\System32\IMM32.DLL
0x00007ff9ed7f0000 - 0x00007ff9ed7fc000 	C:\Program Files\Eclipse Adoptium\jdk-17.0.18.8-hotspot\bin\vcruntime140_1.dll
0x00007ff9b8ae0000 - 0x00007ff9b8b6d000 	C:\Program Files\Eclipse Adoptium\jdk-17.0.18.8-hotspot\bin\msvcp140.dll
0x00007ff92b3c0000 - 0x00007ff92c02b000 	C:\Program Files\Eclipse Adoptium\jdk-17.0.18.8-hotspot\bin\server\jvm.dll
0x00007ffa2e4a0000 - 0x00007ffa2e556000 	C:\WINDOWS\System32\ADVAPI32.dll
0x00007ffa2e640000 - 0x00007ffa2e6e7000 	C:\WINDOWS\System32\sechost.dll
0x00007ffa2ef40000 - 0x00007ffa2f058000 	C:\WINDOWS\System32\RPCRT4.dll
0x00007ffa2f6b0000 - 0x00007ffa2f730000 	C:\WINDOWS\System32\WS2_32.dll
0x00007ffa112c0000 - 0x00007ffa112f6000 	C:\WINDOWS\SYSTEM32\WINMM.dll
0x00007ffa2c010000 - 0x00007ffa2c06e000 	C:\WINDOWS\SYSTEM32\POWRPROF.dll
0x00007ffa1dca0000 - 0x00007ffa1dcab000 	C:\WINDOWS\SYSTEM32\VERSION.dll
0x00007ffa2bff0000 - 0x00007ffa2c004000 	C:\WINDOWS\SYSTEM32\UMPDC.dll
0x00007ffa2af40000 - 0x00007ffa2af5b000 	C:\WINDOWS\SYSTEM32\kernel.appcore.dll
0x00007ff9e1d00000 - 0x00007ff9e1d0a000 	C:\Program Files\Eclipse Adoptium\jdk-17.0.18.8-hotspot\bin\jimage.dll
0x00007ffa2a010000 - 0x00007ffa2a252000 	C:\WINDOWS\SYSTEM32\DBGHELP.DLL
0x00007ffa2dd80000 - 0x00007ffa2e103000 	C:\WINDOWS\System32\combase.dll
0x00007ffa2e890000 - 0x00007ffa2e969000 	C:\WINDOWS\System32\OLEAUT32.dll
0x00007ffa004a0000 - 0x00007ffa004db000 	C:\WINDOWS\SYSTEM32\dbgcore.DLL
0x00007ffa2d020000 - 0x00007ffa2d0c8000 	C:\WINDOWS\System32\bcryptPrimitives.dll
0x00007ff9d5710000 - 0x00007ff9d571e000 	C:\Program Files\Eclipse Adoptium\jdk-17.0.18.8-hotspot\bin\instrument.dll
0x00007ff9d0530000 - 0x00007ff9d0555000 	C:\Program Files\Eclipse Adoptium\jdk-17.0.18.8-hotspot\bin\java.dll
0x00007ff96f600000 - 0x00007ff96f6d7000 	C:\Program Files\Eclipse Adoptium\jdk-17.0.18.8-hotspot\bin\jsvml.dll
0x00007ffa2d600000 - 0x00007ffa2dd6e000 	C:\WINDOWS\System32\SHELL32.dll
0x00007ffa2c7b0000 - 0x00007ffa2d01c000 	C:\WINDOWS\System32\windows.storage.dll
0x00007ffa2e1d0000 - 0x00007ffa2e2c6000 	C:\WINDOWS\System32\SHCORE.dll
0x00007ffa2d500000 - 0x00007ffa2d566000 	C:\WINDOWS\System32\shlwapi.dll
0x00007ffa2c0d0000 - 0x00007ffa2c0f9000 	C:\WINDOWS\SYSTEM32\profapi.dll
0x00007ff9d06e0000 - 0x00007ff9d06f8000 	C:\Program Files\Eclipse Adoptium\jdk-17.0.18.8-hotspot\bin\zip.dll
0x00007ff9d05d0000 - 0x00007ff9d05ea000 	C:\Program Files\Eclipse Adoptium\jdk-17.0.18.8-hotspot\bin\net.dll
0x00007ffa23ec0000 - 0x00007ffa23fe9000 	C:\WINDOWS\SYSTEM32\WINHTTP.dll
0x00007ffa2b4b0000 - 0x00007ffa2b51c000 	C:\WINDOWS\system32\mswsock.dll
0x00007ff9c64d0000 - 0x00007ff9c64e6000 	C:\Program Files\Eclipse Adoptium\jdk-17.0.18.8-hotspot\bin\nio.dll
0x00007ff9d2aa0000 - 0x00007ff9d2ab0000 	C:\Program Files\Eclipse Adoptium\jdk-17.0.18.8-hotspot\bin\verify.dll
0x00007ff9dbaf0000 - 0x00007ff9dbb17000 	C:\Users\hp\.gradle\native\1def1411415f61bf3af743bc5b6707747c0891f09f0c88961ee8f79bc544acac\windows-amd64\native-platform.dll
0x00007ff9b3bb0000 - 0x00007ff9b3c27000 	C:\Users\hp\.gradle\native\0.2.8\x86_64-windows-gnu\gradle-fileevents.dll
0x00007ff9d10e0000 - 0x00007ff9d10ea000 	C:\Program Files\Eclipse Adoptium\jdk-17.0.18.8-hotspot\bin\management.dll
0x00007ff9d0e60000 - 0x00007ff9d0e6c000 	C:\Program Files\Eclipse Adoptium\jdk-17.0.18.8-hotspot\bin\management_ext.dll
0x00007ffa2ed10000 - 0x00007ffa2ed18000 	C:\WINDOWS\System32\PSAPI.DLL
0x00007ffa2a960000 - 0x00007ffa2a992000 	C:\WINDOWS\SYSTEM32\IPHLPAPI.DLL
0x00007ffa2ef00000 - 0x00007ffa2ef0a000 	C:\WINDOWS\System32\NSI.dll
0x00007ffa25e70000 - 0x00007ffa25e8d000 	C:\WINDOWS\SYSTEM32\dhcpcsvc6.DLL
0x00007ffa25e40000 - 0x00007ffa25e65000 	C:\WINDOWS\SYSTEM32\dhcpcsvc.DLL
0x00007ffa2aa00000 - 0x00007ffa2ab32000 	C:\WINDOWS\SYSTEM32\DNSAPI.dll
0x00007ff9d0890000 - 0x00007ff9d0899000 	C:\Program Files\Eclipse Adoptium\jdk-17.0.18.8-hotspot\bin\extnet.dll
0x00007ffa2b790000 - 0x00007ffa2b7ab000 	C:\WINDOWS\SYSTEM32\CRYPTSP.dll
0x00007ffa2aea0000 - 0x00007ffa2aed9000 	C:\WINDOWS\system32\rsaenh.dll
0x00007ffa2b560000 - 0x00007ffa2b593000 	C:\WINDOWS\SYSTEM32\USERENV.dll
0x00007ffa2c0a0000 - 0x00007ffa2c0ca000 	C:\WINDOWS\SYSTEM32\bcrypt.dll
0x00007ffa2b7b0000 - 0x00007ffa2b7bc000 	C:\WINDOWS\SYSTEM32\CRYPTBASE.dll
0x00007ff9c8120000 - 0x00007ff9c812e000 	C:\Program Files\Eclipse Adoptium\jdk-17.0.18.8-hotspot\bin\sunmscapi.dll
0x00007ffa2c630000 - 0x00007ffa2c7a8000 	C:\WINDOWS\System32\CRYPT32.dll
0x00007ffa2b9b0000 - 0x00007ffa2b9e0000 	C:\WINDOWS\SYSTEM32\ncrypt.dll
0x00007ffa2b960000 - 0x00007ffa2b99f000 	C:\WINDOWS\SYSTEM32\NTASN1.dll
0x00007ff9b28d0000 - 0x00007ff9b28d8000 	C:\WINDOWS\system32\wshunix.dll
0x00007ffa24140000 - 0x00007ffa2414b000 	C:\Windows\System32\rasadhlp.dll
0x00007ffa26cd0000 - 0x00007ffa26d56000 	C:\WINDOWS\System32\fwpuclnt.dll
0x00007ffa29690000 - 0x00007ffa29730000 	C:\WINDOWS\system32\apphelp.dll
0x00007ffa2b060000 - 0x00007ffa2b096000 	C:\WINDOWS\SYSTEM32\ntmarta.dll

dbghelp: loaded successfully - version: 4.0.5 - missing functions: none
symbol engine: initialized successfully - sym options: 0x614 - pdb path: .;C:\Program Files\Eclipse Adoptium\jdk-17.0.18.8-hotspot\bin;C:\WINDOWS\SYSTEM32;C:\WINDOWS\WinSxS\amd64_microsoft.windows.common-controls_6595b64144ccf1df_6.0.26100.8328_none_3e08182ce334b678;C:\Program Files\Eclipse Adoptium\jdk-17.0.18.8-hotspot\bin\server;C:\Users\hp\.gradle\native\1def1411415f61bf3af743bc5b6707747c0891f09f0c88961ee8f79bc544acac\windows-amd64;C:\Users\hp\.gradle\native\0.2.8\x86_64-windows-gnu

VM Arguments:
jvm_args: --add-opens=java.base/java.lang=ALL-UNNAMED --add-opens=java.base/java.lang.invoke=ALL-UNNAMED --add-opens=java.base/java.util=ALL-UNNAMED --add-opens=java.prefs/java.util.prefs=ALL-UNNAMED --add-exports=jdk.compiler/com.sun.tools.javac.api=ALL-UNNAMED --add-exports=jdk.compiler/com.sun.tools.javac.util=ALL-UNNAMED --add-opens=java.base/java.util=ALL-UNNAMED --add-opens=java.prefs/java.util.prefs=ALL-UNNAMED --add-opens=java.base/java.nio.charset=ALL-UNNAMED --add-opens=java.base/java.net=ALL-UNNAMED --add-opens=java.base/java.util.concurrent=ALL-UNNAMED --add-opens=java.base/java.util.concurrent.atomic=ALL-UNNAMED --add-opens=java.xml/javax.xml.namespace=ALL-UNNAMED -XX:MaxMetaspaceSize=512m --enable-native-access=ALL-UNNAMED -Xmx4096m -Dfile.encoding=UTF-8 -Duser.country=IN -Duser.language=en -Duser.variant -javaagent:C:\Users\hp\.gradle\wrapper\dists\gradle-9.0.0-bin\d6wjpkvcgsg3oed0qlfss3wgl\gradle-9.0.0\lib\agents\gradle-instrumentation-agent-9.0.0.jar 
java_command: org.gradle.launcher.daemon.bootstrap.GradleDaemon 9.0.0
java_class_path (initial): C:\Users\hp\.gradle\wrapper\dists\gradle-9.0.0-bin\d6wjpkvcgsg3oed0qlfss3wgl\gradle-9.0.0\lib\gradle-daemon-main-9.0.0.jar
Launcher Type: SUN_STANDARD

[Global flags]
     intx CICompilerCount                          = 4                                         {product} {ergonomic}
   size_t CompressedClassSpaceSize                 = 436207616                                 {product} {ergonomic}
     uint ConcGCThreads                            = 2                                         {product} {ergonomic}
     uint G1ConcRefinementThreads                  = 8                                         {product} {ergonomic}
   size_t G1HeapRegionSize                         = 2097152                                   {product} {ergonomic}
    uintx GCDrainStackTargetSize                   = 64                                        {product} {ergonomic}
   size_t InitialHeapSize                          = 266338304                                 {product} {ergonomic}
   size_t MarkStackSize                            = 4194304                                   {product} {ergonomic}
   size_t MaxHeapSize                              = 4294967296                                {product} {command line}
   size_t MaxMetaspaceSize                         = 536870912                                 {product} {command line}
   size_t MaxNewSize                               = 2575302656                                {product} {ergonomic}
   size_t MinHeapDeltaBytes                        = 2097152                                   {product} {ergonomic}
   size_t MinHeapSize                              = 8388608                                   {product} {ergonomic}
    uintx NonNMethodCodeHeapSize                   = 5839372                                {pd product} {ergonomic}
    uintx NonProfiledCodeHeapSize                  = 122909434                              {pd product} {ergonomic}
    uintx ProfiledCodeHeapSize                     = 122909434                              {pd product} {ergonomic}
    uintx ReservedCodeCacheSize                    = 251658240                              {pd product} {ergonomic}
     bool SegmentedCodeCache                       = true                                      {product} {ergonomic}
   size_t SoftMaxHeapSize                          = 4294967296                             {manageable} {ergonomic}
     bool UseCompressedClassPointers               = true                           {product lp64_product} {ergonomic}
     bool UseCompressedOops                        = true                           {product lp64_product} {ergonomic}
     bool UseG1GC                                  = true                                      {product} {ergonomic}
     bool UseLargePagesIndividualAllocation        = false                                  {pd product} {ergonomic}

Logging:
Log output configuration:
 #0: stdout all=warning uptime,level,tags
 #1: stderr all=off uptime,level,tags

Environment Variables:
JAVA_HOME=C:\Program Files\Java\jdk-24
PATH=D:\RNProjs\UISApp\GroceryApp\node_modules\.bin;D:\RNProjs\UISApp\GroceryApp\node_modules\.bin;D:\RNProjs\UISApp\node_modules\.bin;D:\RNProjs\node_modules\.bin;D:\node_modules\.bin;C:\Users\hp\AppData\Roaming\npm\node_modules\npm\node_modules\@npmcli\run-script\lib\node-gyp-bin;c:\Users\hp\AppData\Roaming\Code\User\globalStorage\github.copilot-chat\debugCommand;c:\Users\hp\AppData\Roaming\Code\User\globalStorage\github.copilot-chat\copilotCli;C:\Users\hp\AppData\Local\Programs\Microsoft VS Code;C:\Program Files\Eclipse Adoptium\jdk-17.0.18.8-hotspot\bin;C:\Program Files\Microsoft MPI\Bin\;C:\Program Files\Common Files\Oracle\Java\javapath;C:\windows\system32;C:\windows;C:\windows\System32\Wbem;C:\windows\System32\WindowsPowerShell\v1.0\;C:\windows\System32\OpenSSH\;C:\Program Files (x86)\NVIDIA Corporation\PhysX\Common;C:\Program Files\NVIDIA Corporation\NVIDIA NvDLISR;C:\WINDOWS\system32;C:\WINDOWS;C:\WINDOWS\System32\Wbem;C:\WINDOWS\System32\WindowsPowerShell\v1.0\;C:\WINDOWS\System32\OpenSSH\;C:\Program Files\Git\cmd;C:\Program Files\nodejs\;C:\Program Files\Microsoft SQL Server\150\Tools\Binn\;C:\Program Files\Microsoft SQL Server\Client SDK\ODBC\170\Tools\Binn\;C:\Program Files (x86)\Microsoft SQL Server\160\Tools\Binn\;C:\Program Files\Microsoft SQL Server\160\Tools\Binn\;C:\Program Files\Microsoft SQL Server\160\DTS\Binn\;C:\Program Files (x86)\Microsoft SQL Server\160\DTS\Binn\;C:\Program Files\dotnet\;C:\Program Files\GitHub CLI\;C:\Users\hp\AppData\Local\Android\Sdk\platform-tools;C:\Users\hp\AppData\Local\Android\Sdk\emulator;C:\Users\hp\AppData\Local\Microsoft\WindowsApps;C:\Users\hp\AppData\Local\Programs\Microsoft VS Code\bin;C:\Users\hp\AppData\Roaming\npm;C:\Users\hp\.dotnet\tools;C:\Users\hp\AppData\Local\Programs\cursor\resources\app\bin;C:\Users\hp\AppData\Local\Programs\Antigravity\bin
USERNAME=hp
LANG=en_US.UTF-8
OS=Windows_NT
PROCESSOR_IDENTIFIER=Intel64 Family 6 Model 140 Stepping 1, GenuineIntel
TMP=C:\Users\hp\AppData\Local\Temp
TEMP=C:\Users\hp\AppData\Local\Temp



Periodic native trim disabled


---------------  S Y S T E M  ---------------

OS:
 Windows 11 , 64 bit Build 26100 (10.0.26100.8328)
OS uptime: 6 days 8:24 hours
Hyper-V role detected

CPU: total 8 (initial active 8) (4 cores per cpu, 2 threads per core) family 6 model 140 stepping 1 microcode 0xa4, cx8, cmov, fxsr, ht, mmx, 3dnowpref, sse, sse2, sse3, ssse3, sse4.1, sse4.2, popcnt, lzcnt, tsc, tscinvbit, avx, avx2, aes, erms, clmul, bmi1, bmi2, adx, avx512f, avx512dq, avx512cd, avx512bw, avx512vl, sha, fma, vzeroupper, avx512_vpopcntdq, avx512_vpclmulqdq, avx512_vaes, avx512_vnni, clflush, clflushopt, clwb, avx512_vbmi2, avx512_vbmi, hv
Processor Information for all 8 processors :
  Max Mhz: 3302, Current Mhz: 3302, Mhz Limit: 3302

Memory: 4k page, system-wide physical 16129M (613M free)
TotalPageFile size 51321M (AvailPageFile size 536M)
current process WorkingSet (physical memory assigned to process): 1027M, peak: 1240M
current process commit charge ("private bytes"): 1785M, peak: 2445M

vm_info: OpenJDK 64-Bit Server VM (17.0.18+8) for windows-amd64 JRE (17.0.18+8), built on Jan 20 2026 22:28:22 by "admin" with MS VC++ 17.12 (VS2022)

END.
